epoch,time,train/box_loss,train/cls_loss,train/dfl_loss,metrics/precision(B),metrics/recall(B),metrics/mAP50(B),metrics/mAP50-95(B),val/box_loss,val/cls_loss,val/dfl_loss,lr/pg0,lr/pg1,lr/pg2
1,23.4798,1.61346,4.1761,1.59282,0.06544,0.35784,0.09059,0.04732,1.58704,8.76975,1.66464,0.00328638,0.00328638,0.00328638
2,47.7196,1.5544,2.33128,1.54601,0.10666,0.46569,0.12285,0.0611,1.59986,5.48248,1.51231,0.00661316,0.00661316,0.00661316
3,71.6684,1.52774,2.20492,1.51376,0.49463,0.5098,0.50835,0.26916,1.4081,5.28683,1.35552,0.00993334,0.00993334,0.00993334
4,95.6193,1.51167,1.82954,1.49119,0.47818,0.43627,0.42872,0.21099,1.7793,4.40563,1.72636,0.0099703,0.0099703,0.0099703
5,118.993,1.48382,1.71161,1.46348,0.57354,0.51423,0.50493,0.2329,1.67262,23.7104,1.50685,0.0099604,0.0099604,0.0099604
6,142.526,1.51937,1.63578,1.4528,0.39764,0.43137,0.36065,0.14206,1.87354,11.7108,1.74861,0.0099505,0.0099505,0.0099505
7,166.124,1.48439,1.55276,1.4404,0.53142,0.61765,0.59101,0.29913,1.48512,13.1004,1.4208,0.0099406,0.0099406,0.0099406
8,190.433,1.45425,1.57095,1.41996,0.605,0.5,0.58103,0.329,1.42563,3.3019,1.42286,0.0099307,0.0099307,0.0099307
9,214.594,1.46604,1.47418,1.41183,0.50209,0.40534,0.42511,0.21139,1.74874,4.51134,1.8159,0.0099208,0.0099208,0.0099208
10,238.264,1.45396,1.4171,1.41957,0.81548,0.41163,0.57061,0.31066,1.6079,2.78508,1.58093,0.0099109,0.0099109,0.0099109
11,261.906,1.44126,1.45168,1.42303,0.52912,0.57843,0.5587,0.27249,1.63238,6.47494,1.60588,0.009901,0.009901,0.009901
12,285.636,1.42831,1.40672,1.40093,0.60669,0.68627,0.69905,0.38904,1.43143,12.1791,1.34299,0.0098911,0.0098911,0.0098911
13,309.985,1.38213,1.3647,1.37678,0.71146,0.70104,0.7482,0.41535,1.34548,13.8711,1.27414,0.0098812,0.0098812,0.0098812
14,334.413,1.37496,1.32963,1.36577,0.68594,0.7402,0.75181,0.38238,1.55959,10.2174,1.45121,0.0098713,0.0098713,0.0098713
15,358.107,1.38059,1.34651,1.32649,0.65786,0.62745,0.68667,0.39892,1.29618,7.23677,1.26365,0.0098614,0.0098614,0.0098614
16,381.779,1.35872,1.22209,1.35123,0.70743,0.56863,0.67185,0.3907,1.37056,2.2072,1.31652,0.0098515,0.0098515,0.0098515
17,405.592,1.35808,1.26386,1.35182,0.69845,0.62255,0.70538,0.38458,1.50659,7.31774,1.41174,0.0098416,0.0098416,0.0098416
18,429.358,1.37533,1.24022,1.36264,0.74725,0.63725,0.74737,0.44126,1.32286,4.35889,1.31152,0.0098317,0.0098317,0.0098317
19,453.745,1.35004,1.28181,1.35916,0.58013,0.2451,0.24622,0.11006,1.57274,4.2212,1.4944,0.0098218,0.0098218,0.0098218
20,477.546,1.35961,1.25391,1.35607,0.67496,0.67183,0.71234,0.37692,1.5233,2.67152,1.52148,0.0098119,0.0098119,0.0098119
21,501.355,1.35176,1.21513,1.3499,0.72144,0.76471,0.80097,0.41801,1.55589,8.20784,1.43788,0.009802,0.009802,0.009802
22,525.204,1.34452,1.25038,1.36172,0.72325,0.71741,0.75067,0.4132,1.43759,4.51176,1.44727,0.0097921,0.0097921,0.0097921
23,548.978,1.33522,1.22099,1.3541,0.78834,0.75,0.84114,0.48867,1.27389,6.04713,1.24281,0.0097822,0.0097822,0.0097822
24,573.424,1.3049,1.17601,1.33026,0.75897,0.71569,0.79394,0.45965,1.40351,8.4816,1.40584,0.0097723,0.0097723,0.0097723
25,597.215,1.28527,1.10152,1.28476,0.80554,0.65686,0.75006,0.43235,1.38717,1.95656,1.33418,0.0097624,0.0097624,0.0097624
26,621.184,1.29362,1.1458,1.31354,0.6994,0.75,0.80523,0.45907,1.30144,2.35517,1.25782,0.0097525,0.0097525,0.0097525
27,645.357,1.30598,1.13758,1.31962,0.7914,0.7451,0.82254,0.47929,1.22874,7.57498,1.23141,0.0097426,0.0097426,0.0097426
28,669.129,1.29326,1.1121,1.31322,0.79132,0.69608,0.79785,0.47093,1.35727,1.83133,1.29585,0.0097327,0.0097327,0.0097327
29,692.685,1.29955,1.1746,1.31333,0.83114,0.7451,0.83866,0.48621,1.30479,2.6379,1.26894,0.0097228,0.0097228,0.0097228
30,715.929,1.30116,1.16082,1.31087,0.78594,0.77451,0.83895,0.47527,1.45352,4.14923,1.35943,0.0097129,0.0097129,0.0097129
31,740.662,1.30377,1.13033,1.3074,0.77886,0.72514,0.81868,0.46888,1.32409,2.90223,1.30209,0.009703,0.009703,0.009703
32,764.636,1.26313,1.09047,1.30265,0.84301,0.72059,0.84128,0.48971,1.35403,3.2231,1.33399,0.0096931,0.0096931,0.0096931
33,789.754,1.26662,1.068,1.28226,0.8105,0.7338,0.82992,0.50451,1.29918,3.59184,1.25165,0.0096832,0.0096832,0.0096832
34,814.033,1.26021,1.06651,1.29327,0.66304,0.75236,0.77822,0.44873,1.32151,3.31962,1.31125,0.0096733,0.0096733,0.0096733
35,837.817,1.2291,1.06167,1.26861,0.73617,0.7451,0.80489,0.45958,1.38451,4.49872,1.31881,0.0096634,0.0096634,0.0096634
36,861.63,1.25704,1.04975,1.28978,0.75704,0.78922,0.83509,0.49634,1.27458,2.85768,1.24928,0.0096535,0.0096535,0.0096535
37,885.425,1.22999,1.07331,1.26027,0.80228,0.73593,0.84241,0.48157,1.3231,3.77749,1.28975,0.0096436,0.0096436,0.0096436
38,909.19,1.165,1.00214,1.23217,0.86411,0.74808,0.8653,0.4933,1.29129,2.31934,1.26728,0.0096337,0.0096337,0.0096337
39,932.929,1.25088,1.04999,1.28017,0.8106,0.78431,0.83741,0.48507,1.31886,5.96706,1.29117,0.0096238,0.0096238,0.0096238
40,956.722,1.2352,1.00265,1.25027,0.77528,0.8456,0.85964,0.51132,1.34852,5.39405,1.30337,0.0096139,0.0096139,0.0096139
41,981.104,1.20939,1.05475,1.2581,0.81366,0.76961,0.85955,0.49783,1.28756,3.07774,1.24627,0.009604,0.009604,0.009604
42,1004.88,1.21318,1.03047,1.25535,0.88101,0.72549,0.8659,0.51763,1.28547,2.53974,1.23558,0.0095941,0.0095941,0.0095941
43,1029.26,1.19469,1.00131,1.24346,0.82646,0.7402,0.85325,0.50142,1.235,3.43102,1.23875,0.0095842,0.0095842,0.0095842
44,1052.96,1.18619,0.99432,1.2534,0.82286,0.79697,0.85802,0.48533,1.29278,2.47096,1.28298,0.0095743,0.0095743,0.0095743
45,1076.74,1.2097,0.96296,1.25733,0.79124,0.76176,0.81102,0.46476,1.34865,2.02164,1.29719,0.0095644,0.0095644,0.0095644
46,1100.53,1.15346,0.9451,1.22465,0.87736,0.77941,0.87329,0.52106,1.23314,2.96764,1.21835,0.0095545,0.0095545,0.0095545
47,1124.84,1.19181,1.02786,1.23807,0.74545,0.80882,0.82737,0.48444,1.3396,5.11601,1.27201,0.0095446,0.0095446,0.0095446
48,1148.48,1.17457,0.94283,1.22129,0.80574,0.81331,0.86913,0.50952,1.26483,3.33326,1.20868,0.0095347,0.0095347,0.0095347
49,1172.21,1.15227,0.94068,1.20765,0.75034,0.81029,0.81497,0.47876,1.26117,4.76403,1.25419,0.0095248,0.0095248,0.0095248
50,1195.99,1.15517,0.98025,1.22657,0.87691,0.7451,0.8808,0.52081,1.22018,3.4141,1.21797,0.0095149,0.0095149,0.0095149
51,1220.35,1.14683,0.91643,1.20368,0.84341,0.76566,0.8658,0.50887,1.26013,2.93194,1.21652,0.009505,0.009505,0.009505
52,1244,1.156,0.94462,1.22664,0.80437,0.82635,0.87214,0.52804,1.20903,4.13132,1.21424,0.0094951,0.0094951,0.0094951
53,1268.29,1.1541,0.91552,1.21978,0.75326,0.78922,0.82168,0.49575,1.27422,5.08636,1.2717,0.0094852,0.0094852,0.0094852
54,1291.98,1.14279,0.97284,1.2205,0.75204,0.82843,0.84707,0.49979,1.27811,3.44764,1.26748,0.0094753,0.0094753,0.0094753
55,1315.67,1.14627,0.93223,1.21543,0.84307,0.79003,0.87266,0.5112,1.41176,3.53569,1.31565,0.0094654,0.0094654,0.0094654
56,1339.39,1.13015,0.90683,1.2075,0.78925,0.771,0.84798,0.50411,1.23154,3.06973,1.23174,0.0094555,0.0094555,0.0094555
57,1363.15,1.13788,0.90275,1.20673,0.7973,0.78922,0.85083,0.50044,1.27446,3.04409,1.29053,0.0094456,0.0094456,0.0094456
58,1386.85,1.14824,0.91723,1.21061,0.81247,0.7433,0.84315,0.50205,1.248,4.1807,1.28243,0.0094357,0.0094357,0.0094357
59,1410.48,1.10658,0.89625,1.18767,0.76706,0.78431,0.82501,0.48998,1.27095,5.42762,1.24596,0.0094258,0.0094258,0.0094258
60,1434.18,1.10073,0.93062,1.18848,0.79565,0.83333,0.86601,0.5095,1.32566,2.2514,1.29275,0.0094159,0.0094159,0.0094159
61,1457.91,1.10741,0.88257,1.178,0.79803,0.83284,0.865,0.5199,1.2551,5.10972,1.2251,0.009406,0.009406,0.009406
62,1481.65,1.1008,0.87153,1.19162,0.79735,0.83824,0.87589,0.51153,1.25267,3.28608,1.23408,0.0093961,0.0093961,0.0093961
63,1505.31,1.06699,0.87519,1.16639,0.85568,0.79412,0.88033,0.52083,1.23311,3.57813,1.23595,0.0093862,0.0093862,0.0093862
64,1529.01,1.07377,0.83852,1.17676,0.82093,0.76406,0.86095,0.51074,1.25108,7.13936,1.24568,0.0093763,0.0093763,0.0093763
65,1552.73,1.12098,0.87875,1.20493,0.82658,0.79441,0.84478,0.50064,1.23182,2.48437,1.24344,0.0093664,0.0093664,0.0093664
66,1576.35,1.08138,0.86806,1.18273,0.80234,0.80882,0.84474,0.50273,1.2662,6.31063,1.26936,0.0093565,0.0093565,0.0093565
67,1600.11,1.09561,0.88691,1.17888,0.81629,0.78922,0.82881,0.49084,1.34237,4.78278,1.2894,0.0093466,0.0093466,0.0093466
68,1623.8,1.0574,0.82193,1.15685,0.80738,0.77451,0.82968,0.48314,1.34529,5.03952,1.2769,0.0093367,0.0093367,0.0093367
69,1647.52,1.07227,0.86657,1.16928,0.80679,0.79832,0.8242,0.45745,1.37093,4.03251,1.26706,0.0093268,0.0093268,0.0093268
70,1671.18,1.11982,0.87932,1.18764,0.75748,0.85742,0.85087,0.52155,1.38251,6.35417,1.29328,0.0093169,0.0093169,0.0093169
71,1694.75,1.11945,0.87473,1.21213,0.83921,0.82353,0.89137,0.55447,1.26055,3.81351,1.22911,0.009307,0.009307,0.009307
72,1719.15,1.04528,0.84063,1.17736,0.78983,0.82353,0.85016,0.5173,1.27345,5.7263,1.24731,0.0092971,0.0092971,0.0092971
73,1742.97,1.06399,0.84701,1.16994,0.76957,0.75308,0.82718,0.5025,1.26535,7.20383,1.25358,0.0092872,0.0092872,0.0092872
74,1766.65,1.05998,0.8553,1.17844,0.84995,0.7598,0.85727,0.51425,1.31118,1.78905,1.30566,0.0092773,0.0092773,0.0092773
75,1790.33,1.07117,0.83512,1.16141,0.79592,0.80392,0.86555,0.52446,1.28215,6.03003,1.2552,0.0092674,0.0092674,0.0092674
76,1813.98,1.07338,0.87757,1.17907,0.82775,0.80882,0.86639,0.52862,1.27508,2.8934,1.257,0.0092575,0.0092575,0.0092575
77,1837.66,1.04863,0.8255,1.1585,0.77695,0.78431,0.84245,0.48817,1.26538,11.8477,1.24094,0.0092476,0.0092476,0.0092476
78,1861.34,1.07087,0.8371,1.16681,0.84386,0.75,0.86539,0.49894,1.34916,1.44252,1.26905,0.0092377,0.0092377,0.0092377
79,1885,1.05148,0.83627,1.1589,0.81523,0.86515,0.85265,0.49044,1.50001,4.58048,1.38,0.0092278,0.0092278,0.0092278
80,1908.59,1.0574,0.82932,1.16133,0.75178,0.79902,0.85983,0.52512,1.20624,4.59019,1.19544,0.0092179,0.0092179,0.0092179
81,1932.27,1.01832,0.80274,1.14087,0.78523,0.86275,0.88539,0.51689,1.31703,3.21448,1.28164,0.009208,0.009208,0.009208
82,1955.96,1.01733,0.77884,1.13082,0.82536,0.78767,0.86781,0.52771,1.29473,2.84878,1.28605,0.0091981,0.0091981,0.0091981
83,1979.65,1.00588,0.78885,1.12993,0.86826,0.80772,0.89099,0.53641,1.21993,2.39739,1.23162,0.0091882,0.0091882,0.0091882
84,2003.3,1.0197,0.79995,1.14698,0.78393,0.79902,0.85999,0.52394,1.25458,4.45845,1.26634,0.0091783,0.0091783,0.0091783
85,2027.02,1.00413,0.78385,1.13685,0.80791,0.76284,0.81915,0.48784,1.28838,3.73547,1.28387,0.0091684,0.0091684,0.0091684
86,2050.64,1.00708,0.77578,1.12937,0.89002,0.75374,0.87465,0.54297,1.23363,1.45608,1.2378,0.0091585,0.0091585,0.0091585
87,2074.28,1.00321,0.75328,1.12108,0.81157,0.86765,0.86387,0.52334,1.24067,3.54644,1.25579,0.0091486,0.0091486,0.0091486
88,2097.98,1.02234,0.81527,1.16079,0.76795,0.82843,0.84321,0.50932,1.21441,3.69605,1.26561,0.0091387,0.0091387,0.0091387
89,2121.62,0.9974,0.79199,1.12392,0.76032,0.77451,0.79481,0.48097,1.29097,2.90791,1.26618,0.0091288,0.0091288,0.0091288
90,2145.27,1.01824,0.80194,1.14053,0.79678,0.80882,0.83455,0.50671,1.25254,2.37525,1.23205,0.0091189,0.0091189,0.0091189
91,2168.88,0.98756,0.78385,1.11461,0.82689,0.84804,0.86508,0.52352,1.23204,4.05676,1.19789,0.009109,0.009109,0.009109
92,2192.55,0.97255,0.74502,1.1081,0.84033,0.77397,0.8656,0.53693,1.2211,3.15363,1.22323,0.0090991,0.0090991,0.0090991
93,2216.21,0.97088,0.77531,1.10717,0.83115,0.75,0.81743,0.49607,1.28814,3.87199,1.27874,0.0090892,0.0090892,0.0090892
94,2239.87,0.99191,0.77694,1.10994,0.84461,0.79902,0.87448,0.53255,1.2568,2.09978,1.24858,0.0090793,0.0090793,0.0090793
95,2263.53,0.95404,0.76323,1.09639,0.84213,0.75834,0.86818,0.54575,1.15134,3.94996,1.19285,0.0090694,0.0090694,0.0090694
96,2287.28,0.97112,0.74524,1.09716,0.83021,0.82353,0.8598,0.52939,1.24396,3.97351,1.25081,0.0090595,0.0090595,0.0090595
97,2310.93,0.9879,0.78788,1.12488,0.85791,0.79909,0.8705,0.54776,1.26968,2.84902,1.23516,0.0090496,0.0090496,0.0090496
98,2334.6,0.96027,0.7476,1.11408,0.80357,0.84804,0.8624,0.52838,1.2717,3.35137,1.25653,0.0090397,0.0090397,0.0090397
99,2358.26,0.95217,0.72735,1.09282,0.76384,0.82447,0.8511,0.53391,1.22901,2.16565,1.22425,0.0090298,0.0090298,0.0090298
100,2381.99,0.95131,0.73227,1.09848,0.80879,0.82353,0.83057,0.4878,1.27301,3.58592,1.29065,0.0090199,0.0090199,0.0090199
101,2405.6,0.9749,0.72936,1.10792,0.83652,0.80267,0.85893,0.52324,1.22851,1.81838,1.24341,0.00901,0.00901,0.00901
102,2429.33,0.96321,0.73962,1.10311,0.79364,0.8295,0.86199,0.53084,1.26762,5.15901,1.30346,0.0090001,0.0090001,0.0090001
103,2453.02,0.93985,0.73744,1.10396,0.81478,0.84314,0.876,0.53874,1.23026,2.91779,1.23065,0.0089902,0.0089902,0.0089902
104,2476.67,0.95144,0.73363,1.10289,0.8581,0.81863,0.88011,0.53005,1.27867,2.8798,1.27815,0.0089803,0.0089803,0.0089803
105,2500.35,0.96185,0.74947,1.11313,0.80335,0.85784,0.88399,0.53816,1.22963,2.11419,1.24255,0.0089704,0.0089704,0.0089704
106,2523.96,0.99156,0.7598,1.13082,0.8312,0.83824,0.86275,0.53584,1.23829,3.92591,1.2604,0.0089605,0.0089605,0.0089605
107,2547.53,0.89889,0.71588,1.08107,0.83575,0.76471,0.87326,0.52694,1.22583,2.29745,1.24736,0.0089506,0.0089506,0.0089506
108,2571.22,0.91173,0.70934,1.09529,0.83508,0.80882,0.83418,0.50503,1.27081,4.80717,1.27114,0.0089407,0.0089407,0.0089407
109,2594.89,0.91359,0.6893,1.08281,0.86914,0.81395,0.87919,0.51034,1.3159,2.92788,1.31252,0.0089308,0.0089308,0.0089308
110,2618.49,0.92182,0.69636,1.07975,0.812,0.82353,0.86222,0.5378,1.29018,3.9416,1.29801,0.0089209,0.0089209,0.0089209
111,2642.15,0.92041,0.69303,1.07998,0.84591,0.7451,0.85854,0.51562,1.28352,2.21106,1.25497,0.008911,0.008911,0.008911
112,2665.78,0.91486,0.69426,1.09159,0.86007,0.77941,0.87808,0.54321,1.23153,2.96993,1.2325,0.0089011,0.0089011,0.0089011
113,2689.48,0.89677,0.70025,1.07656,0.82901,0.78431,0.86349,0.5251,1.2145,3.72833,1.24488,0.0088912,0.0088912,0.0088912
114,2713.09,0.93571,0.73107,1.09446,0.89321,0.77898,0.86175,0.51202,1.22055,2.66206,1.23221,0.0088813,0.0088813,0.0088813
115,2736.78,0.90701,0.68776,1.07344,0.85963,0.81053,0.86555,0.53262,1.2252,4.72603,1.26864,0.0088714,0.0088714,0.0088714
116,2760.47,0.929,0.69384,1.09441,0.84835,0.83824,0.8813,0.54044,1.24705,3.46715,1.24406,0.0088615,0.0088615,0.0088615
117,2784.15,0.90273,0.67738,1.07435,0.83966,0.7958,0.86435,0.53956,1.25597,3.34913,1.25287,0.0088516,0.0088516,0.0088516
118,2807.79,0.8581,0.6452,1.05097,0.81405,0.82843,0.85283,0.51988,1.26931,4.33013,1.27815,0.0088417,0.0088417,0.0088417
119,2831.46,0.88363,0.6729,1.06013,0.83254,0.82862,0.88,0.56131,1.18047,3.18527,1.21486,0.0088318,0.0088318,0.0088318
120,2855.85,0.88568,0.6829,1.08697,0.87053,0.82403,0.88794,0.5537,1.24495,3.93611,1.22474,0.0088219,0.0088219,0.0088219
121,2879.74,0.90944,0.69183,1.09186,0.82017,0.84804,0.87859,0.54017,1.24993,2.93896,1.23056,0.008812,0.008812,0.008812
122,2904.23,0.88813,0.67371,1.06667,0.84409,0.79412,0.87282,0.54135,1.23476,2.57558,1.24486,0.0088021,0.0088021,0.0088021
123,2929.07,0.87853,0.68676,1.05563,0.83942,0.81863,0.84813,0.50888,1.2651,4.90656,1.27478,0.0087922,0.0087922,0.0087922
124,2953.46,0.89577,0.67566,1.09065,0.82654,0.81863,0.85795,0.53076,1.2432,4.009,1.27699,0.0087823,0.0087823,0.0087823
125,2977.61,0.89689,0.69969,1.07623,0.86254,0.76961,0.86581,0.54017,1.26805,4.74789,1.25324,0.0087724,0.0087724,0.0087724
126,3001.6,0.89793,0.68926,1.08762,0.81796,0.76961,0.82616,0.51676,1.17327,5.25139,1.18894,0.0087625,0.0087625,0.0087625
127,3025.58,0.86221,0.67767,1.05667,0.8541,0.79902,0.8695,0.53989,1.15711,2.67111,1.17866,0.0087526,0.0087526,0.0087526
128,3049.69,0.86095,0.64757,1.0482,0.86592,0.82353,0.87274,0.5464,1.23172,2.84569,1.23504,0.0087427,0.0087427,0.0087427
129,3073.77,0.8683,0.66382,1.0686,0.86669,0.82862,0.85498,0.53501,1.23353,5.0572,1.23914,0.0087328,0.0087328,0.0087328
130,3097.83,0.83251,0.63208,1.05245,0.83014,0.83333,0.87172,0.55382,1.23517,3.27885,1.249,0.0087229,0.0087229,0.0087229
131,3121.78,0.86138,0.67182,1.05407,0.85407,0.80392,0.86386,0.53718,1.22641,2.9403,1.24569,0.008713,0.008713,0.008713
132,3145.79,0.86125,0.63631,1.04582,0.85429,0.79412,0.85764,0.52179,1.22811,3.41443,1.23728,0.0087031,0.0087031,0.0087031
133,3169.81,0.88297,0.68387,1.0662,0.80917,0.81065,0.85745,0.52999,1.14943,3.30968,1.18265,0.0086932,0.0086932,0.0086932
134,3193.83,0.87156,0.65879,1.05752,0.78697,0.85294,0.87288,0.54069,1.22444,3.42167,1.26003,0.0086833,0.0086833,0.0086833
135,3217.93,0.85664,0.65344,1.07021,0.89011,0.71473,0.86091,0.53638,1.17565,2.71339,1.22879,0.0086734,0.0086734,0.0086734
136,3241.98,0.86428,0.63356,1.05607,0.86418,0.84804,0.89543,0.56142,1.16834,3.80918,1.23615,0.0086635,0.0086635,0.0086635
137,3266.77,0.86241,0.6398,1.06512,0.83722,0.81863,0.86975,0.54751,1.24744,3.07839,1.23719,0.0086536,0.0086536,0.0086536
138,3290.74,0.8539,0.65227,1.04531,0.83297,0.77941,0.86463,0.55355,1.21072,3.08945,1.23885,0.0086437,0.0086437,0.0086437
139,3314.75,0.85521,0.66474,1.05229,0.82621,0.84314,0.866,0.54014,1.25412,3.57081,1.25665,0.0086338,0.0086338,0.0086338
140,3339.07,0.81258,0.62886,1.0352,0.83957,0.82843,0.86913,0.54538,1.32731,2.87528,1.28883,0.0086239,0.0086239,0.0086239
141,3363.68,0.85434,0.62883,1.05156,0.82235,0.82353,0.8321,0.52473,1.21458,3.72831,1.23317,0.008614,0.008614,0.008614
142,3387.97,0.84654,0.62202,1.05519,0.79547,0.88235,0.86965,0.56044,1.19425,2.80006,1.22016,0.0086041,0.0086041,0.0086041
143,3412.01,0.82216,0.61524,1.03867,0.80522,0.85294,0.88247,0.56049,1.24563,2.60904,1.26398,0.0085942,0.0085942,0.0085942
144,3436.14,0.83898,0.6373,1.05149,0.82394,0.78001,0.85396,0.53748,1.2466,3.03315,1.23222,0.0085843,0.0085843,0.0085843
145,3460.28,0.82065,0.6114,1.02407,0.85215,0.81863,0.88936,0.55244,1.20517,2.45912,1.23235,0.0085744,0.0085744,0.0085744
146,3484.36,0.84596,0.66096,1.05128,0.86207,0.8272,0.89568,0.57061,1.21557,1.90377,1.22586,0.0085645,0.0085645,0.0085645
147,3509.04,0.82595,0.67622,1.05289,0.79106,0.82843,0.84616,0.5442,1.16185,2.3466,1.21072,0.0085546,0.0085546,0.0085546
148,3533.12,0.82379,0.64979,1.04005,0.87811,0.74162,0.85842,0.54494,1.17705,3.45887,1.21228,0.0085447,0.0085447,0.0085447
149,3557.15,0.82236,0.63497,1.03437,0.79913,0.81863,0.86402,0.53934,1.14835,3.6371,1.19226,0.0085348,0.0085348,0.0085348
150,3581.2,0.81467,0.64161,1.03528,0.80878,0.81863,0.85793,0.54387,1.20073,2.93016,1.23637,0.0085249,0.0085249,0.0085249
151,3605.27,0.81174,0.62131,1.02757,0.82541,0.78797,0.85306,0.54825,1.17546,3.21726,1.2271,0.008515,0.008515,0.008515
152,3629.33,0.80799,0.61075,1.0302,0.80333,0.84098,0.87507,0.5488,1.21443,3.03886,1.25935,0.0085051,0.0085051,0.0085051
153,3653.35,0.82949,0.64405,1.04243,0.84269,0.76154,0.84893,0.54585,1.266,3.51579,1.2638,0.0084952,0.0084952,0.0084952
154,3677.37,0.8217,0.6347,1.03811,0.84876,0.77451,0.8649,0.55862,1.21371,3.44536,1.22442,0.0084853,0.0084853,0.0084853
155,3701.41,0.81745,0.6268,1.0265,0.80508,0.81373,0.86945,0.55691,1.15903,3.81296,1.20158,0.0084754,0.0084754,0.0084754
156,3725.42,0.8069,0.61056,1.0255,0.80928,0.84314,0.8729,0.56203,1.20738,5.04066,1.23089,0.0084655,0.0084655,0.0084655
157,3749.46,0.80132,0.59537,1.0329,0.83058,0.80392,0.83298,0.53109,1.21388,3.33535,1.2312,0.0084556,0.0084556,0.0084556
158,3773.44,0.79171,0.59167,1.02709,0.82729,0.81373,0.86724,0.54625,1.23829,3.86177,1.26011,0.0084457,0.0084457,0.0084457
159,3797.47,0.79422,0.60508,1.0308,0.83461,0.84314,0.87159,0.54673,1.2823,3.14265,1.28903,0.0084358,0.0084358,0.0084358
160,3821.54,0.78699,0.59455,1.0165,0.81108,0.84182,0.8825,0.57553,1.14602,3.41857,1.18002,0.0084259,0.0084259,0.0084259
161,3846.21,0.79105,0.59364,1.0326,0.77276,0.81863,0.86134,0.54338,1.27596,4.36036,1.26319,0.008416,0.008416,0.008416
162,3870.22,0.77762,0.59752,1.00749,0.82538,0.83411,0.85462,0.5366,1.18172,5.27867,1.23634,0.0084061,0.0084061,0.0084061
163,3894.21,0.77646,0.62068,1.01633,0.83343,0.83391,0.87835,0.5488,1.20616,2.70609,1.24422,0.0083962,0.0083962,0.0083962
164,3918.3,0.79794,0.59493,1.02218,0.79745,0.86847,0.86777,0.5338,1.17384,6.06632,1.20679,0.0083863,0.0083863,0.0083863
165,3942.4,0.763,0.5818,1.01062,0.79613,0.87745,0.88703,0.56566,1.20305,3.18111,1.22345,0.0083764,0.0083764,0.0083764
166,3966.56,0.77048,0.57945,1.00544,0.86969,0.80392,0.8841,0.56423,1.22664,3.8306,1.29718,0.0083665,0.0083665,0.0083665
167,3990.67,0.77268,0.56378,1.00484,0.81561,0.84565,0.87693,0.55469,1.19255,4.6696,1.26323,0.0083566,0.0083566,0.0083566
168,4014.74,0.78078,0.58822,1.02087,0.83315,0.85784,0.88901,0.5544,1.18753,1.46926,1.22244,0.0083467,0.0083467,0.0083467
169,4038.87,0.79918,0.61676,1.03177,0.83912,0.81814,0.89003,0.56315,1.21702,1.61982,1.24129,0.0083368,0.0083368,0.0083368
170,4063,0.80727,0.61738,1.03554,0.86412,0.79412,0.87625,0.55405,1.2278,2.76196,1.26159,0.0083269,0.0083269,0.0083269
171,4087.14,0.80335,0.60432,1.02615,0.8378,0.81021,0.89171,0.5537,1.16963,3.63638,1.24151,0.008317,0.008317,0.008317
172,4111.31,0.77233,0.57997,1.01853,0.82272,0.79902,0.85522,0.54789,1.18219,3.48119,1.24333,0.0083071,0.0083071,0.0083071
173,4135.44,0.78011,0.58718,1.01189,0.84592,0.82353,0.85588,0.54147,1.1501,3.14785,1.22188,0.0082972,0.0082972,0.0082972
174,4159.6,0.75435,0.59403,1.00851,0.82976,0.81238,0.88476,0.56527,1.20302,4.04791,1.23388,0.0082873,0.0082873,0.0082873
175,4183.74,0.77101,0.59044,1.00867,0.83991,0.82353,0.89135,0.57257,1.19243,2.4,1.27103,0.0082774,0.0082774,0.0082774
176,4207.88,0.75233,0.5872,1.00417,0.83729,0.84314,0.87458,0.54657,1.1619,3.73567,1.23273,0.0082675,0.0082675,0.0082675
177,4232.45,0.74607,0.57786,0.99908,0.84779,0.84804,0.89209,0.55653,1.18985,2.60156,1.28701,0.0082576,0.0082576,0.0082576
178,4256.29,0.77723,0.60454,1.01108,0.875,0.76961,0.87173,0.56682,1.18171,3.4896,1.25299,0.0082477,0.0082477,0.0082477
179,4280.13,0.7745,0.60833,1.01027,0.87095,0.82711,0.87242,0.54857,1.17669,2.35872,1.25606,0.0082378,0.0082378,0.0082378
180,4303.89,0.73698,0.54935,0.99267,0.90778,0.79412,0.87879,0.5547,1.2283,2.15994,1.27298,0.0082279,0.0082279,0.0082279
181,4327.7,0.74724,0.55947,0.99345,0.86021,0.85784,0.89238,0.56585,1.2062,2.0979,1.28768,0.008218,0.008218,0.008218
182,4351.43,0.73329,0.54728,0.98526,0.82607,0.83814,0.88703,0.57631,1.13349,3.26065,1.22317,0.0082081,0.0082081,0.0082081
183,4375.77,0.74956,0.56857,0.99382,0.81348,0.83377,0.88887,0.57286,1.21287,2.97385,1.24075,0.0081982,0.0081982,0.0081982
184,4399.58,0.71603,0.55362,0.98371,0.83572,0.82291,0.88166,0.54721,1.21015,2.73074,1.26968,0.0081883,0.0081883,0.0081883
185,4423.28,0.77298,0.57153,1.01502,0.85849,0.80291,0.8856,0.56493,1.272,2.10669,1.27765,0.0081784,0.0081784,0.0081784
186,4447.06,0.75086,0.57525,0.99995,0.86848,0.81373,0.86924,0.54827,1.22283,2.06374,1.24611,0.0081685,0.0081685,0.0081685
187,4470.83,0.74355,0.57435,0.99176,0.9022,0.78922,0.87731,0.53295,1.22081,2.3117,1.23827,0.0081586,0.0081586,0.0081586
188,4494.56,0.73808,0.54792,0.99772,0.85226,0.76347,0.87043,0.54436,1.23344,3.3125,1.26674,0.0081487,0.0081487,0.0081487
189,4518.37,0.75976,0.55996,1.00367,0.83757,0.80884,0.87371,0.55181,1.22711,1.95461,1.2886,0.0081388,0.0081388,0.0081388
190,4542.11,0.73179,0.56092,0.98825,0.85142,0.85784,0.88276,0.54826,1.25798,1.70367,1.31883,0.0081289,0.0081289,0.0081289
191,4565.79,0.73663,0.56762,0.98839,0.78683,0.86275,0.86625,0.54251,1.22512,3.84981,1.28814,0.008119,0.008119,0.008119
192,4589.4,0.71699,0.53103,0.98353,0.84279,0.79412,0.85572,0.5555,1.20163,2.87427,1.27115,0.0081091,0.0081091,0.0081091
193,4612.95,0.74945,0.57881,0.99552,0.83641,0.81373,0.8548,0.55524,1.19987,1.46002,1.25318,0.0080992,0.0080992,0.0080992
194,4636.37,0.74361,0.54053,0.99324,0.87355,0.7789,0.86673,0.54476,1.25906,1.49746,1.29899,0.0080893,0.0080893,0.0080893
195,4659.9,0.7307,0.55031,0.99341,0.8422,0.81105,0.87776,0.57185,1.23738,1.56345,1.26867,0.0080794,0.0080794,0.0080794
196,4683.44,0.72776,0.54216,0.97811,0.75807,0.85294,0.81976,0.52677,1.21258,3.275,1.26959,0.0080695,0.0080695,0.0080695
197,4706.98,0.7574,0.56985,1.01476,0.79933,0.83962,0.87306,0.55771,1.22896,3.44548,1.27023,0.0080596,0.0080596,0.0080596
198,4730.55,0.74318,0.55503,1.00262,0.84099,0.85556,0.88031,0.54351,1.22151,3.15249,1.29197,0.0080497,0.0080497,0.0080497
199,4754.1,0.69962,0.50832,0.96778,0.81902,0.81373,0.86743,0.54459,1.19797,2.59569,1.24771,0.0080398,0.0080398,0.0080398
200,4777.62,0.70345,0.54071,0.97834,0.8303,0.7915,0.84143,0.54349,1.14869,2.8609,1.25236,0.0080299,0.0080299,0.0080299
201,4801.17,0.71102,0.52374,0.97397,0.8449,0.82782,0.87147,0.563,1.24782,3.7168,1.31874,0.00802,0.00802,0.00802
202,4824.67,0.71478,0.55658,0.99292,0.88341,0.82353,0.8833,0.55886,1.24145,3.1928,1.31476,0.0080101,0.0080101,0.0080101
203,4848.18,0.72605,0.56006,0.99254,0.8182,0.8163,0.85903,0.54798,1.21377,2.27865,1.25499,0.0080002,0.0080002,0.0080002
204,4871.75,0.70709,0.52994,0.97296,0.86644,0.82353,0.86875,0.5578,1.16862,3.34891,1.25737,0.0079903,0.0079903,0.0079903
205,4895.29,0.6991,0.52114,0.98249,0.82463,0.81863,0.8474,0.54567,1.2237,3.20598,1.29347,0.0079804,0.0079804,0.0079804
206,4918.81,0.70866,0.54778,0.98879,0.87836,0.80882,0.87104,0.56975,1.20508,2.45536,1.27437,0.0079705,0.0079705,0.0079705
207,4942.36,0.70969,0.56099,0.98854,0.82632,0.87255,0.88326,0.55664,1.22263,3.99676,1.28686,0.0079606,0.0079606,0.0079606
208,4965.89,0.72405,0.54478,0.99159,0.85131,0.81373,0.86219,0.55121,1.18398,2.70995,1.25966,0.0079507,0.0079507,0.0079507
209,4989.37,0.68707,0.53128,0.96471,0.85847,0.80882,0.85403,0.5541,1.22839,2.48184,1.28506,0.0079408,0.0079408,0.0079408
210,5012.88,0.72175,0.52731,0.99136,0.81134,0.84314,0.86941,0.56997,1.34316,2.65723,1.34289,0.0079309,0.0079309,0.0079309
211,5036.43,0.71814,0.55533,0.99242,0.85662,0.76148,0.85902,0.56228,1.22846,2.32135,1.2778,0.007921,0.007921,0.007921
212,5060.02,0.68947,0.52874,0.97306,0.82736,0.82843,0.86157,0.55802,1.18616,3.26976,1.27092,0.0079111,0.0079111,0.0079111
213,5083.6,0.71523,0.54847,0.9834,0.85883,0.80882,0.86897,0.56124,1.2124,3.16143,1.2817,0.0079012,0.0079012,0.0079012
214,5107.18,0.69681,0.51535,0.97449,0.83236,0.84314,0.87243,0.55467,1.20225,2.37753,1.27906,0.0078913,0.0078913,0.0078913
215,5130.73,0.6972,0.5282,0.9652,0.87895,0.81861,0.88868,0.56612,1.19691,1.8075,1.25773,0.0078814,0.0078814,0.0078814
216,5154.26,0.68653,0.51087,0.97104,0.84719,0.82353,0.86498,0.56197,1.20068,2.73102,1.25134,0.0078715,0.0078715,0.0078715
217,5177.78,0.71093,0.55978,0.97481,0.89025,0.78431,0.86479,0.56817,1.21429,2.0535,1.24524,0.0078616,0.0078616,0.0078616
218,5201.41,0.68988,0.51376,0.97441,0.89914,0.78661,0.87147,0.56682,1.24561,2.00795,1.29992,0.0078517,0.0078517,0.0078517
219,5224.92,0.6888,0.52082,0.96978,0.89432,0.82962,0.88797,0.57684,1.25878,2.02829,1.34236,0.0078418,0.0078418,0.0078418
220,5249.15,0.69189,0.50774,0.97863,0.80448,0.87255,0.88729,0.57417,1.16016,2.01429,1.24303,0.0078319,0.0078319,0.0078319
221,5272.66,0.69934,0.5363,0.97389,0.87735,0.82353,0.88956,0.56005,1.25882,2.05896,1.30067,0.007822,0.007822,0.007822
222,5296.18,0.70126,0.52873,0.98592,0.83873,0.84128,0.88028,0.56829,1.23251,2.60886,1.26537,0.0078121,0.0078121,0.0078121
223,5319.69,0.70473,0.5129,0.98022,0.86592,0.86275,0.85536,0.5552,1.26184,2.6435,1.33443,0.0078022,0.0078022,0.0078022
224,5343.18,0.67602,0.52447,0.96648,0.83912,0.85294,0.88369,0.58226,1.23343,2.24425,1.28079,0.0077923,0.0077923,0.0077923
225,5367.28,0.70008,0.5392,0.9822,0.86701,0.79902,0.86568,0.57703,1.14745,1.94697,1.23546,0.0077824,0.0077824,0.0077824
226,5390.79,0.65306,0.50015,0.95656,0.84603,0.83333,0.85831,0.55679,1.19219,4.32176,1.28745,0.0077725,0.0077725,0.0077725
227,5414.3,0.67528,0.53863,0.97134,0.86576,0.79902,0.86327,0.55433,1.21867,4.49722,1.27903,0.0077626,0.0077626,0.0077626
228,5437.82,0.68741,0.52354,0.96299,0.77032,0.83824,0.85885,0.56263,1.21993,2.43075,1.26174,0.0077527,0.0077527,0.0077527
229,5461.29,0.688,0.5415,0.96536,0.85955,0.78431,0.86033,0.56474,1.15898,2.22662,1.21658,0.0077428,0.0077428,0.0077428
230,5484.84,0.6849,0.51754,0.96264,0.85299,0.80882,0.83766,0.55232,1.14664,2.3491,1.22509,0.0077329,0.0077329,0.0077329
231,5508.39,0.6672,0.49934,0.95253,0.83967,0.78431,0.8406,0.53987,1.18741,3.53328,1.24274,0.007723,0.007723,0.007723
232,5531.92,0.64665,0.51096,0.94821,0.82984,0.7889,0.85149,0.55715,1.21816,3.50988,1.24325,0.0077131,0.0077131,0.0077131
233,5555.45,0.65077,0.50314,0.94862,0.83784,0.81046,0.86483,0.56106,1.17087,2.34281,1.22036,0.0077032,0.0077032,0.0077032
234,5579.23,0.6874,0.50246,0.97645,0.83261,0.80463,0.83827,0.54224,1.20349,3.17577,1.23565,0.0076933,0.0076933,0.0076933
235,5602.71,0.67421,0.50379,0.96733,0.87089,0.81373,0.84713,0.54555,1.1863,3.80528,1.22626,0.0076834,0.0076834,0.0076834
236,5626.19,0.67979,0.50123,0.95917,0.88589,0.82843,0.8686,0.56273,1.19035,2.2309,1.25006,0.0076735,0.0076735,0.0076735
237,5649.71,0.67589,0.49684,0.96313,0.8782,0.81863,0.85265,0.56926,1.15803,3.49449,1.21942,0.0076636,0.0076636,0.0076636
238,5673.21,0.67997,0.52229,0.96861,0.85472,0.80751,0.8477,0.56493,1.15837,2.69921,1.2263,0.0076537,0.0076537,0.0076537
239,5696.62,0.66513,0.5262,0.97578,0.82573,0.81373,0.84282,0.54716,1.17825,2.72954,1.23633,0.0076438,0.0076438,0.0076438
240,5719.99,0.67485,0.50595,0.96529,0.84383,0.81373,0.85624,0.5705,1.13126,4.10702,1.2,0.0076339,0.0076339,0.0076339
241,5743.4,0.66871,0.5075,0.96344,0.87995,0.79051,0.85661,0.56807,1.14495,2.05111,1.20385,0.007624,0.007624,0.007624
242,5766.8,0.67393,0.5241,0.96886,0.86387,0.80883,0.85152,0.57027,1.1622,3.72902,1.21912,0.0076141,0.0076141,0.0076141
243,5790.28,0.64177,0.47713,0.94811,0.81918,0.84804,0.85895,0.57353,1.21209,5.15304,1.25775,0.0076042,0.0076042,0.0076042
244,5813.65,0.6668,0.49503,0.96822,0.85808,0.81373,0.87017,0.58244,1.16464,2.94101,1.24072,0.0075943,0.0075943,0.0075943
245,5836.99,0.66018,0.48466,0.95279,0.88389,0.78363,0.86956,0.58905,1.1868,2.56253,1.24321,0.0075844,0.0075844,0.0075844
246,5861.04,0.67002,0.5173,0.97041,0.88917,0.78654,0.8659,0.57649,1.16311,2.26101,1.2331,0.0075745,0.0075745,0.0075745
247,5884.46,0.67803,0.52697,0.97592,0.85938,0.80884,0.85968,0.56881,1.19827,2.43288,1.24575,0.0075646,0.0075646,0.0075646
248,5907.88,0.65612,0.49423,0.94505,0.81567,0.86275,0.85858,0.55721,1.19523,4.61405,1.27059,0.0075547,0.0075547,0.0075547
249,5931.31,0.68321,0.50816,0.96643,0.80809,0.85294,0.87318,0.58918,1.15848,4.77255,1.24794,0.0075448,0.0075448,0.0075448
250,5955.4,0.64117,0.47706,0.94258,0.81197,0.82353,0.84168,0.56677,1.16952,6.36699,1.23101,0.0075349,0.0075349,0.0075349
251,5978.8,0.63507,0.47462,0.94682,0.79948,0.83333,0.85992,0.56857,1.19793,3.65557,1.26788,0.007525,0.007525,0.007525
252,6002.25,0.67813,0.53013,0.97475,0.92051,0.76471,0.87256,0.55437,1.23178,2.90991,1.29016,0.0075151,0.0075151,0.0075151
253,6025.7,0.63883,0.48986,0.94433,0.84101,0.85571,0.88541,0.58371,1.19755,2.21739,1.25089,0.0075052,0.0075052,0.0075052
254,6049.17,0.6507,0.49004,0.95738,0.84586,0.80882,0.88253,0.58506,1.20715,2.46091,1.28635,0.0074953,0.0074953,0.0074953
255,6072.61,0.67059,0.51504,0.97364,0.81033,0.85865,0.8791,0.58155,1.2177,3.40823,1.27105,0.0074854,0.0074854,0.0074854
256,6096.11,0.66227,0.50326,0.96861,0.86819,0.81863,0.87801,0.58491,1.13995,2.01008,1.21335,0.0074755,0.0074755,0.0074755
257,6119.61,0.64033,0.47746,0.95154,0.78157,0.85947,0.88154,0.57772,1.15123,1.71755,1.21831,0.0074656,0.0074656,0.0074656
258,6143.07,0.66712,0.50635,0.95597,0.85216,0.80392,0.87205,0.57618,1.19906,2.83493,1.27423,0.0074557,0.0074557,0.0074557
259,6166.55,0.63503,0.48784,0.95534,0.82732,0.80392,0.87193,0.57857,1.20116,2.49457,1.28286,0.0074458,0.0074458,0.0074458
260,6190.04,0.62693,0.47145,0.94616,0.80434,0.8665,0.86669,0.56454,1.22569,3.16401,1.30062,0.0074359,0.0074359,0.0074359
261,6213.5,0.64928,0.48965,0.95918,0.83439,0.83969,0.87617,0.58846,1.26766,2.30119,1.31809,0.007426,0.007426,0.007426
262,6237,0.63924,0.49134,0.94373,0.77245,0.86765,0.8677,0.58561,1.26216,2.66111,1.31425,0.0074161,0.0074161,0.0074161
263,6260.46,0.65101,0.48659,0.95223,0.81379,0.81405,0.86678,0.57131,1.24987,1.5584,1.30443,0.0074062,0.0074062,0.0074062
264,6284,0.6372,0.49622,0.95264,0.85548,0.8125,0.87904,0.5833,1.22181,1.60255,1.27192,0.0073963,0.0073963,0.0073963
265,6307.49,0.62652,0.47806,0.94443,0.85648,0.8191,0.87199,0.57585,1.20651,2.36511,1.27418,0.0073864,0.0073864,0.0073864
266,6330.99,0.62669,0.47408,0.94059,0.82353,0.84641,0.86181,0.57511,1.22815,3.03927,1.30214,0.0073765,0.0073765,0.0073765
267,6354.53,0.65212,0.49926,0.95344,0.86793,0.77451,0.85743,0.56603,1.22053,3.01437,1.30474,0.0073666,0.0073666,0.0073666
268,6378.17,0.64298,0.48414,0.95573,0.87638,0.79412,0.8609,0.56771,1.21634,3.47283,1.30267,0.0073567,0.0073567,0.0073567
269,6402.46,0.63116,0.47392,0.9503,0.85322,0.82843,0.86619,0.5579,1.19786,2.26042,1.29005,0.0073468,0.0073468,0.0073468
270,6426.29,0.64514,0.48536,0.96351,0.78723,0.83824,0.8415,0.53025,1.18483,2.73396,1.25624,0.0073369,0.0073369,0.0073369
271,6449.38,0.61646,0.48282,0.93994,0.7908,0.84314,0.8449,0.54134,1.18893,1.62953,1.27913,0.007327,0.007327,0.007327
272,6472.6,0.63434,0.4786,0.96159,0.82811,0.84804,0.8547,0.54822,1.25212,1.98767,1.29301,0.0073171,0.0073171,0.0073171
273,6496.6,0.6232,0.48357,0.94095,0.85259,0.82219,0.85985,0.5671,1.20703,1.86059,1.2774,0.0073072,0.0073072,0.0073072
274,6520.21,0.60714,0.47663,0.9322,0.87562,0.81863,0.86913,0.56543,1.2197,3.09123,1.27927,0.0072973,0.0072973,0.0072973
275,6543.28,0.62343,0.47576,0.9494,0.89643,0.78922,0.8746,0.57716,1.22497,3.63339,1.30738,0.0072874,0.0072874,0.0072874
276,6566.36,0.6125,0.46533,0.94461,0.86349,0.81373,0.87902,0.59709,1.24032,3.7095,1.31279,0.0072775,0.0072775,0.0072775
277,6589.97,0.61398,0.45791,0.93736,0.85746,0.82353,0.877,0.58294,1.28878,3.4624,1.34066,0.0072676,0.0072676,0.0072676
278,6613.03,0.63285,0.49405,0.94673,0.88349,0.78431,0.87383,0.58267,1.27124,3.55154,1.32447,0.0072577,0.0072577,0.0072577
279,6636.07,0.63152,0.47525,0.93919,0.84277,0.81863,0.85522,0.56499,1.22934,3.08976,1.29432,0.0072478,0.0072478,0.0072478
280,6659.12,0.64898,0.50374,0.95979,0.83689,0.80485,0.87478,0.57398,1.23429,2.53699,1.29593,0.0072379,0.0072379,0.0072379
281,6682.21,0.60934,0.47679,0.94222,0.86236,0.76961,0.86347,0.57371,1.18752,3.6709,1.26701,0.007228,0.007228,0.007228
282,6705.25,0.62902,0.47819,0.94975,0.78981,0.84729,0.86289,0.57045,1.22441,2.47415,1.27406,0.0072181,0.0072181,0.0072181
283,6728.31,0.6103,0.4559,0.93077,0.81771,0.82353,0.86831,0.58098,1.16962,3.19882,1.23125,0.0072082,0.0072082,0.0072082
284,6751.49,0.62062,0.47072,0.94608,0.89489,0.75,0.86627,0.57649,1.19693,4.01695,1.24681,0.0071983,0.0071983,0.0071983
285,6774.63,0.62827,0.48325,0.95294,0.85719,0.79442,0.87302,0.57736,1.21637,2.24227,1.27968,0.0071884,0.0071884,0.0071884
286,6797.73,0.61678,0.47254,0.94649,0.84778,0.80882,0.87971,0.58691,1.20084,2.62951,1.26574,0.0071785,0.0071785,0.0071785
287,6820.78,0.60896,0.46524,0.93573,0.80556,0.84314,0.8577,0.57515,1.18922,3.79685,1.25153,0.0071686,0.0071686,0.0071686
288,6843.89,0.61142,0.4787,0.9377,0.82141,0.81166,0.84899,0.56002,1.1813,3.36821,1.24771,0.0071587,0.0071587,0.0071587
289,6867,0.61495,0.46495,0.93864,0.81267,0.80808,0.84142,0.54459,1.24559,3.50313,1.29236,0.0071488,0.0071488,0.0071488
290,6890.09,0.59767,0.45469,0.93359,0.81569,0.84608,0.86097,0.56319,1.1759,3.33734,1.24594,0.0071389,0.0071389,0.0071389
291,6913.17,0.61193,0.48843,0.94559,0.79854,0.79666,0.85202,0.5621,1.1884,2.1966,1.24476,0.007129,0.007129,0.007129
292,6936.32,0.60226,0.45145,0.93443,0.8503,0.80882,0.87667,0.58229,1.20038,3.49337,1.24609,0.0071191,0.0071191,0.0071191
293,6959.37,0.60508,0.46587,0.93461,0.87015,0.80882,0.88406,0.58427,1.2604,2.83397,1.34301,0.0071092,0.0071092,0.0071092
294,6982.46,0.59061,0.45149,0.92347,0.83957,0.83333,0.88584,0.58836,1.23241,2.01429,1.3367,0.0070993,0.0070993,0.0070993
295,7005.53,0.61584,0.45731,0.94345,0.82021,0.84977,0.88911,0.59107,1.23641,1.76936,1.29549,0.0070894,0.0070894,0.0070894
296,7028.64,0.60285,0.45816,0.9402,0.84326,0.81373,0.87619,0.58016,1.18759,2.07044,1.25921,0.0070795,0.0070795,0.0070795
297,7051.7,0.61278,0.45359,0.93763,0.80636,0.83694,0.8584,0.5828,1.19317,2.38469,1.25056,0.0070696,0.0070696,0.0070696
298,7074.78,0.60564,0.44655,0.93758,0.86588,0.78922,0.86082,0.57954,1.22165,3.26792,1.26458,0.0070597,0.0070597,0.0070597
299,7097.86,0.5995,0.45957,0.93446,0.89129,0.80378,0.86877,0.5723,1.21844,2.38945,1.27557,0.0070498,0.0070498,0.0070498
300,7120.97,0.60113,0.45599,0.93432,0.84441,0.77451,0.84367,0.56237,1.19818,3.13082,1.26804,0.0070399,0.0070399,0.0070399
301,7144.04,0.61493,0.48817,0.95079,0.829,0.78425,0.83224,0.55298,1.16022,2.70544,1.25665,0.00703,0.00703,0.00703
302,7167.07,0.61386,0.48075,0.94497,0.8527,0.76961,0.85214,0.56582,1.18876,2.37584,1.27498,0.0070201,0.0070201,0.0070201
303,7190.16,0.59685,0.46873,0.92317,0.81437,0.83868,0.86653,0.57296,1.23465,2.39115,1.30509,0.0070102,0.0070102,0.0070102
304,7213.29,0.59409,0.43861,0.93522,0.80086,0.85784,0.87314,0.57886,1.24199,2.01167,1.29436,0.0070003,0.0070003,0.0070003
305,7236.36,0.59507,0.44302,0.93361,0.87019,0.82151,0.88081,0.58745,1.24546,1.94916,1.31047,0.0069904,0.0069904,0.0069904
306,7259.43,0.56875,0.43614,0.91665,0.83702,0.83079,0.87372,0.57864,1.20042,2.42191,1.27253,0.0069805,0.0069805,0.0069805
307,7282.51,0.59524,0.44981,0.93125,0.82819,0.81863,0.83207,0.55003,1.24817,2.49731,1.31973,0.0069706,0.0069706,0.0069706
308,7305.73,0.586,0.46651,0.92952,0.84362,0.78922,0.84669,0.56415,1.28209,2.20098,1.33473,0.0069607,0.0069607,0.0069607
309,7328.83,0.58162,0.4473,0.91541,0.81718,0.83333,0.84762,0.55817,1.25829,2.39298,1.3289,0.0069508,0.0069508,0.0069508
310,7351.89,0.58833,0.45777,0.93082,0.84494,0.80882,0.86681,0.57573,1.22006,2.0739,1.29589,0.0069409,0.0069409,0.0069409
311,7375,0.61328,0.46743,0.9426,0.89241,0.76471,0.87528,0.58739,1.21104,1.77966,1.28796,0.006931,0.006931,0.006931
312,7398.05,0.59771,0.46762,0.94252,0.83758,0.82353,0.87072,0.58275,1.13779,1.01844,1.26253,0.0069211,0.0069211,0.0069211
313,7421.17,0.59148,0.46013,0.92437,0.82408,0.82843,0.86957,0.5904,1.12877,1.19404,1.23251,0.0069112,0.0069112,0.0069112
314,7444.25,0.58865,0.43847,0.92568,0.8052,0.851,0.87455,0.59514,1.13049,2.03074,1.2166,0.0069013,0.0069013,0.0069013
315,7467.3,0.58681,0.4361,0.92647,0.82746,0.85784,0.87646,0.60317,1.13662,2.34391,1.22315,0.0068914,0.0068914,0.0068914
316,7491.06,0.57685,0.42428,0.92688,0.85342,0.82769,0.88605,0.61103,1.16517,2.10066,1.23566,0.0068815,0.0068815,0.0068815
317,7514.84,0.57888,0.44107,0.91431,0.87011,0.82843,0.88897,0.619,1.15043,2.74378,1.23512,0.0068716,0.0068716,0.0068716
318,7538.63,0.59016,0.45084,0.9275,0.85116,0.84101,0.87894,0.59405,1.17729,2.53363,1.25962,0.0068617,0.0068617,0.0068617
319,7561.79,0.59393,0.45679,0.93472,0.86463,0.82353,0.89042,0.59205,1.15147,2.58617,1.24424,0.0068518,0.0068518,0.0068518
320,7584.92,0.58598,0.43355,0.93134,0.82343,0.84583,0.86686,0.58389,1.17676,2.79023,1.2496,0.0068419,0.0068419,0.0068419
321,7607.97,0.5968,0.45473,0.92906,0.89816,0.77819,0.85816,0.58757,1.16162,2.40322,1.23544,0.006832,0.006832,0.006832
322,7631.06,0.58528,0.45328,0.93391,0.84236,0.81204,0.8787,0.59706,1.19792,2.01231,1.25773,0.0068221,0.0068221,0.0068221
323,7654.13,0.57001,0.42912,0.92155,0.83422,0.81373,0.88442,0.60186,1.21181,1.91113,1.28898,0.0068122,0.0068122,0.0068122
324,7677.32,0.57964,0.44973,0.92066,0.85154,0.82843,0.88949,0.60609,1.19377,1.8557,1.26241,0.0068023,0.0068023,0.0068023
325,7700.39,0.60141,0.46498,0.93742,0.83435,0.83824,0.86513,0.58925,1.21541,2.37201,1.27041,0.0067924,0.0067924,0.0067924
326,7723.52,0.58681,0.44227,0.92203,0.85674,0.82085,0.8673,0.59533,1.19479,1.97765,1.25149,0.0067825,0.0067825,0.0067825
327,7746.61,0.59528,0.45461,0.93938,0.87103,0.80882,0.86317,0.58607,1.2034,1.87613,1.25825,0.0067726,0.0067726,0.0067726
328,7769.74,0.56565,0.42411,0.91838,0.81537,0.84314,0.86138,0.59529,1.15824,1.79985,1.24364,0.0067627,0.0067627,0.0067627
329,7792.93,0.57228,0.44008,0.92729,0.84053,0.85261,0.88788,0.60782,1.14844,1.92355,1.22279,0.0067528,0.0067528,0.0067528
330,7816.08,0.56714,0.43286,0.92196,0.83419,0.81387,0.88427,0.60306,1.16596,2.04599,1.2324,0.0067429,0.0067429,0.0067429
331,7839.22,0.58846,0.4487,0.9326,0.81956,0.83333,0.87608,0.59953,1.14496,2.73723,1.22578,0.006733,0.006733,0.006733
332,7862.38,0.58073,0.44396,0.92861,0.85138,0.83333,0.88997,0.59359,1.13146,2.9241,1.2216,0.0067231,0.0067231,0.0067231
333,7885.46,0.56211,0.43417,0.92119,0.81428,0.83823,0.8874,0.60192,1.14493,2.79998,1.2142,0.0067132,0.0067132,0.0067132
334,7908.72,0.57372,0.45196,0.92388,0.82951,0.79412,0.88116,0.59271,1.12209,1.3369,1.20532,0.0067033,0.0067033,0.0067033
335,7931.83,0.57307,0.44204,0.93095,0.80313,0.83989,0.88816,0.60332,1.14732,1.43229,1.22214,0.0066934,0.0066934,0.0066934
336,7955.03,0.58091,0.43416,0.9257,0.7752,0.83824,0.88022,0.6022,1.19545,2.04344,1.24232,0.0066835,0.0066835,0.0066835
337,7978.1,0.56988,0.44799,0.9201,0.87292,0.7451,0.88029,0.59805,1.21319,1.66983,1.24736,0.0066736,0.0066736,0.0066736
338,8001.26,0.57028,0.43365,0.92333,0.81283,0.80392,0.89095,0.6123,1.16658,1.59603,1.22875,0.0066637,0.0066637,0.0066637
339,8024.35,0.57234,0.43608,0.92182,0.79552,0.86275,0.88524,0.60506,1.18279,2.20823,1.24546,0.0066538,0.0066538,0.0066538
340,8047.51,0.55503,0.41137,0.90999,0.85003,0.83333,0.88957,0.60382,1.21747,1.72058,1.27415,0.0066439,0.0066439,0.0066439
341,8070.65,0.581,0.46492,0.93625,0.83072,0.83333,0.87809,0.59713,1.18638,1.9563,1.25027,0.006634,0.006634,0.006634
342,8093.77,0.5682,0.44762,0.91768,0.82572,0.83613,0.88466,0.6027,1.19676,1.64202,1.25006,0.0066241,0.0066241,0.0066241
343,8116.93,0.56703,0.42977,0.91882,0.82281,0.83824,0.88662,0.60441,1.20838,2.21578,1.26965,0.0066142,0.0066142,0.0066142
344,8140.08,0.56274,0.43773,0.91834,0.8216,0.83527,0.88248,0.60444,1.19435,2.66804,1.25177,0.0066043,0.0066043,0.0066043
345,8163.2,0.55483,0.42622,0.90402,0.82452,0.84314,0.86954,0.59406,1.16564,2.23045,1.23268,0.0065944,0.0065944,0.0065944
346,8186.34,0.55969,0.42836,0.91913,0.80808,0.85784,0.86735,0.59508,1.17177,2.16317,1.23947,0.0065845,0.0065845,0.0065845
347,8209.36,0.55976,0.43463,0.92362,0.83144,0.8463,0.86836,0.5988,1.15101,1.70012,1.22704,0.0065746,0.0065746,0.0065746
348,8232.54,0.55301,0.42977,0.91934,0.82684,0.84262,0.87681,0.60497,1.14635,1.40358,1.2189,0.0065647,0.0065647,0.0065647
349,8255.72,0.56232,0.43046,0.91003,0.82897,0.85784,0.87275,0.59187,1.1391,1.49133,1.20326,0.0065548,0.0065548,0.0065548
350,8278.91,0.56984,0.41947,0.9211,0.82004,0.83824,0.871,0.59804,1.12553,1.14829,1.21537,0.0065449,0.0065449,0.0065449
351,8302,0.56798,0.43384,0.92986,0.8411,0.80882,0.86809,0.5889,1.13241,1.58039,1.22572,0.006535,0.006535,0.006535
352,8325.17,0.56728,0.44286,0.92346,0.82593,0.83732,0.88078,0.59768,1.13038,1.7558,1.2279,0.0065251,0.0065251,0.0065251
353,8348.3,0.57178,0.4345,0.92159,0.8507,0.83792,0.88516,0.59514,1.12842,1.97879,1.25512,0.0065152,0.0065152,0.0065152
354,8371.49,0.54135,0.42319,0.90087,0.84088,0.84804,0.89511,0.60511,1.0878,2.00922,1.2413,0.0065053,0.0065053,0.0065053
355,8394.59,0.55655,0.431,0.92178,0.87009,0.82081,0.88619,0.60971,1.0679,2.21198,1.24658,0.0064954,0.0064954,0.0064954
356,8417.78,0.56655,0.43052,0.92134,0.82766,0.82843,0.8843,0.60385,1.14285,2.47708,1.26955,0.0064855,0.0064855,0.0064855
357,8440.94,0.56015,0.43517,0.90749,0.84691,0.81373,0.88232,0.6039,1.12222,2.07929,1.24804,0.0064756,0.0064756,0.0064756
358,8464.07,0.55317,0.41798,0.91455,0.84201,0.80989,0.87144,0.60599,1.11214,2.14058,1.22902,0.0064657,0.0064657,0.0064657
359,8487.23,0.58003,0.43725,0.9334,0.84722,0.81549,0.88677,0.6058,1.17035,2.11852,1.24296,0.0064558,0.0064558,0.0064558
360,8510.4,0.56599,0.42264,0.91818,0.85019,0.83456,0.89562,0.61379,1.1875,1.49661,1.25058,0.0064459,0.0064459,0.0064459
361,8533.55,0.54079,0.40617,0.91016,0.84539,0.85769,0.89723,0.6089,1.17924,1.07146,1.2384,0.006436,0.006436,0.006436
362,8556.76,0.55005,0.42228,0.92111,0.86229,0.82353,0.88676,0.60625,1.17171,1.04155,1.24356,0.0064261,0.0064261,0.0064261
363,8579.83,0.5327,0.40013,0.9062,0.89917,0.78684,0.87784,0.6055,1.16309,1.17106,1.24797,0.0064162,0.0064162,0.0064162
364,8602.98,0.54028,0.41532,0.90263,0.85873,0.80451,0.88079,0.60898,1.15941,0.98524,1.25536,0.0064063,0.0064063,0.0064063
365,8626.07,0.56594,0.43993,0.92718,0.84198,0.80882,0.88121,0.60624,1.18786,1.08299,1.26338,0.0063964,0.0063964,0.0063964
366,8649.28,0.55727,0.42948,0.93072,0.89266,0.77451,0.88412,0.60457,1.18611,1.39986,1.26637,0.0063865,0.0063865,0.0063865
367,8672.39,0.55627,0.42258,0.90683,0.83156,0.84701,0.8766,0.59374,1.17758,2.22323,1.26535,0.0063766,0.0063766,0.0063766
368,8695.55,0.56009,0.42298,0.91394,0.84699,0.81408,0.88166,0.59468,1.1458,1.72832,1.24912,0.0063667,0.0063667,0.0063667
369,8718.61,0.53453,0.41463,0.91697,0.81669,0.85174,0.88093,0.59132,1.15699,1.90188,1.24024,0.0063568,0.0063568,0.0063568
370,8741.78,0.55058,0.41164,0.92243,0.83364,0.84314,0.88605,0.59642,1.16209,1.87971,1.23523,0.0063469,0.0063469,0.0063469
371,8764.82,0.54342,0.41925,0.91356,0.8359,0.84804,0.89683,0.60111,1.17452,1.88894,1.24854,0.006337,0.006337,0.006337
372,8788.05,0.55823,0.42873,0.92711,0.83264,0.84804,0.89653,0.5983,1.1697,1.31543,1.25927,0.0063271,0.0063271,0.0063271
373,8811.16,0.54925,0.42384,0.91298,0.8588,0.81373,0.88611,0.60024,1.17128,1.26481,1.27031,0.0063172,0.0063172,0.0063172
374,8834.41,0.54005,0.41983,0.91337,0.89407,0.80882,0.89671,0.60137,1.16991,1.56162,1.27282,0.0063073,0.0063073,0.0063073
375,8857.48,0.53613,0.41828,0.91197,0.90137,0.80641,0.89922,0.6062,1.16839,1.83007,1.29076,0.0062974,0.0062974,0.0062974
376,8880.62,0.53485,0.40591,0.905,0.88358,0.80392,0.89986,0.6019,1.16967,2.11641,1.30623,0.0062875,0.0062875,0.0062875
377,8903.76,0.5466,0.41151,0.91772,0.87577,0.79483,0.89623,0.60633,1.18173,2.02555,1.29452,0.0062776,0.0062776,0.0062776
378,8926.97,0.5509,0.40607,0.91389,0.86406,0.8101,0.8888,0.60647,1.17722,1.78486,1.28314,0.0062677,0.0062677,0.0062677
379,8950.08,0.53797,0.4111,0.91043,0.86917,0.8467,0.89019,0.60195,1.1807,1.53731,1.27594,0.0062578,0.0062578,0.0062578
380,8973.2,0.56399,0.44106,0.92915,0.89316,0.78431,0.88943,0.60467,1.18849,1.26998,1.28883,0.0062479,0.0062479,0.0062479
381,8996.37,0.52967,0.40649,0.90144,0.81466,0.84314,0.88683,0.59948,1.18355,1.35433,1.2706,0.006238,0.006238,0.006238
382,9019.53,0.55173,0.42561,0.91075,0.83515,0.84437,0.88546,0.59131,1.19349,1.48773,1.27681,0.0062281,0.0062281,0.0062281
383,9042.65,0.54146,0.4137,0.90816,0.83766,0.85294,0.88485,0.59249,1.16713,1.62746,1.24638,0.0062182,0.0062182,0.0062182
384,9065.84,0.52501,0.40474,0.91317,0.84701,0.83824,0.88986,0.59891,1.17951,1.52806,1.2649,0.0062083,0.0062083,0.0062083
385,9088.9,0.5251,0.40113,0.91608,0.81897,0.83333,0.87805,0.59476,1.19385,1.17728,1.30362,0.0061984,0.0061984,0.0061984
386,9112.1,0.52443,0.41088,0.9015,0.82117,0.85537,0.88598,0.59528,1.20906,1.04736,1.30283,0.0061885,0.0061885,0.0061885
387,9135.19,0.51965,0.39812,0.90666,0.84524,0.85675,0.89875,0.60204,1.23389,1.21117,1.31454,0.0061786,0.0061786,0.0061786
388,9158.39,0.51111,0.3855,0.90829,0.84858,0.80882,0.87715,0.59368,1.2942,1.77807,1.33158,0.0061687,0.0061687,0.0061687
389,9181.54,0.51791,0.3955,0.89737,0.8397,0.82353,0.88199,0.59877,1.28473,2.13317,1.32702,0.0061588,0.0061588,0.0061588
390,9204.77,0.53489,0.41664,0.90615,0.82884,0.8783,0.89575,0.61073,1.1844,2.14844,1.27575,0.0061489,0.0061489,0.0061489
391,9227.86,0.53653,0.41232,0.91385,0.85086,0.811,0.88662,0.60846,1.18589,2.07032,1.26729,0.006139,0.006139,0.006139
392,9251.01,0.52539,0.396,0.908,0.84115,0.84314,0.88442,0.59729,1.17683,2.27464,1.26448,0.0061291,0.0061291,0.0061291
393,9274.19,0.51595,0.39793,0.90533,0.81542,0.84456,0.87249,0.6005,1.14957,2.0305,1.2558,0.0061192,0.0061192,0.0061192
394,9297.35,0.53818,0.40616,0.90962,0.81985,0.82353,0.87089,0.60162,1.14292,1.24552,1.24701,0.0061093,0.0061093,0.0061093
395,9320.46,0.52875,0.40611,0.91096,0.80719,0.85784,0.8786,0.60546,1.11594,1.90567,1.22152,0.0060994,0.0060994,0.0060994
396,9343.69,0.52827,0.40851,0.90687,0.81854,0.84026,0.88621,0.61352,1.14092,1.97604,1.23541,0.0060895,0.0060895,0.0060895
397,9366.92,0.52844,0.40076,0.906,0.84001,0.84931,0.88341,0.60271,1.17891,2.18091,1.26908,0.0060796,0.0060796,0.0060796
398,9390.03,0.53211,0.40199,0.90677,0.8714,0.86765,0.89182,0.60755,1.21249,2.06453,1.30108,0.0060697,0.0060697,0.0060697
399,9413.13,0.52503,0.40045,0.90582,0.88277,0.84314,0.89378,0.60736,1.23581,1.90987,1.31387,0.0060598,0.0060598,0.0060598
400,9436.35,0.50357,0.39159,0.89605,0.85409,0.82843,0.88243,0.6051,1.22285,1.64856,1.31029,0.0060499,0.0060499,0.0060499
401,9459.53,0.52729,0.42988,0.92193,0.87525,0.80882,0.8805,0.60334,1.1905,1.80137,1.29599,0.00604,0.00604,0.00604
402,9482.74,0.5067,0.38852,0.89923,0.89344,0.81863,0.88512,0.60428,1.19434,1.83388,1.28593,0.0060301,0.0060301,0.0060301
403,9505.9,0.50559,0.38989,0.90804,0.87989,0.83333,0.88607,0.60565,1.18057,1.35532,1.27783,0.0060202,0.0060202,0.0060202
404,9529.18,0.52985,0.42134,0.91256,0.86371,0.83879,0.88245,0.60228,1.20535,1.13675,1.28799,0.0060103,0.0060103,0.0060103
405,9552.3,0.50631,0.37552,0.89456,0.87379,0.81453,0.87972,0.59521,1.21418,1.00931,1.29525,0.0060004,0.0060004,0.0060004
406,9575.57,0.50753,0.3938,0.89813,0.86649,0.83333,0.87791,0.59674,1.24242,0.9727,1.33578,0.0059905,0.0059905,0.0059905
407,9598.7,0.50489,0.39431,0.89977,0.83873,0.81579,0.86788,0.59056,1.2384,0.96881,1.3444,0.0059806,0.0059806,0.0059806
408,9621.94,0.50632,0.38826,0.90313,0.84055,0.83824,0.87481,0.59633,1.24343,1.0807,1.34336,0.0059707,0.0059707,0.0059707
409,9645.14,0.53175,0.39912,0.91101,0.85742,0.82543,0.88509,0.60298,1.22871,1.56669,1.32868,0.0059608,0.0059608,0.0059608
410,9668.38,0.52869,0.41,0.9114,0.88909,0.78592,0.88084,0.59655,1.22221,1.68873,1.32129,0.0059509,0.0059509,0.0059509
411,9691.45,0.51565,0.40278,0.90821,0.8751,0.78996,0.88779,0.60691,1.21567,1.51402,1.31493,0.005941,0.005941,0.005941
412,9714.62,0.51354,0.40439,0.90249,0.89424,0.78748,0.88882,0.61591,1.1907,1.21592,1.30386,0.0059311,0.0059311,0.0059311
413,9737.73,0.53598,0.41849,0.90808,0.90928,0.78615,0.88984,0.6185,1.15702,1.40882,1.26973,0.0059212,0.0059212,0.0059212
414,9760.86,0.51855,0.38933,0.89218,0.88038,0.82353,0.88918,0.61222,1.16205,1.6402,1.26307,0.0059113,0.0059113,0.0059113
415,9784.05,0.51884,0.40092,0.90867,0.88334,0.83333,0.88909,0.61278,1.16382,1.79999,1.25339,0.0059014,0.0059014,0.0059014
416,9807.23,0.50441,0.40265,0.89664,0.87048,0.82362,0.8856,0.61352,1.16071,1.81743,1.23442,0.0058915,0.0058915,0.0058915
417,9830.37,0.52322,0.40636,0.91776,0.86007,0.82353,0.88528,0.61741,1.17705,1.63885,1.24933,0.0058816,0.0058816,0.0058816
418,9853.52,0.51208,0.3988,0.90429,0.85208,0.84712,0.88853,0.61781,1.19735,1.37128,1.27231,0.0058717,0.0058717,0.0058717
419,9877.23,0.50566,0.38392,0.89336,0.84011,0.84998,0.88772,0.61942,1.18532,1.3595,1.28418,0.0058618,0.0058618,0.0058618
420,9901.85,0.51824,0.41573,0.91092,0.88558,0.80882,0.88871,0.62698,1.17553,1.99785,1.2814,0.0058519,0.0058519,0.0058519
421,9926.24,0.50173,0.38953,0.90405,0.89092,0.81373,0.88948,0.62866,1.16172,2.08495,1.27637,0.005842,0.005842,0.005842
422,9950.62,0.5103,0.3983,0.9009,0.87201,0.83496,0.88181,0.61951,1.15517,2.02603,1.2604,0.0058321,0.0058321,0.0058321
423,9974.36,0.51877,0.40311,0.91051,0.8639,0.80897,0.87978,0.61098,1.14241,1.97076,1.25653,0.0058222,0.0058222,0.0058222
424,9997.5,0.50251,0.37527,0.89748,0.86743,0.81373,0.88655,0.60869,1.14138,1.58574,1.25906,0.0058123,0.0058123,0.0058123
425,10020.7,0.49947,0.36303,0.89147,0.87814,0.79412,0.87628,0.59771,1.1535,1.94453,1.27629,0.0058024,0.0058024,0.0058024
426,10043.8,0.51114,0.39828,0.90942,0.84496,0.82815,0.8788,0.60303,1.13331,2.14958,1.24659,0.0057925,0.0057925,0.0057925
427,10067.1,0.50697,0.38299,0.89019,0.86341,0.80882,0.88218,0.60646,1.13741,2.13466,1.24958,0.0057826,0.0057826,0.0057826
428,10090.3,0.49879,0.38144,0.88765,0.88044,0.79415,0.8784,0.60703,1.14219,2.00636,1.25062,0.0057727,0.0057727,0.0057727
429,10113.5,0.4887,0.3819,0.89314,0.89285,0.79902,0.89021,0.61807,1.13704,2.1221,1.24247,0.0057628,0.0057628,0.0057628
430,10136.7,0.50311,0.39384,0.89823,0.87123,0.82912,0.89535,0.62045,1.15319,2.14209,1.24625,0.0057529,0.0057529,0.0057529
431,10159.8,0.50284,0.39045,0.90241,0.86554,0.82044,0.89525,0.62701,1.14954,2.23747,1.23828,0.005743,0.005743,0.005743
432,10183,0.49683,0.37559,0.89611,0.83508,0.8439,0.89049,0.6237,1.14777,2.29806,1.2383,0.0057331,0.0057331,0.0057331
433,10206.2,0.50208,0.38663,0.90394,0.84821,0.84314,0.88683,0.61798,1.14454,2.16222,1.22809,0.0057232,0.0057232,0.0057232
434,10229.4,0.50101,0.37834,0.89441,0.85063,0.84314,0.88547,0.61396,1.14038,2.30554,1.23144,0.0057133,0.0057133,0.0057133
435,10252.5,0.50783,0.39696,0.90737,0.84034,0.85784,0.88572,0.61137,1.14318,2.38784,1.23234,0.0057034,0.0057034,0.0057034
436,10275.8,0.49894,0.38709,0.89453,0.85495,0.83824,0.89033,0.61778,1.12192,2.42448,1.22967,0.0056935,0.0056935,0.0056935
437,10299,0.49875,0.39831,0.9024,0.85137,0.83333,0.88728,0.61751,1.11167,2.57693,1.21877,0.0056836,0.0056836,0.0056836
438,10322.2,0.4966,0.40041,0.90109,0.86269,0.81863,0.88405,0.61824,1.13022,2.63158,1.22857,0.0056737,0.0056737,0.0056737
439,10345.4,0.49331,0.37197,0.89411,0.837,0.85581,0.89143,0.61841,1.16198,2.38325,1.27136,0.0056638,0.0056638,0.0056638
440,10368.6,0.49327,0.38732,0.89341,0.84455,0.85222,0.89795,0.62518,1.14661,2.3096,1.25723,0.0056539,0.0056539,0.0056539
441,10391.8,0.50616,0.39409,0.9079,0.86107,0.82353,0.89779,0.62468,1.14161,2.16273,1.23874,0.005644,0.005644,0.005644
442,10415,0.48988,0.37631,0.88739,0.83213,0.83333,0.88215,0.61928,1.11335,2.27626,1.23055,0.0056341,0.0056341,0.0056341
443,10438.1,0.4967,0.38187,0.89218,0.83632,0.82843,0.88938,0.61924,1.13775,2.22367,1.26189,0.0056242,0.0056242,0.0056242
444,10461.3,0.50404,0.38394,0.90625,0.83295,0.83104,0.88911,0.61435,1.15232,2.1748,1.27997,0.0056143,0.0056143,0.0056143
445,10484.5,0.4986,0.3714,0.90497,0.83217,0.8264,0.88433,0.61883,1.14204,1.94651,1.28256,0.0056044,0.0056044,0.0056044
446,10507.9,0.50407,0.39004,0.89461,0.86057,0.81689,0.88909,0.61807,1.19557,1.60773,1.30447,0.0055945,0.0055945,0.0055945
447,10531,0.5103,0.39056,0.91252,0.88651,0.78431,0.88427,0.61273,1.211,1.66126,1.31448,0.0055846,0.0055846,0.0055846
448,10554.2,0.50117,0.38562,0.90014,0.86625,0.79374,0.87867,0.61089,1.19464,1.91786,1.30022,0.0055747,0.0055747,0.0055747
449,10577.4,0.48059,0.37547,0.89417,0.86263,0.81863,0.88288,0.61206,1.17889,2.18283,1.29608,0.0055648,0.0055648,0.0055648
450,10600.6,0.50136,0.3896,0.90256,0.85928,0.82353,0.88969,0.62135,1.15376,2.05235,1.27656,0.0055549,0.0055549,0.0055549
451,10623.8,0.50042,0.39142,0.90056,0.85657,0.81373,0.88586,0.61855,1.13003,1.85159,1.26544,0.005545,0.005545,0.005545
452,10647,0.48814,0.38631,0.88754,0.87889,0.81817,0.89069,0.61971,1.13486,1.66852,1.25903,0.0055351,0.0055351,0.0055351
453,10670.3,0.50069,0.38369,0.90048,0.89126,0.81863,0.88723,0.61307,1.12609,1.67143,1.26189,0.0055252,0.0055252,0.0055252
454,10693.4,0.48688,0.37679,0.89324,0.86886,0.82353,0.88747,0.61809,1.11597,1.66445,1.2587,0.0055153,0.0055153,0.0055153
455,10716.6,0.51554,0.41219,0.9224,0.86806,0.80882,0.889,0.61708,1.11157,1.57716,1.25657,0.0055054,0.0055054,0.0055054
456,10739.9,0.48394,0.37513,0.88859,0.85566,0.82843,0.88897,0.61811,1.11622,1.68166,1.25501,0.0054955,0.0054955,0.0054955
457,10763.2,0.49338,0.37121,0.90029,0.92875,0.76675,0.89173,0.62601,1.12059,1.76676,1.25349,0.0054856,0.0054856,0.0054856
458,10786.4,0.48255,0.3704,0.8852,0.87599,0.79902,0.89229,0.6293,1.10087,1.80306,1.23677,0.0054757,0.0054757,0.0054757
459,10810.3,0.50361,0.38202,0.89691,0.86834,0.80882,0.89297,0.62921,1.07958,1.61436,1.22943,0.0054658,0.0054658,0.0054658
460,10833.6,0.50147,0.38969,0.90833,0.86102,0.81995,0.89124,0.62579,1.09324,1.50608,1.23662,0.0054559,0.0054559,0.0054559
461,10856.8,0.47813,0.36236,0.89463,0.87479,0.82194,0.89226,0.62568,1.09862,1.31741,1.23863,0.005446,0.005446,0.005446
462,10880.1,0.49167,0.37848,0.90224,0.864,0.81373,0.88388,0.62489,1.09761,1.06041,1.24534,0.0054361,0.0054361,0.0054361
463,10903.3,0.48385,0.38778,0.89791,0.8999,0.78431,0.88657,0.62535,1.10288,0.94417,1.24418,0.0054262,0.0054262,0.0054262
464,10926.5,0.49843,0.38276,0.90201,0.85329,0.82684,0.88534,0.62442,1.10583,0.92851,1.23415,0.0054163,0.0054163,0.0054163
465,10949.8,0.48016,0.37314,0.88958,0.87139,0.81373,0.88195,0.62394,1.10798,0.99694,1.23324,0.0054064,0.0054064,0.0054064
466,10973.1,0.50735,0.38436,0.89862,0.84398,0.822,0.88516,0.62623,1.1242,0.94196,1.25274,0.0053965,0.0053965,0.0053965
467,10996.3,0.48627,0.37069,0.89553,0.84013,0.81863,0.89115,0.62529,1.13908,0.97025,1.27181,0.0053866,0.0053866,0.0053866
468,11019.5,0.48295,0.3772,0.89291,0.81646,0.8286,0.88186,0.62241,1.12622,1.00248,1.2609,0.0053767,0.0053767,0.0053767
469,11042.7,0.48454,0.3848,0.89462,0.83723,0.83333,0.88004,0.61702,1.14053,0.99002,1.27743,0.0053668,0.0053668,0.0053668
470,11066,0.47511,0.38482,0.89282,0.82836,0.8517,0.88027,0.61475,1.13119,1.03582,1.26474,0.0053569,0.0053569,0.0053569
471,11089.2,0.49221,0.38227,0.8977,0.83049,0.84059,0.87831,0.6117,1.12554,0.99549,1.25825,0.005347,0.005347,0.005347
472,11112.4,0.47128,0.36749,0.88177,0.83114,0.84447,0.87518,0.60465,1.13204,1.01178,1.26284,0.0053371,0.0053371,0.0053371
473,11135.5,0.49725,0.39207,0.89392,0.83033,0.83824,0.87346,0.60917,1.12767,1.06997,1.26726,0.0053272,0.0053272,0.0053272
474,11158.7,0.48372,0.37469,0.88853,0.8358,0.84314,0.87502,0.61082,1.11392,1.17629,1.26484,0.0053173,0.0053173,0.0053173
475,11181.9,0.49062,0.36608,0.89613,0.83264,0.84804,0.87529,0.61061,1.10432,1.17321,1.25773,0.0053074,0.0053074,0.0053074
476,11205.1,0.47015,0.352,0.88765,0.82594,0.83738,0.87444,0.60938,1.07175,1.13792,1.23493,0.0052975,0.0052975,0.0052975
477,11228.3,0.4827,0.38116,0.89319,0.84921,0.8282,0.87947,0.61154,1.05931,1.30275,1.22802,0.0052876,0.0052876,0.0052876
478,11251.5,0.47789,0.3628,0.88913,0.84236,0.81863,0.87908,0.61138,1.05235,1.16233,1.22317,0.0052777,0.0052777,0.0052777
479,11274.7,0.49362,0.38438,0.90464,0.86105,0.80882,0.88074,0.60949,1.04907,1.15921,1.22145,0.0052678,0.0052678,0.0052678
480,11297.9,0.48702,0.38984,0.89416,0.86036,0.81863,0.88138,0.60851,1.05363,1.12064,1.22081,0.0052579,0.0052579,0.0052579
481,11321.1,0.48067,0.38113,0.90039,0.87005,0.82049,0.88564,0.61076,1.07492,1.25027,1.22851,0.005248,0.005248,0.005248
482,11344.2,0.48693,0.37535,0.8871,0.86618,0.81863,0.88504,0.61063,1.09079,1.20825,1.23665,0.0052381,0.0052381,0.0052381
483,11367.4,0.4589,0.36217,0.87676,0.83386,0.84804,0.88963,0.61179,1.10348,1.26011,1.24179,0.0052282,0.0052282,0.0052282
484,11390.7,0.4814,0.37508,0.88986,0.85829,0.83134,0.88857,0.61364,1.10662,1.23284,1.23958,0.0052183,0.0052183,0.0052183
485,11413.9,0.46689,0.35038,0.90058,0.8329,0.84314,0.88622,0.61376,1.1067,1.16393,1.23526,0.0052084,0.0052084,0.0052084
486,11437,0.48532,0.37346,0.8873,0.85266,0.83824,0.88888,0.61388,1.1209,1.06901,1.23871,0.0051985,0.0051985,0.0051985
487,11460.2,0.47308,0.37338,0.88584,0.85139,0.84249,0.88684,0.61271,1.12046,1.13296,1.23694,0.0051886,0.0051886,0.0051886
488,11483.5,0.4967,0.37676,0.90471,0.86662,0.82808,0.88332,0.61007,1.14032,1.09953,1.25122,0.0051787,0.0051787,0.0051787
489,11506.7,0.4806,0.35544,0.88676,0.88068,0.82843,0.87923,0.60725,1.17357,1.13635,1.28198,0.0051688,0.0051688,0.0051688
490,11529.9,0.45882,0.34918,0.88615,0.87706,0.83928,0.88017,0.60555,1.20122,1.14255,1.29982,0.0051589,0.0051589,0.0051589
491,11553.1,0.47151,0.35827,0.88496,0.87183,0.84314,0.87828,0.60783,1.21087,1.18759,1.30834,0.005149,0.005149,0.005149
492,11576.3,0.48225,0.36694,0.88839,0.88889,0.82352,0.88208,0.61353,1.21063,1.21941,1.31412,0.0051391,0.0051391,0.0051391
493,11599.5,0.46733,0.36207,0.8816,0.8869,0.80723,0.88232,0.60995,1.20355,1.33961,1.31207,0.0051292,0.0051292,0.0051292
494,11622.7,0.47229,0.36498,0.89053,0.84915,0.83824,0.87878,0.6086,1.17693,1.19102,1.29173,0.0051193,0.0051193,0.0051193
495,11645.9,0.45993,0.3566,0.87815,0.85836,0.84314,0.88117,0.60905,1.16329,1.06083,1.28641,0.0051094,0.0051094,0.0051094
496,11669,0.46065,0.35627,0.88757,0.87194,0.83444,0.88566,0.61076,1.16243,0.97616,1.29369,0.0050995,0.0050995,0.0050995
497,11692.3,0.46369,0.35868,0.88688,0.86387,0.82353,0.88337,0.61283,1.17673,0.95868,1.29664,0.0050896,0.0050896,0.0050896
498,11715.4,0.46296,0.35554,0.88573,0.8556,0.81328,0.87886,0.61072,1.19188,1.00446,1.29936,0.0050797,0.0050797,0.0050797
499,11738.7,0.48482,0.39822,0.9036,0.84557,0.81373,0.88268,0.61101,1.19788,1.07195,1.30879,0.0050698,0.0050698,0.0050698
500,11762,0.46862,0.36317,0.89186,0.84288,0.81863,0.8873,0.61256,1.17488,1.06511,1.29833,0.0050599,0.0050599,0.0050599
501,11785.2,0.45958,0.34113,0.88043,0.84204,0.81373,0.88375,0.6131,1.16845,1.0799,1.2917,0.00505,0.00505,0.00505
502,11808.4,0.48122,0.34813,0.89114,0.84521,0.81373,0.88036,0.61217,1.17753,1.1238,1.28428,0.0050401,0.0050401,0.0050401
503,11831.5,0.45581,0.3389,0.88178,0.8461,0.8085,0.87939,0.61431,1.19494,1.26098,1.29003,0.0050302,0.0050302,0.0050302
504,11854.8,0.45873,0.35124,0.87933,0.84116,0.80471,0.87535,0.61057,1.2019,1.42025,1.29511,0.0050203,0.0050203,0.0050203
505,11878.1,0.47831,0.37686,0.90161,0.85275,0.82353,0.87474,0.61014,1.19892,1.43962,1.29323,0.0050104,0.0050104,0.0050104
506,11901.2,0.47494,0.37941,0.89819,0.8601,0.81371,0.87398,0.60907,1.18461,1.49353,1.28687,0.0050005,0.0050005,0.0050005
507,11924.4,0.45692,0.35262,0.88562,0.84819,0.82843,0.87267,0.60797,1.1826,1.59823,1.29144,0.0049906,0.0049906,0.0049906
508,11947.6,0.47114,0.36764,0.88837,0.85994,0.81261,0.87241,0.60813,1.18358,1.68035,1.29486,0.0049807,0.0049807,0.0049807
509,11970.9,0.45475,0.34889,0.88413,0.86647,0.81373,0.87803,0.61159,1.16457,1.66967,1.29648,0.0049708,0.0049708,0.0049708
510,11994.1,0.47271,0.36372,0.88999,0.83625,0.8261,0.8775,0.61327,1.14485,1.62514,1.28291,0.0049609,0.0049609,0.0049609
511,12017.3,0.47537,0.36403,0.89126,0.84055,0.82353,0.87665,0.60917,1.14076,1.43902,1.28071,0.004951,0.004951,0.004951
512,12040.5,0.47802,0.37391,0.90127,0.85629,0.82353,0.87482,0.60462,1.14072,1.28474,1.28373,0.0049411,0.0049411,0.0049411
513,12063.7,0.46814,0.35354,0.88815,0.85139,0.81439,0.87376,0.60577,1.15078,1.2817,1.29603,0.0049312,0.0049312,0.0049312
514,12086.9,0.45185,0.33899,0.88699,0.86911,0.80882,0.87611,0.60456,1.15187,1.20966,1.30029,0.0049213,0.0049213,0.0049213
515,12110.1,0.45011,0.34903,0.88815,0.8603,0.80882,0.87064,0.59786,1.15465,1.16106,1.30467,0.0049114,0.0049114,0.0049114
516,12133.3,0.46647,0.36799,0.88461,0.86136,0.82353,0.86995,0.60528,1.14407,1.15784,1.29736,0.0049015,0.0049015,0.0049015
517,12156.5,0.46413,0.36082,0.88841,0.86042,0.81588,0.86563,0.60402,1.1365,1.10681,1.29592,0.0048916,0.0048916,0.0048916
518,12179.7,0.46407,0.36401,0.88557,0.88096,0.78922,0.86538,0.60466,1.13324,1.11727,1.29077,0.0048817,0.0048817,0.0048817
519,12202.9,0.48802,0.36909,0.89879,0.87859,0.81373,0.86762,0.60482,1.1393,1.13413,1.29219,0.0048718,0.0048718,0.0048718
520,12226.1,0.46323,0.36021,0.88263,0.87659,0.80084,0.86724,0.60701,1.14027,1.14624,1.28768,0.0048619,0.0048619,0.0048619
521,12249.4,0.46818,0.35341,0.88624,0.88989,0.79412,0.87269,0.60685,1.1477,1.11776,1.28495,0.004852,0.004852,0.004852
522,12272.5,0.46245,0.36167,0.88117,0.88462,0.78923,0.878,0.60479,1.14157,1.09031,1.27751,0.0048421,0.0048421,0.0048421
523,12295.7,0.45222,0.35912,0.88532,0.88025,0.79272,0.87886,0.61164,1.13003,1.04807,1.2795,0.0048322,0.0048322,0.0048322
524,12318.9,0.44682,0.34726,0.87828,0.89455,0.79012,0.87731,0.61322,1.11815,0.96919,1.27296,0.0048223,0.0048223,0.0048223
525,12342.1,0.46088,0.36414,0.87837,0.886,0.80882,0.87547,0.612,1.10845,0.90737,1.26688,0.0048124,0.0048124,0.0048124
526,12365.3,0.46763,0.34672,0.89068,0.86689,0.81863,0.87301,0.61271,1.10407,0.94581,1.26351,0.0048025,0.0048025,0.0048025
527,12388.6,0.45835,0.35817,0.89142,0.88293,0.80392,0.87236,0.6126,1.08814,0.93251,1.25367,0.0047926,0.0047926,0.0047926
528,12411.8,0.46832,0.36918,0.89661,0.8869,0.80725,0.87267,0.61488,1.08149,1.01304,1.24791,0.0047827,0.0047827,0.0047827
529,12435.2,0.47545,0.36561,0.89888,0.88995,0.79902,0.8754,0.61337,1.08434,1.05074,1.25238,0.0047728,0.0047728,0.0047728
530,12458.3,0.45837,0.36194,0.89092,0.88534,0.78431,0.87518,0.61568,1.0864,1.03541,1.25337,0.0047629,0.0047629,0.0047629
531,12481.5,0.4395,0.33812,0.87088,0.89558,0.79878,0.87905,0.61325,1.09915,1.04182,1.25797,0.004753,0.004753,0.004753
532,12504.7,0.45534,0.3502,0.87786,0.90208,0.78922,0.87504,0.61023,1.10572,1.04846,1.26198,0.0047431,0.0047431,0.0047431
533,12527.9,0.43516,0.32609,0.87149,0.89385,0.78428,0.87326,0.61067,1.10657,1.09354,1.2594,0.0047332,0.0047332,0.0047332
534,12551.1,0.43879,0.34488,0.87265,0.89376,0.78349,0.87575,0.61396,1.10052,1.0746,1.25912,0.0047233,0.0047233,0.0047233
535,12574.2,0.44498,0.35143,0.88591,0.90133,0.76961,0.87299,0.61329,1.09439,1.0738,1.25949,0.0047134,0.0047134,0.0047134
536,12597.4,0.4596,0.34861,0.88386,0.87465,0.76961,0.86732,0.61198,1.08101,1.05398,1.2497,0.0047035,0.0047035,0.0047035
537,12620.6,0.45899,0.35806,0.88826,0.90456,0.76471,0.87395,0.61431,1.07407,1.05734,1.24125,0.0046936,0.0046936,0.0046936
538,12643.8,0.46204,0.35939,0.89347,0.87173,0.79954,0.87631,0.61667,1.0671,1.04704,1.23413,0.0046837,0.0046837,0.0046837
539,12667,0.45017,0.34984,0.88284,0.86225,0.79778,0.88031,0.61973,1.06721,1.04528,1.22849,0.0046738,0.0046738,0.0046738
540,12690.2,0.45721,0.36115,0.88449,0.869,0.81292,0.87937,0.61683,1.08278,1.07508,1.23768,0.0046639,0.0046639,0.0046639
541,12713.5,0.46044,0.35512,0.89748,0.86756,0.81373,0.87611,0.61402,1.09485,1.08768,1.24278,0.004654,0.004654,0.004654
542,12736.8,0.45571,0.36405,0.88168,0.85863,0.80384,0.87583,0.61947,1.10301,1.06586,1.24738,0.0046441,0.0046441,0.0046441
543,12760,0.4625,0.34784,0.89239,0.86937,0.81863,0.87976,0.62474,1.1033,1.04992,1.24501,0.0046342,0.0046342,0.0046342
544,12783.1,0.45,0.347,0.88411,0.85578,0.81863,0.87555,0.62256,1.11296,1.0712,1.24974,0.0046243,0.0046243,0.0046243
545,12806.4,0.44679,0.33818,0.88113,0.86321,0.80428,0.87761,0.62676,1.11918,1.06992,1.25652,0.0046144,0.0046144,0.0046144
546,12829.5,0.45984,0.35266,0.88536,0.85255,0.7936,0.87366,0.62567,1.12354,1.09306,1.26163,0.0046045,0.0046045,0.0046045
547,12852.7,0.45543,0.34998,0.88666,0.84994,0.80519,0.87096,0.62193,1.12119,1.11171,1.25932,0.0045946,0.0045946,0.0045946
548,12875.9,0.44184,0.33476,0.88353,0.86901,0.813,0.87307,0.62298,1.11249,1.1559,1.2559,0.0045847,0.0045847,0.0045847
549,12899.1,0.43718,0.3452,0.88175,0.86561,0.79902,0.87306,0.62058,1.10126,1.2194,1.24841,0.0045748,0.0045748,0.0045748
550,12922.3,0.45795,0.35745,0.90485,0.85705,0.79352,0.86754,0.61957,1.10386,1.2118,1.24844,0.0045649,0.0045649,0.0045649
551,12945.5,0.44648,0.35894,0.88561,0.86851,0.77709,0.86781,0.61955,1.11016,1.18431,1.25283,0.004555,0.004555,0.004555
552,12968.6,0.44715,0.33999,0.88169,0.85273,0.78922,0.87165,0.62286,1.12193,1.16242,1.25602,0.0045451,0.0045451,0.0045451
553,12991.9,0.47864,0.37491,0.90311,0.85562,0.77941,0.87063,0.61919,1.13365,1.12042,1.26357,0.0045352,0.0045352,0.0045352
554,13015,0.43807,0.34276,0.87816,0.86971,0.76961,0.86584,0.61757,1.13324,1.06662,1.26541,0.0045253,0.0045253,0.0045253
555,13038.2,0.42441,0.32278,0.87066,0.87729,0.77102,0.86648,0.61602,1.13508,1.04725,1.26515,0.0045154,0.0045154,0.0045154
556,13061.4,0.4368,0.32849,0.8732,0.86903,0.77451,0.8665,0.61667,1.1253,1.02734,1.25306,0.0045055,0.0045055,0.0045055
557,13084.6,0.44185,0.34704,0.8886,0.86147,0.79261,0.87453,0.62035,1.12425,1.03446,1.24458,0.0044956,0.0044956,0.0044956
558,13107.8,0.43728,0.34501,0.88146,0.86749,0.8023,0.88123,0.61754,1.12789,1.04678,1.24191,0.0044857,0.0044857,0.0044857
559,13130.9,0.42835,0.3506,0.87309,0.87238,0.79412,0.88014,0.61865,1.12855,1.06701,1.24757,0.0044758,0.0044758,0.0044758
560,13154.1,0.43696,0.34492,0.87587,0.88867,0.78261,0.88101,0.6246,1.12553,1.0564,1.24644,0.0044659,0.0044659,0.0044659
561,13177.3,0.45121,0.33821,0.88285,0.85212,0.79902,0.87739,0.62154,1.1257,1.06744,1.2501,0.004456,0.004456,0.004456
562,13200.4,0.43784,0.3418,0.88257,0.86333,0.80512,0.88079,0.61859,1.1266,1.11006,1.25016,0.0044461,0.0044461,0.0044461
563,13223.6,0.43621,0.329,0.87627,0.86239,0.7987,0.87833,0.61469,1.13196,1.16881,1.25243,0.0044362,0.0044362,0.0044362
564,13246.8,0.42731,0.33621,0.87626,0.85367,0.80075,0.87833,0.61447,1.1376,1.23107,1.25413,0.0044263,0.0044263,0.0044263
565,13270,0.44017,0.34863,0.88109,0.86326,0.78922,0.87199,0.61366,1.14051,1.38558,1.25777,0.0044164,0.0044164,0.0044164
566,13293.2,0.4327,0.33564,0.8799,0.86233,0.78431,0.87106,0.61657,1.13591,1.30528,1.25479,0.0044065,0.0044065,0.0044065
567,13316.4,0.44263,0.34034,0.88526,0.85627,0.77941,0.86933,0.61601,1.12966,1.23725,1.25322,0.0043966,0.0043966,0.0043966
568,13339.6,0.43061,0.33447,0.87089,0.85547,0.78341,0.86916,0.61293,1.12926,1.17645,1.25338,0.0043867,0.0043867,0.0043867
569,13362.7,0.43085,0.3308,0.87782,0.85972,0.78111,0.86613,0.61247,1.13247,1.18894,1.2527,0.0043768,0.0043768,0.0043768
570,13385.9,0.44306,0.34417,0.88528,0.85543,0.77941,0.86658,0.61833,1.14767,1.18171,1.2613,0.0043669,0.0043669,0.0043669
571,13409.1,0.43468,0.33662,0.87763,0.8592,0.77941,0.86692,0.61506,1.16006,1.17723,1.26628,0.004357,0.004357,0.004357
572,13432.3,0.44657,0.34272,0.88384,0.85497,0.76961,0.86185,0.61289,1.16839,1.17546,1.27674,0.0043471,0.0043471,0.0043471
573,13455.5,0.43308,0.33827,0.87887,0.8505,0.78082,0.86746,0.61312,1.16947,1.15623,1.27439,0.0043372,0.0043372,0.0043372
574,13478.6,0.45963,0.35856,0.8897,0.87942,0.76471,0.86902,0.61581,1.17031,1.14608,1.27329,0.0043273,0.0043273,0.0043273
575,13501.8,0.42454,0.33592,0.87524,0.86656,0.77451,0.86788,0.61457,1.17061,1.10932,1.27906,0.0043174,0.0043174,0.0043174
576,13525,0.41895,0.32509,0.87087,0.87353,0.77941,0.86886,0.61307,1.17013,1.11339,1.27845,0.0043075,0.0043075,0.0043075
577,13548.2,0.43652,0.32657,0.88314,0.88195,0.76911,0.86367,0.61283,1.17262,1.13118,1.28083,0.0042976,0.0042976,0.0042976
578,13571.3,0.44152,0.34699,0.87447,0.87324,0.76961,0.86181,0.61002,1.17701,1.1741,1.28109,0.0042877,0.0042877,0.0042877
579,13594.6,0.43396,0.33898,0.87566,0.87639,0.76463,0.86399,0.6106,1.17861,1.18034,1.28468,0.0042778,0.0042778,0.0042778
580,13617.7,0.43284,0.3258,0.87741,0.84607,0.77451,0.86386,0.61179,1.1895,1.19541,1.29188,0.0042679,0.0042679,0.0042679
581,13640.9,0.41315,0.30757,0.86784,0.86478,0.7549,0.86084,0.60867,1.19304,1.18373,1.29791,0.004258,0.004258,0.004258
582,13664.1,0.42323,0.31888,0.87634,0.87093,0.7608,0.86422,0.61214,1.19416,1.15102,1.30179,0.0042481,0.0042481,0.0042481
583,13687.4,0.42333,0.32194,0.87271,0.86907,0.76961,0.87171,0.61568,1.19114,1.1383,1.29758,0.0042382,0.0042382,0.0042382
584,13710.6,0.42276,0.31323,0.87165,0.88035,0.76471,0.87242,0.61578,1.19038,1.12683,1.29715,0.0042283,0.0042283,0.0042283
585,13733.8,0.42972,0.31773,0.88144,0.8723,0.77012,0.87638,0.61838,1.18687,1.09845,1.29656,0.0042184,0.0042184,0.0042184
586,13757,0.44404,0.36605,0.88493,0.85783,0.78431,0.873,0.61656,1.19482,1.11649,1.30024,0.0042085,0.0042085,0.0042085
587,13780.2,0.43075,0.32621,0.87837,0.85155,0.78431,0.87753,0.62087,1.19824,1.10615,1.30278,0.0041986,0.0041986,0.0041986
588,13803.5,0.42065,0.32821,0.86689,0.85894,0.77609,0.87962,0.61971,1.18716,1.05464,1.29558,0.0041887,0.0041887,0.0041887
589,13826.7,0.42248,0.33187,0.87919,0.90046,0.75385,0.87842,0.61916,1.17804,1.02664,1.28976,0.0041788,0.0041788,0.0041788
590,13849.9,0.43805,0.33103,0.87771,0.85825,0.78431,0.88102,0.61986,1.17299,0.99863,1.28698,0.0041689,0.0041689,0.0041689
591,13873.1,0.42235,0.32231,0.87316,0.85117,0.785,0.88043,0.62002,1.16857,0.98202,1.28747,0.004159,0.004159,0.004159
592,13896.3,0.41429,0.31404,0.87415,0.85175,0.78855,0.88204,0.62031,1.16282,0.96623,1.28392,0.0041491,0.0041491,0.0041491
593,13919.5,0.42572,0.33563,0.87146,0.85233,0.79223,0.8807,0.61998,1.15989,0.93939,1.28052,0.0041392,0.0041392,0.0041392
594,13942.7,0.42433,0.32883,0.87586,0.85722,0.79462,0.88395,0.62116,1.16015,0.95082,1.27697,0.0041293,0.0041293,0.0041293
595,13965.9,0.42631,0.32539,0.8816,0.85694,0.79412,0.88305,0.62008,1.15773,0.96496,1.27556,0.0041194,0.0041194,0.0041194
596,13989.1,0.41297,0.32023,0.86449,0.85474,0.79412,0.87968,0.61828,1.15326,0.98195,1.2699,0.0041095,0.0041095,0.0041095
597,14012.3,0.41791,0.3329,0.87744,0.83341,0.78472,0.87885,0.6163,1.14924,0.98723,1.26549,0.0040996,0.0040996,0.0040996
598,14035.5,0.43395,0.3327,0.88242,0.83455,0.77941,0.87671,0.62121,1.14729,0.98472,1.26468,0.0040897,0.0040897,0.0040897
599,14058.7,0.41476,0.32288,0.87281,0.84565,0.77885,0.87411,0.62091,1.14481,0.97233,1.26464,0.0040798,0.0040798,0.0040798
600,14081.9,0.43667,0.33505,0.87791,0.84865,0.78431,0.87575,0.62005,1.13913,0.96516,1.2656,0.0040699,0.0040699,0.0040699
601,14105,0.4222,0.3291,0.87023,0.84951,0.78922,0.87753,0.61872,1.14619,0.96699,1.26996,0.00406,0.00406,0.00406
602,14128.3,0.42666,0.34471,0.87508,0.83851,0.78922,0.87713,0.61971,1.14388,0.96701,1.27108,0.0040501,0.0040501,0.0040501
603,14151.4,0.42593,0.34206,0.87319,0.83513,0.79459,0.8771,0.62063,1.14456,0.96382,1.2716,0.0040402,0.0040402,0.0040402
604,14174.6,0.41284,0.3181,0.87408,0.83566,0.79764,0.87563,0.61971,1.14621,0.95145,1.27387,0.0040303,0.0040303,0.0040303
605,14197.8,0.41112,0.31363,0.87125,0.83162,0.79896,0.88111,0.62087,1.14966,0.95245,1.27531,0.0040204,0.0040204,0.0040204
606,14221,0.41278,0.32367,0.86945,0.83119,0.79649,0.88202,0.62384,1.15937,0.98764,1.28079,0.0040105,0.0040105,0.0040105
607,14244.2,0.42524,0.33535,0.87418,0.84367,0.79367,0.88543,0.6269,1.16645,1.03412,1.28523,0.0040006,0.0040006,0.0040006
608,14267.4,0.4265,0.3393,0.87068,0.84862,0.79412,0.88779,0.62988,1.17195,1.04865,1.29184,0.0039907,0.0039907,0.0039907
609,14291.3,0.41329,0.33129,0.87326,0.84777,0.79168,0.8834,0.63014,1.17916,1.07273,1.29548,0.0039808,0.0039808,0.0039808
610,14314.6,0.41661,0.31879,0.86984,0.85325,0.79807,0.88039,0.62567,1.18793,1.09725,1.29877,0.0039709,0.0039709,0.0039709
611,14337.8,0.42172,0.31235,0.87241,0.85347,0.79944,0.88056,0.62746,1.19059,1.07862,1.30142,0.003961,0.003961,0.003961
612,14361,0.41426,0.31515,0.86822,0.851,0.78391,0.87785,0.62232,1.19511,1.06981,1.30864,0.0039511,0.0039511,0.0039511
613,14384.2,0.41919,0.32059,0.87665,0.84693,0.78657,0.88075,0.62027,1.19095,1.09048,1.30481,0.0039412,0.0039412,0.0039412
614,14407.4,0.41309,0.32412,0.87134,0.84033,0.77394,0.87957,0.61864,1.18571,1.1151,1.3025,0.0039313,0.0039313,0.0039313
615,14430.6,0.40317,0.31034,0.86457,0.83669,0.77857,0.87517,0.62188,1.17722,1.12549,1.29403,0.0039214,0.0039214,0.0039214
616,14453.8,0.40979,0.32192,0.88547,0.83777,0.78474,0.87256,0.62011,1.1845,1.15412,1.29429,0.0039115,0.0039115,0.0039115
617,14476.9,0.41839,0.31988,0.88365,0.84242,0.77941,0.87262,0.61853,1.18937,1.17163,1.29498,0.0039016,0.0039016,0.0039016
618,14500.1,0.41982,0.32716,0.86402,0.8415,0.77941,0.86942,0.61795,1.18816,1.18155,1.299,0.0038917,0.0038917,0.0038917
619,14523.3,0.42814,0.33119,0.87733,0.8465,0.78397,0.87126,0.6205,1.18362,1.18523,1.29959,0.0038818,0.0038818,0.0038818
620,14546.5,0.40345,0.31116,0.85541,0.84274,0.78807,0.8685,0.61888,1.17879,1.18924,1.29971,0.0038719,0.0038719,0.0038719
621,14569.8,0.41228,0.31899,0.87127,0.84285,0.78875,0.8691,0.61964,1.17811,1.19717,1.30323,0.003862,0.003862,0.003862
622,14593,0.4087,0.32065,0.87346,0.843,0.78963,0.86629,0.61835,1.1756,1.20356,1.30459,0.0038521,0.0038521,0.0038521
623,14616.2,0.40683,0.31602,0.88116,0.84919,0.79412,0.86863,0.62037,1.17066,1.20641,1.30436,0.0038422,0.0038422,0.0038422
624,14639.5,0.41513,0.29848,0.86839,0.84652,0.79412,0.86655,0.61568,1.16925,1.21637,1.30573,0.0038323,0.0038323,0.0038323
625,14662.6,0.42966,0.32689,0.87831,0.84761,0.79071,0.86662,0.61753,1.17149,1.2435,1.30493,0.0038224,0.0038224,0.0038224
626,14685.8,0.41133,0.32458,0.87992,0.84616,0.7819,0.86784,0.61948,1.17168,1.23435,1.30521,0.0038125,0.0038125,0.0038125
627,14709,0.41766,0.32816,0.87814,0.84634,0.78296,0.86857,0.62197,1.16632,1.20845,1.30037,0.0038026,0.0038026,0.0038026
628,14732.2,0.41215,0.32122,0.87614,0.84608,0.78141,0.8674,0.62146,1.16497,1.19299,1.29447,0.0037927,0.0037927,0.0037927
629,14755.4,0.41142,0.31947,0.87307,0.8409,0.78431,0.86582,0.61997,1.16238,1.18948,1.28905,0.0037828,0.0037828,0.0037828
630,14778.7,0.42179,0.32617,0.87502,0.83863,0.78974,0.86538,0.6205,1.16978,1.19819,1.28913,0.0037729,0.0037729,0.0037729
631,14801.9,0.41045,0.31817,0.86699,0.83354,0.7855,0.86508,0.6232,1.17654,1.20734,1.29325,0.003763,0.003763,0.003763
632,14825.1,0.39978,0.3032,0.86271,0.83466,0.78431,0.86448,0.62388,1.18062,1.21496,1.2964,0.0037531,0.0037531,0.0037531
633,14848.4,0.39693,0.29501,0.86094,0.83727,0.78922,0.86395,0.6258,1.17504,1.23317,1.29222,0.0037432,0.0037432,0.0037432
634,14871.6,0.39077,0.31457,0.86733,0.8429,0.78905,0.86812,0.62836,1.17069,1.2565,1.28837,0.0037333,0.0037333,0.0037333
635,14894.8,0.38199,0.3008,0.86289,0.8468,0.78579,0.8695,0.63048,1.16919,1.2571,1.28731,0.0037234,0.0037234,0.0037234
636,14918,0.39848,0.3092,0.87078,0.84723,0.7884,0.86875,0.62997,1.17256,1.27681,1.28891,0.0037135,0.0037135,0.0037135
637,14941.2,0.39811,0.30753,0.862,0.84836,0.7953,0.87076,0.6288,1.16702,1.28597,1.28167,0.0037036,0.0037036,0.0037036
638,14964.3,0.40467,0.30658,0.86826,0.84245,0.78431,0.86965,0.6297,1.15607,1.29006,1.26981,0.0036937,0.0036937,0.0036937
639,14987.5,0.40836,0.31579,0.86956,0.8482,0.79431,0.8684,0.62732,1.1528,1.27273,1.26468,0.0036838,0.0036838,0.0036838
640,15010.9,0.40383,0.30822,0.8707,0.85314,0.79902,0.86909,0.62645,1.14818,1.23528,1.26147,0.0036739,0.0036739,0.0036739
641,15034.1,0.40616,0.30837,0.87211,0.85839,0.8023,0.86948,0.62723,1.14082,1.20796,1.26006,0.003664,0.003664,0.003664
642,15057.3,0.40946,0.32418,0.87173,0.85019,0.80679,0.86506,0.62293,1.14298,1.21135,1.26113,0.0036541,0.0036541,0.0036541
643,15080.5,0.3996,0.3069,0.86758,0.8591,0.80697,0.86624,0.6259,1.14329,1.18462,1.26431,0.0036442,0.0036442,0.0036442
644,15103.7,0.41137,0.32443,0.87357,0.85424,0.80392,0.86588,0.62423,1.13898,1.14263,1.26632,0.0036343,0.0036343,0.0036343
645,15126.9,0.41024,0.31666,0.87341,0.85085,0.79902,0.86732,0.62465,1.13958,1.13209,1.27008,0.0036244,0.0036244,0.0036244
646,15150.1,0.3945,0.29816,0.86941,0.84905,0.79959,0.86791,0.62643,1.13789,1.11515,1.27252,0.0036145,0.0036145,0.0036145
647,15173.3,0.38784,0.29438,0.86033,0.86779,0.79902,0.87178,0.62713,1.14376,1.11505,1.27598,0.0036046,0.0036046,0.0036046
648,15196.5,0.40519,0.31114,0.86457,0.86635,0.79902,0.87245,0.6268,1.14956,1.12941,1.28212,0.0035947,0.0035947,0.0035947
649,15219.8,0.38303,0.30102,0.86195,0.86439,0.79412,0.87223,0.62691,1.15614,1.15335,1.28714,0.0035848,0.0035848,0.0035848
650,15243,0.41185,0.32927,0.87358,0.8647,0.79412,0.87218,0.6244,1.1657,1.1698,1.2958,0.0035749,0.0035749,0.0035749
651,15266.2,0.40128,0.31357,0.86743,0.85762,0.79902,0.87189,0.62419,1.16985,1.17604,1.30125,0.003565,0.003565,0.003565
652,15289.4,0.40045,0.29871,0.86558,0.86712,0.79412,0.87044,0.62363,1.17155,1.19438,1.3043,0.0035551,0.0035551,0.0035551
653,15312.7,0.39836,0.31266,0.86451,0.86589,0.79128,0.8663,0.62254,1.17708,1.21673,1.31542,0.0035452,0.0035452,0.0035452
654,15336,0.3844,0.2985,0.85752,0.8668,0.79746,0.87039,0.62119,1.17188,1.1847,1.31901,0.0035353,0.0035353,0.0035353
655,15359.2,0.38952,0.29572,0.85319,0.86642,0.79412,0.86997,0.62379,1.16485,1.17259,1.31653,0.0035254,0.0035254,0.0035254
656,15382.3,0.40661,0.30327,0.86928,0.86811,0.80882,0.87225,0.62175,1.16105,1.15859,1.31281,0.0035155,0.0035155,0.0035155
657,15405.6,0.40115,0.31077,0.86801,0.86831,0.80808,0.87033,0.62142,1.15921,1.14335,1.31133,0.0035056,0.0035056,0.0035056
658,15428.8,0.39692,0.31179,0.86099,0.86802,0.80598,0.87013,0.6199,1.15823,1.13622,1.30883,0.0034957,0.0034957,0.0034957
659,15452,0.3956,0.29971,0.85955,0.86893,0.80882,0.86973,0.61935,1.16051,1.13565,1.30666,0.0034858,0.0034858,0.0034858
660,15475.3,0.39785,0.30902,0.86832,0.87155,0.80882,0.8699,0.61845,1.16047,1.1387,1.3063,0.0034759,0.0034759,0.0034759
661,15498.6,0.3844,0.29692,0.8607,0.86677,0.80392,0.86483,0.61774,1.15413,1.15121,1.30343,0.003466,0.003466,0.003466
662,15521.8,0.39788,0.30236,0.87082,0.87222,0.80303,0.86536,0.61939,1.15123,1.16126,1.30412,0.0034561,0.0034561,0.0034561
663,15545.1,0.40804,0.31699,0.87502,0.86758,0.80292,0.86466,0.6191,1.15252,1.15788,1.30349,0.0034462,0.0034462,0.0034462
664,15568.3,0.38741,0.30173,0.86104,0.86183,0.80882,0.86526,0.62098,1.1564,1.16395,1.30359,0.0034363,0.0034363,0.0034363
665,15591.5,0.39018,0.30137,0.86521,0.85903,0.80392,0.86577,0.622,1.15785,1.20311,1.30257,0.0034264,0.0034264,0.0034264
666,15614.7,0.40183,0.3134,0.87059,0.86965,0.79902,0.86723,0.62128,1.15626,1.20866,1.3011,0.0034165,0.0034165,0.0034165
667,15637.9,0.40502,0.30986,0.87362,0.87175,0.79412,0.86848,0.62327,1.15604,1.21529,1.30131,0.0034066,0.0034066,0.0034066
668,15661.1,0.38245,0.28673,0.85324,0.86696,0.79858,0.8666,0.62271,1.14914,1.22108,1.29646,0.0033967,0.0033967,0.0033967
669,15684.3,0.40298,0.31095,0.86499,0.86179,0.79412,0.86728,0.62311,1.14474,1.22387,1.29734,0.0033868,0.0033868,0.0033868
670,15707.5,0.3779,0.29155,0.8562,0.86496,0.78495,0.86646,0.62183,1.1475,1.23401,1.29946,0.0033769,0.0033769,0.0033769
671,15730.7,0.38652,0.30222,0.86582,0.86728,0.77941,0.86437,0.6221,1.14678,1.2319,1.30141,0.003367,0.003367,0.003367
672,15753.9,0.37934,0.29672,0.85996,0.86934,0.78276,0.8645,0.62257,1.14905,1.23588,1.30393,0.0033571,0.0033571,0.0033571
673,15777.2,0.39015,0.30446,0.86892,0.87758,0.78431,0.86497,0.62141,1.14869,1.23687,1.30601,0.0033472,0.0033472,0.0033472
674,15800.4,0.39561,0.29533,0.8594,0.87251,0.78922,0.86476,0.61962,1.15366,1.24327,1.31277,0.0033373,0.0033373,0.0033373
675,15823.6,0.37531,0.29489,0.85778,0.87123,0.78431,0.86616,0.62136,1.1548,1.24288,1.31481,0.0033274,0.0033274,0.0033274
676,15846.8,0.39102,0.29418,0.86518,0.87491,0.78922,0.86464,0.61976,1.1586,1.25837,1.31421,0.0033175,0.0033175,0.0033175
677,15870.1,0.39648,0.30221,0.86988,0.8773,0.78431,0.86443,0.62031,1.15991,1.27466,1.31577,0.0033076,0.0033076,0.0033076
678,15893.3,0.39017,0.29966,0.86154,0.87859,0.78431,0.86394,0.62043,1.16173,1.28702,1.31724,0.0032977,0.0032977,0.0032977
679,15916.5,0.37986,0.27749,0.85146,0.8783,0.77833,0.8597,0.61796,1.16288,1.30369,1.31697,0.0032878,0.0032878,0.0032878
680,15939.6,0.39337,0.30908,0.86357,0.87835,0.77864,0.86164,0.61957,1.16101,1.28753,1.31548,0.0032779,0.0032779,0.0032779
681,15962.8,0.38404,0.3033,0.85959,0.86329,0.76961,0.86138,0.6185,1.16193,1.30392,1.31555,0.003268,0.003268,0.003268
682,15986,0.38145,0.29877,0.8586,0.86791,0.77941,0.86146,0.61843,1.16643,1.32942,1.31535,0.0032581,0.0032581,0.0032581
683,16009.1,0.38204,0.29937,0.86471,0.87301,0.77941,0.86174,0.61919,1.1644,1.34125,1.31359,0.0032482,0.0032482,0.0032482
684,16032.3,0.38117,0.30255,0.86429,0.87014,0.77451,0.86088,0.61854,1.1647,1.35449,1.31232,0.0032383,0.0032383,0.0032383
685,16055.6,0.38091,0.29745,0.86181,0.87011,0.77451,0.85922,0.61768,1.16207,1.37076,1.30909,0.0032284,0.0032284,0.0032284
686,16078.8,0.39643,0.30755,0.87245,0.86575,0.77451,0.85981,0.6193,1.16237,1.37054,1.30793,0.0032185,0.0032185,0.0032185
687,16102.1,0.3839,0.29547,0.86298,0.86959,0.77451,0.86061,0.61768,1.16285,1.37408,1.30427,0.0032086,0.0032086,0.0032086
688,16125.3,0.39878,0.30324,0.86991,0.87315,0.77941,0.86094,0.61713,1.16191,1.36472,1.30346,0.0031987,0.0031987,0.0031987
689,16148.5,0.38438,0.29786,0.86236,0.86267,0.77451,0.86072,0.61665,1.15837,1.35676,1.29886,0.0031888,0.0031888,0.0031888
690,16171.6,0.38594,0.29516,0.86328,0.86018,0.77451,0.86073,0.61701,1.15642,1.35429,1.29714,0.0031789,0.0031789,0.0031789
691,16194.9,0.38777,0.30182,0.86646,0.86058,0.77451,0.8605,0.6163,1.15857,1.36296,1.29644,0.003169,0.003169,0.003169
692,16218.1,0.36822,0.28479,0.85796,0.86114,0.77451,0.8609,0.61483,1.15842,1.3643,1.29401,0.0031591,0.0031591,0.0031591
693,16241.2,0.38426,0.29655,0.8603,0.85897,0.76961,0.86225,0.61659,1.15916,1.35574,1.29247,0.0031492,0.0031492,0.0031492
694,16264.4,0.38016,0.29483,0.85806,0.85297,0.76784,0.86342,0.61966,1.16045,1.36127,1.29281,0.0031393,0.0031393,0.0031393
695,16287.6,0.38563,0.29614,0.86451,0.85155,0.75924,0.86585,0.6192,1.16167,1.36906,1.29271,0.0031294,0.0031294,0.0031294
696,16310.8,0.38039,0.29698,0.86091,0.84456,0.77239,0.86734,0.62142,1.16582,1.38136,1.29371,0.0031195,0.0031195,0.0031195
697,16334,0.38601,0.30005,0.8609,0.84911,0.77236,0.86793,0.62164,1.16805,1.39091,1.29651,0.0031096,0.0031096,0.0031096
698,16357.2,0.37411,0.29315,0.85419,0.76087,0.85784,0.86791,0.62106,1.16721,1.40058,1.29742,0.0030997,0.0030997,0.0030997
699,16380.4,0.36893,0.28378,0.85587,0.84283,0.78922,0.8665,0.62007,1.16447,1.3799,1.29684,0.0030898,0.0030898,0.0030898
700,16403.7,0.37798,0.28447,0.86028,0.80028,0.84314,0.86451,0.62117,1.16451,1.37918,1.29738,0.0030799,0.0030799,0.0030799
701,16426.9,0.38611,0.29231,0.8603,0.8434,0.79204,0.86391,0.61891,1.16387,1.39348,1.29797,0.00307,0.00307,0.00307
702,16450.1,0.36715,0.28672,0.85474,0.85812,0.77085,0.86435,0.61943,1.16543,1.39596,1.30256,0.0030601,0.0030601,0.0030601
703,16473.3,0.36872,0.28759,0.86021,0.84762,0.77451,0.86513,0.62049,1.16739,1.38749,1.30489,0.0030502,0.0030502,0.0030502
704,16496.5,0.36803,0.29518,0.85194,0.86168,0.76961,0.86298,0.62046,1.17167,1.37301,1.31025,0.0030403,0.0030403,0.0030403
705,16519.8,0.39777,0.31336,0.87104,0.84799,0.76471,0.86123,0.619,1.17032,1.36836,1.30786,0.0030304,0.0030304,0.0030304
706,16543,0.39222,0.29972,0.872,0.84718,0.76471,0.86428,0.62083,1.17052,1.36221,1.30994,0.0030205,0.0030205,0.0030205
707,16566.2,0.36552,0.2841,0.86086,0.84922,0.76471,0.8647,0.62187,1.16994,1.35632,1.30759,0.0030106,0.0030106,0.0030106
708,16589.5,0.36588,0.28948,0.85223,0.84975,0.76471,0.86455,0.6218,1.16889,1.35028,1.30712,0.0030007,0.0030007,0.0030007
709,16612.7,0.36025,0.2774,0.85263,0.84778,0.76471,0.86612,0.62551,1.1688,1.34859,1.30921,0.0029908,0.0029908,0.0029908
710,16635.9,0.36631,0.29859,0.85677,0.84803,0.7598,0.86371,0.623,1.1712,1.34371,1.31376,0.0029809,0.0029809,0.0029809
711,16659.1,0.36806,0.28588,0.84982,0.7713,0.84314,0.86267,0.62279,1.17187,1.3452,1.31574,0.002971,0.002971,0.002971
712,16682.4,0.37027,0.28201,0.85829,0.76549,0.84804,0.86424,0.62261,1.17326,1.3394,1.31832,0.0029611,0.0029611,0.0029611
713,16705.6,0.3699,0.29294,0.86135,0.77232,0.84804,0.86441,0.6216,1.17364,1.33096,1.31789,0.0029512,0.0029512,0.0029512
714,16728.8,0.35768,0.28625,0.85654,0.83334,0.78922,0.86407,0.6222,1.17761,1.34303,1.31996,0.0029413,0.0029413,0.0029413
715,16752,0.36041,0.2818,0.8566,0.83091,0.77083,0.86244,0.6204,1.17832,1.34318,1.31915,0.0029314,0.0029314,0.0029314
716,16775.2,0.36321,0.28041,0.86364,0.84456,0.77239,0.86213,0.61927,1.17913,1.34319,1.3211,0.0029215,0.0029215,0.0029215
717,16798.4,0.37966,0.30301,0.86293,0.8381,0.79412,0.86277,0.61944,1.18082,1.35231,1.31959,0.0029116,0.0029116,0.0029116
718,16821.6,0.36622,0.2893,0.86427,0.77477,0.84314,0.86258,0.62015,1.18233,1.36506,1.31791,0.0029017,0.0029017,0.0029017
719,16844.8,0.35994,0.285,0.85186,0.77578,0.84804,0.86452,0.62042,1.18682,1.38042,1.31938,0.0028918,0.0028918,0.0028918
720,16868,0.39321,0.30662,0.86772,0.77928,0.84804,0.86473,0.61957,1.19005,1.39795,1.31981,0.0028819,0.0028819,0.0028819
721,16891.2,0.36203,0.27712,0.84951,0.77477,0.84314,0.86196,0.61928,1.19293,1.41569,1.32285,0.002872,0.002872,0.002872
722,16914.4,0.37373,0.29271,0.86015,0.77727,0.83824,0.86086,0.61776,1.19674,1.44607,1.32452,0.0028621,0.0028621,0.0028621
723,16937.7,0.3658,0.28016,0.85804,0.77727,0.83824,0.86053,0.61747,1.19795,1.46874,1.32305,0.0028522,0.0028522,0.0028522
724,16960.8,0.372,0.29071,0.85667,0.77027,0.83824,0.86017,0.61549,1.19707,1.47032,1.32249,0.0028423,0.0028423,0.0028423
725,16984,0.36387,0.27002,0.85785,0.77727,0.83824,0.86067,0.61568,1.19626,1.47091,1.32037,0.0028324,0.0028324,0.0028324
726,17007.2,0.35939,0.28465,0.861,0.78182,0.84314,0.86376,0.61586,1.19642,1.45996,1.32284,0.0028225,0.0028225,0.0028225
727,17030.4,0.37246,0.28665,0.85858,0.77477,0.84314,0.86322,0.6162,1.19609,1.44644,1.32328,0.0028126,0.0028126,0.0028126
728,17053.6,0.36103,0.28921,0.86093,0.77578,0.84804,0.8646,0.61787,1.19804,1.44063,1.32579,0.0028027,0.0028027,0.0028027
729,17076.8,0.36212,0.2807,0.85601,0.77679,0.85294,0.86644,0.61943,1.19594,1.4408,1.32217,0.0027928,0.0027928,0.0027928
730,17100,0.37209,0.28338,0.85311,0.78378,0.85294,0.86705,0.61999,1.19492,1.43493,1.32081,0.0027829,0.0027829,0.0027829
731,17123.2,0.36174,0.28112,0.8566,0.77928,0.84804,0.86426,0.61822,1.19488,1.43628,1.32219,0.002773,0.002773,0.002773
732,17146.3,0.37238,0.28644,0.85986,0.77578,0.84804,0.86386,0.61764,1.19408,1.42532,1.32144,0.0027631,0.0027631,0.0027631
733,17169.5,0.36604,0.28221,0.85151,0.77578,0.84804,0.86381,0.61827,1.19484,1.42885,1.32529,0.0027532,0.0027532,0.0027532
734,17192.8,0.35394,0.26825,0.84883,0.77232,0.84804,0.86336,0.61801,1.19452,1.43267,1.32964,0.0027433,0.0027433,0.0027433
735,17216,0.35931,0.28275,0.85559,0.77232,0.84804,0.86379,0.61803,1.19378,1.42079,1.3286,0.0027334,0.0027334,0.0027334
736,17239.2,0.36557,0.28629,0.86211,0.77232,0.84804,0.86364,0.61771,1.19025,1.39836,1.3267,0.0027235,0.0027235,0.0027235
737,17262.4,0.35664,0.28026,0.85434,0.77232,0.84804,0.86425,0.61886,1.18896,1.38836,1.32653,0.0027136,0.0027136,0.0027136
738,17285.6,0.37587,0.28104,0.86614,0.76889,0.84804,0.86414,0.61785,1.18563,1.37748,1.32365,0.0027037,0.0027037,0.0027037
739,17308.8,0.35412,0.27611,0.85261,0.76889,0.84804,0.86449,0.61824,1.18563,1.36603,1.32171,0.0026938,0.0026938,0.0026938
740,17332,0.36021,0.27497,0.85133,0.76549,0.84804,0.86408,0.6192,1.18576,1.35758,1.32208,0.0026839,0.0026839,0.0026839
741,17355.2,0.34366,0.26999,0.85096,0.82175,0.83616,0.86741,0.62056,1.18417,1.33795,1.32135,0.002674,0.002674,0.002674
742,17378.4,0.36959,0.29504,0.85454,0.76991,0.85294,0.86668,0.61908,1.18245,1.31944,1.32045,0.0026641,0.0026641,0.0026641
743,17401.6,0.36403,0.28085,0.85208,0.76991,0.85294,0.86575,0.61924,1.17791,1.30092,1.31763,0.0026542,0.0026542,0.0026542
744,17424.7,0.36857,0.28434,0.86248,0.76652,0.85294,0.8649,0.6179,1.17346,1.29082,1.31309,0.0026443,0.0026443,0.0026443
745,17448,0.3474,0.26598,0.85739,0.76652,0.85294,0.86462,0.62044,1.16866,1.28187,1.30768,0.0026344,0.0026344,0.0026344
746,17471.2,0.36017,0.27602,0.85219,0.76991,0.85294,0.86488,0.62044,1.16454,1.26555,1.30231,0.0026245,0.0026245,0.0026245
747,17494.3,0.3674,0.28922,0.85889,0.76991,0.85294,0.86462,0.62061,1.16021,1.25318,1.2971,0.0026146,0.0026146,0.0026146
748,17517.6,0.36765,0.29223,0.86375,0.77333,0.85294,0.86489,0.6208,1.15521,1.23741,1.29341,0.0026047,0.0026047,0.0026047
749,17540.9,0.34275,0.26319,0.83974,0.76991,0.85294,0.86516,0.62233,1.1559,1.22777,1.29374,0.0025948,0.0025948,0.0025948
750,17564.2,0.35835,0.28949,0.85477,0.77578,0.84804,0.86407,0.62549,1.1565,1.22881,1.29353,0.0025849,0.0025849,0.0025849
751,17587.4,0.36871,0.29346,0.8623,0.78281,0.84804,0.86467,0.62554,1.15449,1.22969,1.29087,0.002575,0.002575,0.002575
752,17610.7,0.36326,0.28655,0.8586,0.78281,0.84804,0.86429,0.62605,1.1536,1.22786,1.28935,0.0025651,0.0025651,0.0025651
753,17633.9,0.35855,0.27666,0.85259,0.77828,0.84314,0.86163,0.62347,1.15562,1.22558,1.28832,0.0025552,0.0025552,0.0025552
754,17657.1,0.36618,0.29318,0.8585,0.78281,0.84804,0.86404,0.62497,1.15562,1.22236,1.28733,0.0025453,0.0025453,0.0025453
755,17680.3,0.34266,0.26041,0.84728,0.78539,0.84314,0.86229,0.62393,1.15656,1.22373,1.28661,0.0025354,0.0025354,0.0025354
756,17703.5,0.36942,0.28477,0.86125,0.78539,0.84314,0.86276,0.62368,1.15725,1.22518,1.28432,0.0025255,0.0025255,0.0025255
757,17726.8,0.34015,0.26779,0.84091,0.7844,0.83824,0.86011,0.62328,1.15439,1.22152,1.28138,0.0025156,0.0025156,0.0025156
758,17750,0.34691,0.2563,0.8515,0.78082,0.83824,0.86022,0.6242,1.1536,1.21915,1.27949,0.0025057,0.0025057,0.0025057
759,17773.2,0.35471,0.26952,0.84796,0.77828,0.84314,0.86145,0.62382,1.15125,1.2047,1.27802,0.0024958,0.0024958,0.0024958
760,17796.4,0.36149,0.28259,0.85538,0.77477,0.84314,0.86146,0.62494,1.15045,1.19465,1.27953,0.0024859,0.0024859,0.0024859
761,17819.7,0.35454,0.27304,0.85297,0.7713,0.84314,0.86134,0.62413,1.15065,1.18965,1.28067,0.002476,0.002476,0.002476
762,17842.9,0.34341,0.26001,0.84779,0.77477,0.84314,0.86163,0.623,1.15167,1.20304,1.28183,0.0024661,0.0024661,0.0024661
763,17866.1,0.34939,0.27281,0.85853,0.77477,0.84314,0.86195,0.62356,1.1515,1.19955,1.28333,0.0024562,0.0024562,0.0024562
764,17889.3,0.34635,0.26871,0.85443,0.7713,0.84314,0.86176,0.62328,1.15378,1.20266,1.28347,0.0024463,0.0024463,0.0024463
765,17912.5,0.3568,0.28708,0.85196,0.77477,0.84314,0.86248,0.62487,1.15522,1.20257,1.28365,0.0024364,0.0024364,0.0024364
766,17935.7,0.34773,0.27382,0.85742,0.76889,0.84804,0.86366,0.62545,1.15882,1.21235,1.28489,0.0024265,0.0024265,0.0024265
767,17958.9,0.34703,0.26363,0.85297,0.76316,0.85294,0.86596,0.62477,1.16247,1.22424,1.28907,0.0024166,0.0024166,0.0024166
768,17982.2,0.34037,0.27273,0.85454,0.84929,0.77345,0.86231,0.6231,1.16357,1.22853,1.29165,0.0024067,0.0024067,0.0024067
769,18005.4,0.35626,0.27156,0.85935,0.85676,0.7598,0.8615,0.62246,1.16324,1.22278,1.29125,0.0023968,0.0023968,0.0023968
770,18028.6,0.35505,0.26767,0.84905,0.85764,0.7598,0.86171,0.62228,1.16555,1.22411,1.29485,0.0023869,0.0023869,0.0023869
771,18051.8,0.3555,0.26464,0.84855,0.84748,0.78989,0.8646,0.62255,1.16614,1.2273,1.29592,0.002377,0.002377,0.002377
772,18075,0.33001,0.24749,0.84714,0.85711,0.76448,0.85728,0.6211,1.16956,1.23633,1.29758,0.0023671,0.0023671,0.0023671
773,18098.3,0.34182,0.25589,0.85568,0.85696,0.76356,0.85525,0.62025,1.16812,1.2408,1.29953,0.0023572,0.0023572,0.0023572
774,18121.5,0.34494,0.26355,0.84176,0.85221,0.7598,0.85657,0.61991,1.16881,1.25259,1.30109,0.0023473,0.0023473,0.0023473
775,18144.7,0.34832,0.2665,0.84915,0.85192,0.76148,0.85684,0.6214,1.16935,1.26156,1.30033,0.0023374,0.0023374,0.0023374
776,18167.9,0.33192,0.26787,0.84533,0.84828,0.77451,0.85768,0.62243,1.16995,1.26292,1.29893,0.0023275,0.0023275,0.0023275
777,18191.1,0.33747,0.25549,0.85756,0.85201,0.762,0.85813,0.62177,1.17231,1.26389,1.30128,0.0023176,0.0023176,0.0023176
778,18214.3,0.3467,0.26791,0.85893,0.85204,0.76217,0.8579,0.62162,1.17236,1.2574,1.30161,0.0023077,0.0023077,0.0023077
779,18237.5,0.33972,0.26573,0.85062,0.8518,0.76074,0.85821,0.62172,1.17202,1.25554,1.30183,0.0022978,0.0022978,0.0022978
780,18260.7,0.3327,0.25922,0.84432,0.85167,0.7598,0.85799,0.62099,1.17467,1.27029,1.30504,0.0022879,0.0022879,0.0022879
781,18283.9,0.33551,0.26614,0.8556,0.85687,0.763,0.8581,0.61997,1.17403,1.27762,1.30393,0.002278,0.002278,0.002278
782,18307.2,0.35198,0.27586,0.85112,0.85685,0.7629,0.85849,0.62126,1.17464,1.28598,1.30349,0.0022681,0.0022681,0.0022681
783,18330.5,0.34278,0.27232,0.84832,0.85692,0.76331,0.85864,0.62116,1.1745,1.28425,1.30195,0.0022582,0.0022582,0.0022582
784,18353.8,0.35361,0.2842,0.85937,0.85777,0.76863,0.85838,0.62161,1.17321,1.28644,1.29999,0.0022483,0.0022483,0.0022483
785,18377,0.33512,0.26512,0.84801,0.85582,0.76961,0.85796,0.6223,1.17691,1.2912,1.30126,0.0022384,0.0022384,0.0022384
786,18400.2,0.33889,0.2615,0.84649,0.85649,0.76961,0.85781,0.62264,1.17913,1.29495,1.30362,0.0022285,0.0022285,0.0022285
787,18423.4,0.32905,0.25705,0.84739,0.83878,0.7906,0.8582,0.62093,1.17991,1.29313,1.30311,0.0022186,0.0022186,0.0022186
788,18446.6,0.34105,0.2626,0.85143,0.8235,0.80392,0.85876,0.6219,1.17858,1.29076,1.30231,0.0022087,0.0022087,0.0022087
789,18469.8,0.34532,0.26814,0.85621,0.84878,0.77038,0.85885,0.62148,1.17641,1.27806,1.29994,0.0021988,0.0021988,0.0021988
790,18493,0.32125,0.24683,0.84073,0.84872,0.76961,0.85841,0.62102,1.17425,1.27118,1.2969,0.0021889,0.0021889,0.0021889
791,18516.3,0.35532,0.27252,0.85845,0.85281,0.76961,0.85644,0.61896,1.17173,1.26284,1.29395,0.002179,0.002179,0.002179
792,18539.5,0.3437,0.26474,0.84933,0.86617,0.76143,0.8572,0.62132,1.16968,1.26155,1.29383,0.0021691,0.0021691,0.0021691
793,18562.7,0.3351,0.26576,0.84763,0.86603,0.7605,0.85939,0.62165,1.16871,1.25385,1.29288,0.0021592,0.0021592,0.0021592
794,18585.9,0.33339,0.26085,0.83904,0.86615,0.76131,0.85768,0.62027,1.16795,1.25524,1.29161,0.0021493,0.0021493,0.0021493
795,18609.2,0.33731,0.26191,0.8542,0.87077,0.75969,0.857,0.62096,1.16865,1.26279,1.29193,0.0021394,0.0021394,0.0021394
796,18632.4,0.33279,0.2649,0.84122,0.86818,0.7598,0.85722,0.62047,1.16695,1.25311,1.29116,0.0021295,0.0021295,0.0021295
797,18655.6,0.33301,0.26019,0.8508,0.86749,0.7598,0.85739,0.62169,1.16691,1.25449,1.29032,0.0021196,0.0021196,0.0021196
798,18678.8,0.32135,0.25117,0.85125,0.86655,0.7598,0.8575,0.62364,1.1666,1.24089,1.28995,0.0021097,0.0021097,0.0021097
799,18702,0.33598,0.25987,0.84818,0.86595,0.76001,0.85967,0.62476,1.16754,1.24704,1.29131,0.0020998,0.0020998,0.0020998
800,18725.2,0.3391,0.26352,0.8471,0.86637,0.76277,0.85738,0.62518,1.16589,1.24175,1.28799,0.0020899,0.0020899,0.0020899
801,18748.4,0.33416,0.26077,0.84892,0.86639,0.76285,0.85944,0.62592,1.16583,1.24283,1.28751,0.00208,0.00208,0.00208
802,18771.6,0.33616,0.25535,0.84873,0.866,0.76035,0.8574,0.62504,1.1652,1.24377,1.28594,0.0020701,0.0020701,0.0020701
803,18794.8,0.32371,0.25287,0.84218,0.86587,0.75949,0.85755,0.62528,1.1651,1.23948,1.28721,0.0020602,0.0020602,0.0020602
804,18818,0.32119,0.25182,0.84456,0.86666,0.76466,0.85769,0.62397,1.16513,1.24239,1.28652,0.0020503,0.0020503,0.0020503
805,18841.2,0.31747,0.24912,0.84224,0.8665,0.76362,0.85813,0.62403,1.16521,1.24732,1.28661,0.0020404,0.0020404,0.0020404
806,18864.5,0.32583,0.25995,0.84575,0.85942,0.7598,0.85647,0.62379,1.16351,1.24591,1.28527,0.0020305,0.0020305,0.0020305
807,18887.8,0.33443,0.25296,0.84443,0.85719,0.765,0.85837,0.62334,1.16388,1.24493,1.28423,0.0020206,0.0020206,0.0020206
808,18910.9,0.32619,0.25683,0.84592,0.85718,0.76491,0.85885,0.62309,1.1622,1.2415,1.28358,0.0020107,0.0020107,0.0020107
809,18934.2,0.32204,0.25413,0.84798,0.8616,0.76961,0.85888,0.62245,1.16227,1.24322,1.28348,0.0020008,0.0020008,0.0020008
810,18957.5,0.32569,0.25513,0.84844,0.86666,0.76465,0.85893,0.62267,1.16324,1.24296,1.28411,0.0019909,0.0019909,0.0019909
811,18980.7,0.32991,0.26292,0.85889,0.86208,0.76602,0.85906,0.62198,1.16578,1.24744,1.2879,0.001981,0.001981,0.001981
812,19003.9,0.34259,0.27298,0.85854,0.86224,0.76707,0.85678,0.62091,1.16735,1.25062,1.2894,0.0019711,0.0019711,0.0019711
813,19027.1,0.32585,0.2509,0.84438,0.86237,0.76786,0.85717,0.62249,1.16608,1.25068,1.28832,0.0019612,0.0019612,0.0019612
814,19050.4,0.31967,0.24251,0.84139,0.85958,0.76471,0.85726,0.62232,1.16618,1.25512,1.2891,0.0019513,0.0019513,0.0019513
815,19073.5,0.3356,0.25902,0.85208,0.85846,0.76471,0.85729,0.62305,1.16485,1.25235,1.28683,0.0019414,0.0019414,0.0019414
816,19096.7,0.33244,0.26043,0.85075,0.87639,0.76458,0.86171,0.62354,1.16432,1.25327,1.28581,0.0019315,0.0019315,0.0019315
817,19120,0.32804,0.25986,0.85037,0.86146,0.76204,0.85749,0.62353,1.16149,1.24976,1.28466,0.0019216,0.0019216,0.0019216
818,19143.2,0.3179,0.24307,0.84405,0.86498,0.7598,0.85742,0.62383,1.16075,1.24931,1.28406,0.0019117,0.0019117,0.0019117
819,19166.4,0.31751,0.24782,0.84799,0.87576,0.76017,0.86174,0.62323,1.15956,1.24046,1.28323,0.0019018,0.0019018,0.0019018
820,19189.7,0.3296,0.25899,0.85027,0.868,0.76471,0.86136,0.62354,1.15662,1.2285,1.283,0.0018919,0.0018919,0.0018919
821,19212.9,0.32125,0.25279,0.8454,0.86262,0.76949,0.85787,0.6215,1.15658,1.22501,1.28338,0.001882,0.001882,0.001882
822,19236.1,0.32006,0.24896,0.84094,0.86803,0.77384,0.8622,0.62201,1.15547,1.21669,1.28334,0.0018721,0.0018721,0.0018721
823,19259.4,0.32795,0.25818,0.84929,0.86572,0.7598,0.85837,0.62211,1.15655,1.21663,1.28482,0.0018622,0.0018622,0.0018622
824,19282.6,0.32839,0.26735,0.85,0.86529,0.75567,0.86026,0.62245,1.16045,1.22493,1.29269,0.0018523,0.0018523,0.0018523
825,19305.9,0.31613,0.24756,0.83918,0.86585,0.7549,0.86077,0.62375,1.16148,1.22132,1.29419,0.0018424,0.0018424,0.0018424
826,19329.1,0.32257,0.25508,0.84865,0.86956,0.7549,0.86085,0.62393,1.16099,1.21739,1.29515,0.0018325,0.0018325,0.0018325
827,19352.4,0.31901,0.25139,0.84728,0.87136,0.7549,0.86207,0.62353,1.16141,1.21807,1.29642,0.0018226,0.0018226,0.0018226
828,19375.7,0.33301,0.25032,0.84513,0.87327,0.7549,0.86257,0.6247,1.16222,1.22216,1.29689,0.0018127,0.0018127,0.0018127
829,19398.9,0.32663,0.24745,0.84268,0.88102,0.7549,0.8629,0.62466,1.16158,1.22605,1.29749,0.0018028,0.0018028,0.0018028
830,19422.1,0.31911,0.24434,0.84589,0.89226,0.75,0.86315,0.62564,1.16141,1.23838,1.29763,0.0017929,0.0017929,0.0017929
831,19445.4,0.32382,0.25172,0.8408,0.8996,0.74671,0.86276,0.62494,1.16143,1.24345,1.2975,0.001783,0.001783,0.001783
832,19468.6,0.31426,0.25103,0.84383,0.89968,0.7451,0.86299,0.62523,1.16156,1.24932,1.29781,0.0017731,0.0017731,0.0017731
833,19491.8,0.31811,0.2465,0.84566,0.89987,0.74894,0.86282,0.62576,1.16168,1.2531,1.29764,0.0017632,0.0017632,0.0017632
834,19515.1,0.32389,0.2537,0.8437,0.90121,0.7451,0.86057,0.6239,1.16115,1.25182,1.29723,0.0017533,0.0017533,0.0017533
835,19538.4,0.30066,0.2342,0.84109,0.90085,0.7451,0.86041,0.62386,1.16175,1.25444,1.29834,0.0017434,0.0017434,0.0017434
836,19561.6,0.31314,0.24904,0.84397,0.90043,0.7451,0.86011,0.62333,1.16176,1.25164,1.29974,0.0017335,0.0017335,0.0017335
837,19584.9,0.32622,0.25754,0.85035,0.8995,0.74586,0.86008,0.62282,1.16165,1.25124,1.30015,0.0017236,0.0017236,0.0017236
838,19608.1,0.31983,0.25096,0.84549,0.89963,0.74697,0.86036,0.62274,1.16175,1.2491,1.30156,0.0017137,0.0017137,0.0017137
839,19631.3,0.33446,0.25664,0.85617,0.89524,0.75404,0.86367,0.62365,1.16122,1.2434,1.30226,0.0017038,0.0017038,0.0017038
840,19654.5,0.32166,0.25232,0.85349,0.89478,0.7451,0.86047,0.62334,1.16117,1.23944,1.30253,0.0016939,0.0016939,0.0016939
841,19677.7,0.31867,0.25792,0.83947,0.89431,0.7451,0.86028,0.62307,1.16199,1.23759,1.30418,0.001684,0.001684,0.001684
842,19700.9,0.33321,0.25577,0.85368,0.8924,0.7549,0.86336,0.62266,1.16131,1.23149,1.3053,0.0016741,0.0016741,0.0016741
843,19724.1,0.31168,0.25131,0.841,0.89283,0.75,0.8603,0.62214,1.16192,1.22373,1.3065,0.0016642,0.0016642,0.0016642
844,19747.3,0.32652,0.24914,0.84996,0.89026,0.7549,0.86362,0.6221,1.16145,1.22027,1.30545,0.0016543,0.0016543,0.0016543
845,19770.5,0.30113,0.23474,0.83648,0.89608,0.76471,0.86785,0.62078,1.16215,1.22093,1.30737,0.0016444,0.0016444,0.0016444
846,19793.7,0.30329,0.24364,0.8289,0.89666,0.76471,0.86807,0.62065,1.16156,1.21435,1.30685,0.0016345,0.0016345,0.0016345
847,19816.9,0.31873,0.24456,0.83956,0.8907,0.7598,0.86412,0.62024,1.16137,1.21586,1.30762,0.0016246,0.0016246,0.0016246
848,19840.1,0.3168,0.2524,0.84014,0.89401,0.7598,0.8639,0.62042,1.16103,1.21657,1.30756,0.0016147,0.0016147,0.0016147
849,19863.3,0.31574,0.24741,0.83734,0.89046,0.75,0.86103,0.62036,1.16146,1.22134,1.30718,0.0016048,0.0016048,0.0016048
850,19886.5,0.30535,0.24595,0.84065,0.89002,0.7598,0.86418,0.62071,1.16109,1.22106,1.30711,0.0015949,0.0015949,0.0015949
851,19909.7,0.33031,0.25716,0.8555,0.89394,0.7598,0.86402,0.61995,1.1611,1.22064,1.30777,0.001585,0.001585,0.001585
852,19932.9,0.29621,0.23255,0.83583,0.89332,0.7598,0.86554,0.62131,1.16119,1.222,1.30832,0.0015751,0.0015751,0.0015751
853,19956.1,0.31901,0.24399,0.84916,0.89408,0.7598,0.86616,0.62167,1.16051,1.22176,1.30853,0.0015652,0.0015652,0.0015652
854,19979.3,0.29861,0.23582,0.84342,0.88698,0.7598,0.8656,0.62132,1.16066,1.2231,1.30854,0.0015553,0.0015553,0.0015553
855,20002.6,0.31044,0.24704,0.8454,0.89555,0.7598,0.86585,0.6216,1.15918,1.22379,1.30823,0.0015454,0.0015454,0.0015454
856,20025.8,0.32216,0.25112,0.85505,0.88587,0.7598,0.86571,0.62167,1.15912,1.22571,1.30911,0.0015355,0.0015355,0.0015355
857,20048.9,0.30027,0.23216,0.83079,0.88598,0.7598,0.86336,0.62165,1.15811,1.22142,1.30747,0.0015256,0.0015256,0.0015256
858,20072.2,0.31985,0.23639,0.85059,0.88704,0.7598,0.86325,0.62131,1.15606,1.21419,1.30639,0.0015157,0.0015157,0.0015157
859,20095.3,0.29379,0.22422,0.83394,0.88617,0.7598,0.86304,0.62131,1.15529,1.2122,1.30552,0.0015058,0.0015058,0.0015058
860,20118.6,0.30608,0.23304,0.84254,0.88444,0.7598,0.86256,0.62088,1.15479,1.20955,1.30497,0.0014959,0.0014959,0.0014959
861,20141.8,0.31117,0.24132,0.84169,0.88091,0.7598,0.86239,0.61949,1.15343,1.20812,1.30443,0.001486,0.001486,0.001486
862,20165.1,0.30521,0.24782,0.83389,0.88023,0.7598,0.86174,0.61896,1.15394,1.21435,1.30586,0.0014761,0.0014761,0.0014761
863,20188.3,0.30903,0.23482,0.84645,0.87922,0.7598,0.86118,0.61758,1.15309,1.20921,1.30404,0.0014662,0.0014662,0.0014662
864,20211.5,0.31539,0.2444,0.84585,0.8802,0.7598,0.86089,0.6183,1.15199,1.20701,1.3043,0.0014563,0.0014563,0.0014563
865,20234.7,0.31935,0.24949,0.8487,0.88068,0.75977,0.86079,0.61705,1.15276,1.21002,1.3051,0.0014464,0.0014464,0.0014464
866,20257.9,0.31068,0.24198,0.83926,0.87571,0.75984,0.86162,0.61701,1.15255,1.21029,1.30502,0.0014365,0.0014365,0.0014365
867,20281.1,0.31838,0.25893,0.85012,0.87642,0.76479,0.86156,0.61723,1.15263,1.20646,1.30816,0.0014266,0.0014266,0.0014266
868,20304.3,0.31238,0.23998,0.83561,0.87648,0.76521,0.86143,0.61727,1.15366,1.20786,1.30972,0.0014167,0.0014167,0.0014167
869,20327.6,0.29995,0.24351,0.83643,0.8765,0.7654,0.86137,0.61667,1.15168,1.20603,1.30767,0.0014068,0.0014068,0.0014068
870,20350.8,0.29232,0.21969,0.83104,0.87648,0.76522,0.86175,0.61624,1.15202,1.20948,1.30828,0.0013969,0.0013969,0.0013969
871,20374,0.30257,0.23317,0.83473,0.87658,0.76595,0.86184,0.61601,1.15124,1.20842,1.30922,0.001387,0.001387,0.001387
872,20397.2,0.28321,0.21936,0.82277,0.87653,0.76563,0.86188,0.61606,1.15316,1.21205,1.3106,0.0013771,0.0013771,0.0013771
873,20420.4,0.29656,0.23808,0.83832,0.87164,0.76558,0.8605,0.61866,1.15426,1.21213,1.31156,0.0013672,0.0013672,0.0013672
874,20443.6,0.30776,0.23487,0.84322,0.87163,0.76551,0.86022,0.61695,1.15418,1.21732,1.31238,0.0013573,0.0013573,0.0013573
875,20466.7,0.29637,0.23095,0.83107,0.87161,0.76542,0.86021,0.61596,1.15497,1.22072,1.31298,0.0013474,0.0013474,0.0013474
876,20489.9,0.30859,0.2377,0.8378,0.87162,0.76547,0.86017,0.61703,1.15409,1.22005,1.31324,0.0013375,0.0013375,0.0013375
877,20513.2,0.29642,0.22938,0.83513,0.87067,0.76471,0.86058,0.61769,1.15437,1.21727,1.31379,0.0013276,0.0013276,0.0013276
878,20536.4,0.29631,0.23783,0.83519,0.8707,0.76471,0.86023,0.61787,1.15436,1.21617,1.31189,0.0013177,0.0013177,0.0013177
879,20559.6,0.30133,0.24643,0.83893,0.8694,0.75053,0.85693,0.61702,1.15208,1.21249,1.31161,0.0013078,0.0013078,0.0013078
880,20582.8,0.2998,0.22748,0.84758,0.87063,0.75,0.85683,0.61694,1.15241,1.2143,1.31215,0.0012979,0.0012979,0.0012979
881,20606.1,0.30217,0.24041,0.84844,0.87483,0.75377,0.85664,0.61723,1.153,1.21635,1.3123,0.001288,0.001288,0.001288
882,20629.4,0.31149,0.25109,0.85068,0.87068,0.75,0.85668,0.61736,1.15232,1.21161,1.31142,0.0012781,0.0012781,0.0012781
883,20652.5,0.29833,0.22909,0.84031,0.86972,0.7549,0.85668,0.6174,1.15152,1.21184,1.30998,0.0012682,0.0012682,0.0012682
884,20675.7,0.29119,0.23306,0.8382,0.86995,0.7549,0.85668,0.61643,1.15044,1.21026,1.30878,0.0012583,0.0012583,0.0012583
885,20698.9,0.31412,0.2423,0.84604,0.87475,0.7532,0.85657,0.61635,1.15168,1.20699,1.30973,0.0012484,0.0012484,0.0012484
886,20722.1,0.29755,0.23539,0.84297,0.87483,0.75377,0.85612,0.61715,1.15208,1.20611,1.3099,0.0012385,0.0012385,0.0012385
887,20745.3,0.31333,0.24555,0.84421,0.87002,0.75,0.85599,0.61662,1.14987,1.19823,1.30746,0.0012286,0.0012286,0.0012286
888,20768.6,0.2944,0.22985,0.84183,0.87143,0.75,0.85584,0.61752,1.15075,1.19555,1.30824,0.0012187,0.0012187,0.0012187
889,20791.8,0.29095,0.22979,0.8355,0.86961,0.75195,0.85584,0.61792,1.1496,1.19499,1.30747,0.0012088,0.0012088,0.0012088
890,20815,0.30474,0.23964,0.84489,0.87564,0.7598,0.85649,0.61598,1.14987,1.19558,1.30717,0.0011989,0.0011989,0.0011989
891,20838.2,0.31319,0.25082,0.84086,0.87752,0.75,0.85645,0.6151,1.15034,1.19825,1.30785,0.001189,0.001189,0.001189
892,20861.4,0.2881,0.23741,0.82897,0.87541,0.7598,0.85615,0.61658,1.14956,1.19624,1.30629,0.0011791,0.0011791,0.0011791
893,20884.7,0.2836,0.22121,0.82421,0.87519,0.75,0.85553,0.61598,1.14936,1.19837,1.30737,0.0011692,0.0011692,0.0011692
894,20907.9,0.30051,0.22953,0.82982,0.86932,0.75003,0.85411,0.61615,1.15009,1.20227,1.30779,0.0011593,0.0011593,0.0011593
895,20931.1,0.2927,0.23404,0.83622,0.86937,0.75,0.85424,0.61458,1.15049,1.20523,1.30786,0.0011494,0.0011494,0.0011494
896,20954.4,0.29667,0.23032,0.8373,0.86983,0.75,0.85358,0.61518,1.15129,1.21228,1.30939,0.0011395,0.0011395,0.0011395
897,20977.6,0.30394,0.24116,0.84525,0.86932,0.75003,0.85377,0.61333,1.1506,1.20728,1.30858,0.0011296,0.0011296,0.0011296
898,21000.9,0.29528,0.23644,0.8406,0.87424,0.75,0.85331,0.61266,1.15077,1.20527,1.30854,0.0011197,0.0011197,0.0011197
899,21024.1,0.29775,0.23356,0.84023,0.87517,0.7451,0.85302,0.61265,1.15211,1.20592,1.30908,0.0011098,0.0011098,0.0011098
900,21047.4,0.29889,0.2413,0.84377,0.8789,0.74712,0.85271,0.61152,1.15221,1.2094,1.30902,0.0010999,0.0010999,0.0010999
901,21070.6,0.29444,0.23453,0.84161,0.87908,0.74838,0.85257,0.61162,1.15253,1.20931,1.30874,0.00109,0.00109,0.00109
902,21093.9,0.29901,0.23435,0.83866,0.87567,0.7451,0.85235,0.61155,1.15213,1.21009,1.30867,0.0010801,0.0010801,0.0010801
903,21117.1,0.30254,0.23965,0.8467,0.87366,0.74572,0.85229,0.61144,1.15091,1.20684,1.30733,0.0010702,0.0010702,0.0010702
904,21140.4,0.28335,0.23168,0.83851,0.876,0.7451,0.85225,0.61148,1.15106,1.20894,1.30707,0.0010603,0.0010603,0.0010603
905,21163.6,0.28912,0.22913,0.8386,0.87393,0.74756,0.85227,0.61114,1.15186,1.2131,1.30762,0.0010504,0.0010504,0.0010504
906,21186.9,0.29306,0.23333,0.83844,0.87398,0.74794,0.85207,0.61139,1.15282,1.2133,1.3072,0.0010405,0.0010405,0.0010405
907,21210.2,0.28619,0.22831,0.83543,0.86944,0.7451,0.85193,0.61149,1.15237,1.21368,1.30748,0.0010306,0.0010306,0.0010306
908,21233.5,0.28716,0.23147,0.8345,0.87018,0.7451,0.85209,0.61175,1.15167,1.20809,1.30621,0.0010207,0.0010207,0.0010207
