epoch,time,train/box_loss,train/cls_loss,train/dfl_loss,metrics/precision(B),metrics/recall(B),metrics/mAP50(B),metrics/mAP50-95(B),val/box_loss,val/cls_loss,val/dfl_loss,lr/pg0,lr/pg1,lr/pg2
1,29.6406,1.17422,4.40753,1.34772,0.53489,0.35762,0.20625,0.13771,0.75394,3.1801,1.01393,0.00326923,0.00326923,0.00326923
2,40.253,1.19603,2.54262,1.391,0.33474,0.63524,0.24024,0.16674,0.78159,7.21322,1.05744,0.00659603,0.00659603,0.00659603
3,50.7747,1.17711,1.93425,1.31178,0.37604,0.58947,0.2823,0.19749,0.81239,5.16031,1.02027,0.00991622,0.00991622,0.00991622
4,61.2346,1.2177,1.77997,1.316,0.39305,0.54466,0.30109,0.20107,0.83406,7.65286,1.00392,0.0099703,0.0099703,0.0099703
5,71.7943,1.1516,1.71781,1.28054,0.45016,0.52481,0.34907,0.2499,0.82313,5.86276,1.00948,0.0099604,0.0099604,0.0099604
6,82.2848,1.14931,1.62636,1.27395,0.51285,0.5293,0.39877,0.2759,0.83104,8.67528,1.00223,0.0099505,0.0099505,0.0099505
7,92.8708,1.15642,1.62878,1.27022,0.54132,0.43582,0.41916,0.29117,0.84134,5.55099,1.01789,0.0099406,0.0099406,0.0099406
8,103.453,1.16412,1.6067,1.27788,0.48717,0.55581,0.37703,0.25535,0.8545,4.88034,1.00979,0.0099307,0.0099307,0.0099307
9,113.964,1.11242,1.53998,1.24439,0.53798,0.53977,0.40838,0.27702,0.83493,6.05476,0.98388,0.0099208,0.0099208,0.0099208
10,124.494,1.12441,1.51368,1.24712,0.29488,0.68376,0.4361,0.28905,0.87871,5.60582,1.01889,0.0099109,0.0099109,0.0099109
11,135.034,1.07597,1.47688,1.21096,0.56561,0.54561,0.45664,0.29292,0.85891,8.23057,1.01065,0.009901,0.009901,0.009901
12,145.72,1.04732,1.43273,1.21005,0.39645,0.63039,0.45393,0.30886,0.82934,3.84196,0.98906,0.0098911,0.0098911,0.0098911
13,156.492,1.11101,1.44854,1.22926,0.5751,0.50847,0.43232,0.28652,0.88427,2.70839,1.01424,0.0098812,0.0098812,0.0098812
14,166.983,1.08444,1.44895,1.20504,0.34996,0.68028,0.44674,0.30565,0.85312,5.02158,0.98657,0.0098713,0.0098713,0.0098713
15,177.467,1.09782,1.36779,1.22664,0.58896,0.51952,0.46764,0.31415,0.87411,3.38228,1.00129,0.0098614,0.0098614,0.0098614
16,188.152,1.07864,1.37086,1.20754,0.35425,0.61778,0.44321,0.29021,0.91078,3.89645,1.02207,0.0098515,0.0098515,0.0098515
17,198.729,1.05543,1.36423,1.18183,0.37186,0.58243,0.4756,0.32426,0.88578,4.06242,1.01809,0.0098416,0.0098416,0.0098416
18,209.531,1.03123,1.34448,1.17773,0.3254,0.63762,0.39677,0.27134,0.89224,3.1979,1.02983,0.0098317,0.0098317,0.0098317
19,220.064,1.06083,1.3506,1.19181,0.40193,0.65297,0.48988,0.33348,0.89158,3.83703,1.03437,0.0098218,0.0098218,0.0098218
20,230.685,1.02831,1.32068,1.15951,0.43877,0.5594,0.48338,0.31966,0.88535,6.17499,1.02624,0.0098119,0.0098119,0.0098119
21,241.285,1.01003,1.33451,1.1688,0.37408,0.62677,0.4773,0.33577,0.88329,3.7977,1.02134,0.009802,0.009802,0.009802
22,252.039,1.02796,1.31995,1.17958,0.43354,0.63635,0.50611,0.34524,0.8584,4.22898,1.01354,0.0097921,0.0097921,0.0097921
23,262.751,0.97331,1.22065,1.12395,0.49351,0.5467,0.48363,0.32023,0.89229,6.91171,1.04116,0.0097822,0.0097822,0.0097822
24,273.263,0.99114,1.24378,1.15139,0.51722,0.5609,0.51202,0.34594,0.86382,3.20479,1.00922,0.0097723,0.0097723,0.0097723
25,283.977,1.00292,1.31134,1.1703,0.50225,0.56544,0.50786,0.34769,0.87151,3.86996,1.00593,0.0097624,0.0097624,0.0097624
26,294.675,0.98944,1.23932,1.16811,0.47387,0.61867,0.52061,0.35073,0.86976,6.071,0.99499,0.0097525,0.0097525,0.0097525
27,305.382,0.9704,1.18195,1.12039,0.46775,0.56477,0.48786,0.34313,0.87142,4.41426,1.00589,0.0097426,0.0097426,0.0097426
28,315.798,0.97221,1.19387,1.13354,0.5052,0.58622,0.51771,0.35833,0.85932,6.80256,0.9852,0.0097327,0.0097327,0.0097327
29,326.518,0.95168,1.17065,1.12491,0.55309,0.52577,0.51852,0.35297,0.88071,6.35351,1.01705,0.0097228,0.0097228,0.0097228
30,337.008,0.97483,1.14645,1.12115,0.42694,0.61392,0.51916,0.35228,0.87794,5.12398,1.03417,0.0097129,0.0097129,0.0097129
31,347.597,0.99142,1.20308,1.1562,0.3702,0.57927,0.44231,0.26735,1.02397,5.28943,1.16358,0.009703,0.009703,0.009703
32,358.164,0.94714,1.14708,1.11866,0.62585,0.50381,0.55318,0.37626,0.85447,8.83412,1.01093,0.0096931,0.0096931,0.0096931
33,368.946,0.91439,1.0961,1.10001,0.64733,0.45066,0.55076,0.37003,0.86396,6.13945,1.01527,0.0096832,0.0096832,0.0096832
34,379.452,0.97199,1.17412,1.14409,0.5828,0.49984,0.52183,0.37176,0.85909,8.89694,1.01271,0.0096733,0.0096733,0.0096733
35,390.02,0.97519,1.1035,1.13374,0.51701,0.47633,0.47073,0.32164,0.89201,7.44191,1.02903,0.0096634,0.0096634,0.0096634
36,400.551,0.9209,1.05878,1.10871,0.54966,0.50562,0.52352,0.35934,0.88195,4.02173,1.02458,0.0096535,0.0096535,0.0096535
37,411.097,0.92415,1.08384,1.10449,0.55573,0.51984,0.50609,0.36359,0.85129,7.2747,1.01866,0.0096436,0.0096436,0.0096436
38,421.613,0.95054,1.11177,1.14324,0.51587,0.54197,0.50965,0.35585,0.84023,4.23302,0.99429,0.0096337,0.0096337,0.0096337
39,432.174,0.92146,1.03927,1.11238,0.4658,0.56241,0.51429,0.36216,0.86937,7.63546,1.02437,0.0096238,0.0096238,0.0096238
40,442.731,0.91172,1.04175,1.10641,0.59458,0.51053,0.51856,0.36388,0.86378,6.54925,1.04222,0.0096139,0.0096139,0.0096139
41,453.224,0.91138,1.03393,1.1097,0.62081,0.51856,0.53441,0.36742,0.86214,5.68171,1.00379,0.009604,0.009604,0.009604
42,463.765,0.92632,1.02689,1.09895,0.53058,0.53272,0.49535,0.33869,0.86827,6.40163,1.01866,0.0095941,0.0095941,0.0095941
43,474.379,0.87682,0.97427,1.09406,0.52315,0.5301,0.53165,0.35899,0.89105,5.71664,1.03062,0.0095842,0.0095842,0.0095842
44,484.895,0.92461,1.00142,1.11751,0.59035,0.47296,0.55248,0.37835,0.90847,4.98404,1.04726,0.0095743,0.0095743,0.0095743
45,495.6,0.85459,0.91912,1.0535,0.65803,0.41624,0.51755,0.35416,0.90818,2.72858,1.05998,0.0095644,0.0095644,0.0095644
46,506.199,0.91514,0.96828,1.09826,0.54586,0.52926,0.52448,0.35849,0.92614,3.07956,1.08918,0.0095545,0.0095545,0.0095545
47,516.682,0.87282,0.96354,1.06516,0.4922,0.58135,0.5266,0.3638,0.91866,4.68498,1.08447,0.0095446,0.0095446,0.0095446
48,527.315,0.85934,0.94168,1.06715,0.55679,0.45158,0.52601,0.37784,0.83992,5.78703,1.00017,0.0095347,0.0095347,0.0095347
49,537.855,0.86751,0.94072,1.07384,0.5461,0.531,0.55566,0.38706,0.86382,6.37439,1.02557,0.0095248,0.0095248,0.0095248
50,548.566,0.89162,0.92691,1.0963,0.58047,0.56262,0.57226,0.40002,0.8863,4.28956,1.0568,0.0095149,0.0095149,0.0095149
51,559.417,0.87044,0.93672,1.088,0.58566,0.55964,0.57273,0.40333,0.86247,7.67542,1.02172,0.009505,0.009505,0.009505
52,570.177,0.89921,0.92541,1.08249,0.52325,0.48714,0.49674,0.34212,0.95355,2.9063,1.11221,0.0094951,0.0094951,0.0094951
53,580.637,0.89396,0.94565,1.09056,0.50849,0.6438,0.59417,0.41336,0.86296,4.85141,0.9975,0.0094852,0.0094852,0.0094852
54,591.511,0.8629,0.85929,1.07289,0.5755,0.5758,0.5703,0.40994,0.86268,5.58294,1.02628,0.0094753,0.0094753,0.0094753
55,602.01,0.8713,0.89991,1.07506,0.59517,0.51444,0.54666,0.37814,0.87386,7.10317,1.04469,0.0094654,0.0094654,0.0094654
56,612.542,0.85579,0.93203,1.06687,0.43205,0.6554,0.52161,0.3636,0.8884,4.60789,1.03898,0.0094555,0.0094555,0.0094555
57,623.11,0.85522,0.91833,1.07276,0.5605,0.47127,0.52968,0.34583,0.89912,9.08496,1.05624,0.0094456,0.0094456,0.0094456
58,633.64,0.85339,0.8905,1.05975,0.57901,0.50738,0.56632,0.39226,0.8845,6.02024,1.03892,0.0094357,0.0094357,0.0094357
59,644.196,0.8714,0.89873,1.07972,0.59483,0.58788,0.55508,0.36826,0.91265,5.25437,1.06393,0.0094258,0.0094258,0.0094258
60,654.709,0.85375,0.8653,1.07684,0.54309,0.60775,0.5938,0.42299,0.89579,7.11549,1.07746,0.0094159,0.0094159,0.0094159
61,665.539,0.83374,0.85612,1.06391,0.61738,0.48646,0.55093,0.38232,0.92011,5.56392,1.10338,0.009406,0.009406,0.009406
62,676.039,0.8313,0.86953,1.04906,0.57585,0.59259,0.54948,0.3843,0.91424,3.3376,1.09167,0.0093961,0.0093961,0.0093961
63,686.538,0.86544,0.85607,1.07932,0.49736,0.5567,0.48386,0.32915,0.98143,4.63456,1.1337,0.0093862,0.0093862,0.0093862
64,697.032,0.81226,0.79368,1.04399,0.45135,0.49132,0.40079,0.27455,0.99306,12.6936,1.15032,0.0093763,0.0093763,0.0093763
65,707.576,0.8388,0.86512,1.07013,0.48401,0.57575,0.54677,0.38818,0.88382,3.21229,1.04324,0.0093664,0.0093664,0.0093664
66,718.213,0.88625,0.89538,1.09345,0.61219,0.48273,0.52993,0.36869,0.86878,6.43446,1.05464,0.0093565,0.0093565,0.0093565
67,728.745,0.84749,0.86262,1.04863,0.54065,0.57517,0.57597,0.40875,0.87281,5.62108,1.04193,0.0093466,0.0093466,0.0093466
68,739.264,0.812,0.82738,1.04633,0.63067,0.50267,0.54742,0.39316,0.88699,4.33182,1.08197,0.0093367,0.0093367,0.0093367
69,749.852,0.79184,0.79673,1.0164,0.56965,0.50619,0.53866,0.38144,0.88468,4.26797,1.06131,0.0093268,0.0093268,0.0093268
70,760.431,0.83652,0.82884,1.04823,0.51576,0.56399,0.52826,0.36552,0.88609,5.98223,1.05347,0.0093169,0.0093169,0.0093169
71,770.936,0.84585,0.82735,1.06624,0.49572,0.58545,0.53138,0.37905,0.85591,8.4055,1.03355,0.009307,0.009307,0.009307
72,781.461,0.81485,0.79922,1.04815,0.5988,0.49899,0.50883,0.34602,0.95401,5.25995,1.13507,0.0092971,0.0092971,0.0092971
73,792.057,0.83045,0.8114,1.054,0.54344,0.55191,0.51189,0.36367,0.89547,5.34501,1.06763,0.0092872,0.0092872,0.0092872
74,802.661,0.81652,0.82168,1.04397,0.57984,0.5525,0.53008,0.37077,0.87383,6.94617,1.06479,0.0092773,0.0092773,0.0092773
75,813.241,0.81872,0.80132,1.04071,0.55182,0.53796,0.53216,0.3884,0.89031,9.41342,1.06698,0.0092674,0.0092674,0.0092674
76,823.79,0.79429,0.77845,1.03668,0.51552,0.52718,0.5333,0.37899,0.89442,7.93056,1.0821,0.0092575,0.0092575,0.0092575
77,834.34,0.79876,0.77552,1.03426,0.61523,0.46268,0.55019,0.38394,0.88907,10.3298,1.10067,0.0092476,0.0092476,0.0092476
78,844.956,0.79674,0.74928,1.02534,0.53511,0.58848,0.5354,0.37393,0.88259,3.22308,1.06673,0.0092377,0.0092377,0.0092377
79,855.52,0.8178,0.8125,1.04971,0.60063,0.4712,0.53937,0.37456,0.87199,5.38139,1.08604,0.0092278,0.0092278,0.0092278
80,866.053,0.81913,0.77819,1.04566,0.49949,0.5891,0.53589,0.38377,0.86237,8.05893,1.05806,0.0092179,0.0092179,0.0092179
81,876.561,0.78279,0.75571,1.03088,0.62031,0.5329,0.59093,0.40785,0.85835,6.88164,1.04421,0.009208,0.009208,0.009208
82,887.166,0.77995,0.76044,1.01819,0.62871,0.49591,0.56197,0.39499,0.88099,4.51004,1.04939,0.0091981,0.0091981,0.0091981
83,897.789,0.78795,0.75393,1.03031,0.58354,0.54135,0.53724,0.36992,0.89826,5.13347,1.10509,0.0091882,0.0091882,0.0091882
84,908.309,0.77117,0.7362,1.02348,0.58017,0.5245,0.58005,0.40158,0.86537,5.23933,1.0742,0.0091783,0.0091783,0.0091783
85,918.933,0.77423,0.75936,1.03074,0.65255,0.49001,0.56594,0.39144,0.87071,5.43898,1.07324,0.0091684,0.0091684,0.0091684
86,929.483,0.80248,0.77605,1.0474,0.61388,0.5117,0.56954,0.39312,0.83879,3.9098,1.02753,0.0091585,0.0091585,0.0091585
87,940.09,0.77519,0.7489,1.04172,0.57983,0.50196,0.53248,0.37334,0.85542,6.34226,1.04188,0.0091486,0.0091486,0.0091486
88,950.602,0.78987,0.74044,1.03063,0.64885,0.49257,0.54044,0.38242,0.88095,6.64575,1.05237,0.0091387,0.0091387,0.0091387
89,961.194,0.77949,0.76811,1.02125,0.60271,0.49853,0.57043,0.40791,0.85634,9.54224,1.05661,0.0091288,0.0091288,0.0091288
90,971.75,0.77944,0.76963,1.02555,0.59523,0.45272,0.54942,0.3766,0.90233,6.00648,1.08468,0.0091189,0.0091189,0.0091189
91,982.324,0.77615,0.72687,1.01418,0.57518,0.51887,0.53894,0.38103,0.87036,6.85908,1.07599,0.009109,0.009109,0.009109
92,992.847,0.77896,0.72048,1.02834,0.64183,0.45736,0.53813,0.37825,0.91066,4.51597,1.07582,0.0090991,0.0090991,0.0090991
93,1003.41,0.7664,0.72648,1.02035,0.5582,0.5011,0.50272,0.35445,0.86213,4.65562,1.06617,0.0090892,0.0090892,0.0090892
94,1013.99,0.74984,0.74463,1.01851,0.61275,0.49439,0.53832,0.39142,0.87923,8.48693,1.0926,0.0090793,0.0090793,0.0090793
95,1024.51,0.75175,0.73344,1.01515,0.5718,0.53155,0.53597,0.37644,0.91249,3.85109,1.11304,0.0090694,0.0090694,0.0090694
96,1035.06,0.77731,0.73927,1.04398,0.56419,0.5217,0.5423,0.37955,0.85985,5.19238,1.0701,0.0090595,0.0090595,0.0090595
97,1045.61,0.78542,0.75202,1.0255,0.62796,0.53959,0.57146,0.39977,0.86807,2.87428,1.04977,0.0090496,0.0090496,0.0090496
98,1056.17,0.78181,0.73449,1.03973,0.52331,0.57392,0.53495,0.37221,0.89348,2.8508,1.08033,0.0090397,0.0090397,0.0090397
99,1066.71,0.76609,0.72644,1.02579,0.59953,0.50887,0.56157,0.39413,0.88249,3.82937,1.07205,0.0090298,0.0090298,0.0090298
100,1077.32,0.7361,0.69826,1.00476,0.67513,0.52444,0.5635,0.39265,0.88918,4.6828,1.08662,0.0090199,0.0090199,0.0090199
101,1087.81,0.77048,0.72966,1.02376,0.56751,0.53169,0.55575,0.38726,0.85223,3.71168,1.05568,0.00901,0.00901,0.00901
102,1098.38,0.77328,0.71828,1.02253,0.57065,0.51588,0.56007,0.3784,0.89857,6.54348,1.10078,0.0090001,0.0090001,0.0090001
103,1108.93,0.79553,0.72474,1.0377,0.522,0.60291,0.55581,0.39402,0.87724,4.29209,1.08321,0.0089902,0.0089902,0.0089902
104,1119.54,0.74714,0.72429,1.01729,0.54979,0.58098,0.55297,0.38776,0.90707,5.59509,1.11296,0.0089803,0.0089803,0.0089803
105,1130.04,0.76754,0.7341,1.0334,0.50037,0.60582,0.51902,0.35575,0.89807,4.42041,1.08624,0.0089704,0.0089704,0.0089704
106,1140.62,0.74325,0.7126,1.01137,0.52529,0.52871,0.54417,0.38267,0.85425,4.95034,1.07184,0.0089605,0.0089605,0.0089605
107,1151.17,0.75835,0.69393,1.01242,0.44158,0.61027,0.53223,0.37398,0.88474,4.08947,1.10674,0.0089506,0.0089506,0.0089506
108,1161.66,0.7745,0.71016,1.01929,0.55729,0.53604,0.5098,0.3552,0.89986,6.51559,1.13148,0.0089407,0.0089407,0.0089407
109,1172.25,0.74073,0.69596,0.99696,0.46116,0.61509,0.51994,0.36416,0.84997,6.22943,1.04723,0.0089308,0.0089308,0.0089308
110,1182.75,0.74247,0.70491,1.01645,0.53487,0.5746,0.56403,0.38478,0.89374,3.61908,1.09193,0.0089209,0.0089209,0.0089209
111,1193.3,0.74265,0.6977,1.01857,0.61685,0.47974,0.53844,0.38173,0.89114,5.56239,1.14103,0.008911,0.008911,0.008911
112,1203.87,0.73403,0.66192,1.00463,0.57107,0.53396,0.54989,0.39106,0.89559,3.27006,1.12278,0.0089011,0.0089011,0.0089011
113,1214.38,0.73181,0.65419,1.00435,0.49367,0.56545,0.516,0.36359,0.85017,3.63096,1.06504,0.0088912,0.0088912,0.0088912
114,1224.98,0.72494,0.64574,0.9944,0.49561,0.60316,0.53585,0.37841,0.89542,3.49504,1.09903,0.0088813,0.0088813,0.0088813
115,1235.58,0.72951,0.68471,1.01363,0.55966,0.51058,0.51919,0.37818,0.87803,4.47843,1.09679,0.0088714,0.0088714,0.0088714
116,1246.08,0.72305,0.66902,0.99203,0.5188,0.54689,0.53139,0.37192,0.86872,3.19156,1.07985,0.0088615,0.0088615,0.0088615
117,1256.68,0.71976,0.67067,0.9859,0.5898,0.47724,0.53601,0.37369,0.9103,4.79444,1.11084,0.0088516,0.0088516,0.0088516
118,1267.24,0.69794,0.63959,0.99203,0.62226,0.53845,0.5556,0.38513,0.89247,4.73357,1.07679,0.0088417,0.0088417,0.0088417
119,1277.76,0.72934,0.68005,1.00698,0.51192,0.54889,0.52866,0.37061,0.896,3.86589,1.10485,0.0088318,0.0088318,0.0088318
120,1288.34,0.73557,0.66683,1.01359,0.53678,0.56602,0.5357,0.36863,0.8995,4.93085,1.10366,0.0088219,0.0088219,0.0088219
121,1298.93,0.72819,0.66769,0.99346,0.6236,0.48381,0.54003,0.3834,0.87975,6.68862,1.07705,0.008812,0.008812,0.008812
122,1309.53,0.72118,0.66339,0.99752,0.61351,0.50152,0.56377,0.40031,0.86274,3.47772,1.08272,0.0088021,0.0088021,0.0088021
123,1320.11,0.71434,0.66679,0.99382,0.59464,0.53302,0.54853,0.39377,0.87559,3.61885,1.07748,0.0087922,0.0087922,0.0087922
124,1330.66,0.70981,0.60155,0.98927,0.60803,0.48931,0.55977,0.39152,0.89256,3.15757,1.11578,0.0087823,0.0087823,0.0087823
125,1341.33,0.71649,0.66856,0.99215,0.64063,0.47843,0.53853,0.38842,0.87806,3.41017,1.0996,0.0087724,0.0087724,0.0087724
126,1351.94,0.70307,0.64228,0.98222,0.66894,0.47668,0.57419,0.40623,0.85104,3.74001,1.0558,0.0087625,0.0087625,0.0087625
127,1362.55,0.73358,0.69183,1.00115,0.5459,0.50847,0.54764,0.39239,0.89076,2.5225,1.1249,0.0087526,0.0087526,0.0087526
128,1373.08,0.70706,0.64879,0.99466,0.59878,0.47479,0.51958,0.36689,0.86547,6.47999,1.08962,0.0087427,0.0087427,0.0087427
129,1383.68,0.69497,0.62211,0.99562,0.5426,0.60368,0.55026,0.38102,0.89135,6.21398,1.09202,0.0087328,0.0087328,0.0087328
130,1394.23,0.72441,0.64683,1.00339,0.63163,0.46869,0.52096,0.36546,0.90154,5.06388,1.11177,0.0087229,0.0087229,0.0087229
131,1404.79,0.71811,0.651,1.0014,0.619,0.49454,0.51946,0.36223,0.88496,3.204,1.06092,0.008713,0.008713,0.008713
132,1415.33,0.72112,0.6882,0.99826,0.63415,0.49735,0.5682,0.37882,0.92186,3.66112,1.09814,0.0087031,0.0087031,0.0087031
133,1425.85,0.69103,0.62855,0.98167,0.50268,0.60308,0.55709,0.39197,0.88816,6.19727,1.10544,0.0086932,0.0086932,0.0086932
134,1436.49,0.71468,0.62417,0.9967,0.67573,0.48258,0.56336,0.40631,0.88872,5.85706,1.11363,0.0086833,0.0086833,0.0086833
135,1447.06,0.67706,0.58653,0.9719,0.57911,0.5267,0.55037,0.3959,0.87981,8.73519,1.10523,0.0086734,0.0086734,0.0086734
136,1457.66,0.70804,0.65643,0.98603,0.52231,0.49355,0.50653,0.3771,0.88548,4.48643,1.12639,0.0086635,0.0086635,0.0086635
137,1468.23,0.70591,0.64585,0.98534,0.48971,0.52979,0.50561,0.36453,0.87319,4.09415,1.07879,0.0086536,0.0086536,0.0086536
138,1478.81,0.70572,0.64117,0.98532,0.57333,0.5636,0.52387,0.3803,0.85592,7.12167,1.09069,0.0086437,0.0086437,0.0086437
139,1489.28,0.69851,0.62684,1.0035,0.60444,0.4803,0.53669,0.38005,0.86096,4.55666,1.06724,0.0086338,0.0086338,0.0086338
140,1499.88,0.69757,0.62212,0.98011,0.5308,0.5613,0.52628,0.38718,0.84427,4.14592,1.08154,0.0086239,0.0086239,0.0086239
141,1510.45,0.67755,0.62245,0.98306,0.63034,0.46298,0.53634,0.39939,0.85939,2.60444,1.07365,0.008614,0.008614,0.008614
142,1520.96,0.72647,0.64746,1.00376,0.56196,0.51829,0.55354,0.39387,0.87222,2.52985,1.08478,0.0086041,0.0086041,0.0086041
143,1531.55,0.70319,0.64614,1.00345,0.65811,0.51895,0.54968,0.39022,0.86558,2.90982,1.07716,0.0085942,0.0085942,0.0085942
144,1542.13,0.705,0.63852,0.99005,0.57708,0.51593,0.56985,0.40411,0.87551,3.37775,1.11829,0.0085843,0.0085843,0.0085843
145,1552.68,0.66391,0.57723,0.96946,0.59815,0.50415,0.55431,0.39977,0.84534,5.29892,1.09326,0.0085744,0.0085744,0.0085744
146,1563.26,0.70653,0.66658,1.00623,0.61801,0.50872,0.55353,0.4029,0.83954,4.57431,1.08542,0.0085645,0.0085645,0.0085645
147,1573.72,0.68717,0.63614,0.98196,0.57045,0.51162,0.55531,0.39805,0.88129,3.76313,1.10811,0.0085546,0.0085546,0.0085546
148,1584.19,0.69788,0.62926,0.97843,0.56596,0.51266,0.56529,0.4136,0.86815,1.91761,1.09562,0.0085447,0.0085447,0.0085447
149,1594.75,0.6844,0.65336,0.98191,0.56476,0.55906,0.56563,0.40201,0.87643,2.66714,1.08657,0.0085348,0.0085348,0.0085348
150,1605.31,0.66363,0.60049,0.96964,0.62907,0.48758,0.53547,0.38862,0.87779,2.98302,1.09738,0.0085249,0.0085249,0.0085249
151,1615.92,0.68797,0.61521,0.97521,0.57792,0.5345,0.56535,0.41084,0.85068,2.98141,1.08177,0.008515,0.008515,0.008515
152,1626.82,0.69297,0.61953,0.98414,0.59811,0.52067,0.55524,0.38261,0.90623,2.99118,1.1231,0.0085051,0.0085051,0.0085051
153,1637.44,0.67092,0.61403,0.9833,0.51645,0.58937,0.54752,0.39926,0.83515,6.17761,1.07154,0.0084952,0.0084952,0.0084952
154,1648.07,0.70126,0.63889,0.99677,0.51757,0.56852,0.5433,0.396,0.8586,5.66478,1.0828,0.0084853,0.0084853,0.0084853
155,1658.55,0.69844,0.61181,0.99876,0.63819,0.53788,0.55335,0.40636,0.86953,4.04411,1.09085,0.0084754,0.0084754,0.0084754
156,1669.11,0.67497,0.62598,0.98448,0.50719,0.56762,0.53779,0.39605,0.86857,7.64681,1.09939,0.0084655,0.0084655,0.0084655
157,1679.65,0.6977,0.62365,1.00292,0.64408,0.52566,0.57271,0.40963,0.87564,6.13941,1.11899,0.0084556,0.0084556,0.0084556
158,1690.23,0.66907,0.60161,0.97336,0.69045,0.46226,0.55104,0.40329,0.84763,7.24645,1.09537,0.0084457,0.0084457,0.0084457
159,1700.81,0.68169,0.59217,0.98224,0.62207,0.50438,0.51914,0.37455,0.85987,5.96623,1.10008,0.0084358,0.0084358,0.0084358
160,1711.38,0.65197,0.60111,0.97726,0.65844,0.48633,0.56972,0.40766,0.87237,6.3649,1.10398,0.0084259,0.0084259,0.0084259
161,1721.98,0.67961,0.61115,0.9833,0.71502,0.50466,0.56069,0.40457,0.84605,4.72584,1.07264,0.008416,0.008416,0.008416
162,1732.5,0.66056,0.59403,0.95965,0.59901,0.54915,0.56285,0.39086,0.88675,4.11895,1.11608,0.0084061,0.0084061,0.0084061
163,1743.13,0.65419,0.57693,0.97115,0.64387,0.53247,0.54394,0.38923,0.87098,4.69811,1.10709,0.0083962,0.0083962,0.0083962
164,1753.6,0.68098,0.59698,0.97293,0.62082,0.49315,0.51465,0.36183,0.90611,4.84207,1.13191,0.0083863,0.0083863,0.0083863
165,1764.13,0.63958,0.58733,0.97133,0.56053,0.55931,0.54419,0.4017,0.88606,7.48504,1.10041,0.0083764,0.0083764,0.0083764
166,1774.72,0.67143,0.59843,0.96748,0.56238,0.4888,0.53786,0.38844,0.85141,3.93951,1.0752,0.0083665,0.0083665,0.0083665
167,1785.22,0.6599,0.56428,0.97097,0.63374,0.48878,0.52185,0.37517,0.89294,4.42607,1.1413,0.0083566,0.0083566,0.0083566
168,1795.74,0.66879,0.60416,0.97164,0.61782,0.51175,0.55965,0.40851,0.88452,4.14547,1.11944,0.0083467,0.0083467,0.0083467
169,1806.34,0.68829,0.61485,0.98207,0.50184,0.58312,0.55039,0.4087,0.89631,6.10813,1.1226,0.0083368,0.0083368,0.0083368
170,1816.93,0.65046,0.56707,0.96508,0.53083,0.56954,0.53603,0.38226,0.84307,5.24628,1.06771,0.0083269,0.0083269,0.0083269
171,1827.47,0.68401,0.59723,0.98316,0.6236,0.51799,0.53288,0.39581,0.84073,5.08007,1.09329,0.008317,0.008317,0.008317
172,1838.09,0.64689,0.57571,0.97015,0.52621,0.55686,0.5135,0.36671,0.88876,6.84487,1.13725,0.0083071,0.0083071,0.0083071
173,1848.59,0.64342,0.56996,0.96218,0.53771,0.5815,0.52387,0.36516,0.87304,4.48362,1.11377,0.0082972,0.0082972,0.0082972
174,1859.11,0.6772,0.59441,0.97001,0.54918,0.49086,0.47866,0.35609,0.89506,3.4046,1.13176,0.0082873,0.0082873,0.0082873
175,1869.67,0.65153,0.57039,0.96731,0.50923,0.54424,0.49041,0.35702,0.89046,3.30371,1.12945,0.0082774,0.0082774,0.0082774
176,1880.19,0.63826,0.57629,0.96604,0.63226,0.46061,0.51247,0.37275,0.87309,4.80643,1.12341,0.0082675,0.0082675,0.0082675
177,1890.72,0.64921,0.58567,0.96342,0.44814,0.58689,0.50528,0.36119,0.88616,4.5934,1.133,0.0082576,0.0082576,0.0082576
178,1901.24,0.63067,0.56342,0.94566,0.53774,0.52016,0.51594,0.36622,0.85334,5.14797,1.12316,0.0082477,0.0082477,0.0082477
179,1911.78,0.66832,0.61268,0.96904,0.61321,0.50399,0.51124,0.35773,0.88967,4.27152,1.14654,0.0082378,0.0082378,0.0082378
180,1922.34,0.67631,0.60371,0.98652,0.61024,0.516,0.54672,0.38553,0.89247,1.99675,1.14328,0.0082279,0.0082279,0.0082279
181,1932.94,0.65466,0.59914,0.96399,0.65613,0.49887,0.55785,0.40197,0.88247,3.02289,1.12639,0.008218,0.008218,0.008218
182,1943.52,0.65741,0.60509,0.97185,0.63367,0.49101,0.54874,0.39918,0.89485,3.44557,1.13772,0.0082081,0.0082081,0.0082081
183,1954.09,0.64997,0.58333,0.97151,0.67291,0.50209,0.57702,0.41391,0.87191,2.54105,1.11125,0.0081982,0.0081982,0.0081982
184,1964.7,0.63844,0.57278,0.94875,0.56913,0.53409,0.55735,0.40213,0.87376,3.5975,1.11274,0.0081883,0.0081883,0.0081883
185,1975.34,0.63371,0.584,0.96856,0.59937,0.4945,0.55028,0.39722,0.88213,4.89055,1.11865,0.0081784,0.0081784,0.0081784
186,1985.81,0.64078,0.55151,0.96943,0.56057,0.58879,0.56429,0.40403,0.86808,3.73146,1.12382,0.0081685,0.0081685,0.0081685
187,1996.41,0.65902,0.57892,0.95854,0.52157,0.54094,0.53668,0.38701,0.86096,3.46682,1.0984,0.0081586,0.0081586,0.0081586
188,2006.98,0.62735,0.56848,0.95631,0.60889,0.51803,0.53977,0.39037,0.85301,3.43866,1.11185,0.0081487,0.0081487,0.0081487
189,2017.55,0.64896,0.55607,0.96203,0.76597,0.46397,0.55649,0.39756,0.86321,4.62481,1.10568,0.0081388,0.0081388,0.0081388
190,2028.06,0.6311,0.55316,0.95828,0.69238,0.46487,0.55431,0.40006,0.87638,3.81335,1.11005,0.0081289,0.0081289,0.0081289
191,2038.62,0.63998,0.5753,0.96726,0.59481,0.54595,0.55457,0.39792,0.86442,4.90141,1.09677,0.008119,0.008119,0.008119
192,2049.16,0.63742,0.57696,0.95826,0.62858,0.50148,0.54278,0.39059,0.86619,5.58149,1.10444,0.0081091,0.0081091,0.0081091
193,2059.67,0.64707,0.5681,0.96129,0.52575,0.58257,0.54761,0.40576,0.86802,2.64824,1.09147,0.0080992,0.0080992,0.0080992
194,2070.19,0.64061,0.56046,0.95744,0.64431,0.49434,0.52999,0.38671,0.87441,3.09408,1.09913,0.0080893,0.0080893,0.0080893
195,2080.66,0.63222,0.57599,0.96719,0.46283,0.59635,0.50077,0.36356,0.85936,3.19289,1.10334,0.0080794,0.0080794,0.0080794
196,2091.18,0.64235,0.55912,0.95483,0.53387,0.50134,0.52971,0.37887,0.8701,3.46745,1.14125,0.0080695,0.0080695,0.0080695
197,2101.86,0.63422,0.57503,0.96617,0.51725,0.53698,0.51132,0.37564,0.8731,3.2323,1.11567,0.0080596,0.0080596,0.0080596
198,2112.34,0.63916,0.55715,0.97299,0.58257,0.53778,0.52768,0.38366,0.85302,3.26459,1.08459,0.0080497,0.0080497,0.0080497
199,2122.87,0.64208,0.56647,0.97162,0.55211,0.54935,0.54651,0.4016,0.83649,4.87259,1.07472,0.0080398,0.0080398,0.0080398
200,2133.42,0.62435,0.53851,0.97255,0.60076,0.52458,0.53502,0.38784,0.87356,4.47831,1.10224,0.0080299,0.0080299,0.0080299
201,2143.92,0.64334,0.55701,0.96052,0.49491,0.57584,0.53454,0.38917,0.84817,3.02453,1.07563,0.00802,0.00802,0.00802
202,2154.52,0.63204,0.58405,0.96625,0.50609,0.56569,0.51698,0.36902,0.87932,6.03087,1.10949,0.0080101,0.0080101,0.0080101
203,2165.06,0.67329,0.60016,0.99096,0.64338,0.47409,0.55216,0.40203,0.85224,6.26061,1.0908,0.0080002,0.0080002,0.0080002
204,2175.51,0.63425,0.56377,0.95448,0.5046,0.57868,0.53605,0.39399,0.85458,4.19275,1.09951,0.0079903,0.0079903,0.0079903
205,2186.12,0.61996,0.53148,0.95619,0.56373,0.51894,0.54484,0.39837,0.85709,6.51729,1.10174,0.0079804,0.0079804,0.0079804
206,2196.67,0.64123,0.57118,0.96043,0.66885,0.52169,0.57403,0.41893,0.8598,5.03898,1.10641,0.0079705,0.0079705,0.0079705
207,2207.15,0.66085,0.58996,0.9654,0.60177,0.50644,0.55844,0.40606,0.8516,3.37752,1.10232,0.0079606,0.0079606,0.0079606
208,2217.7,0.67457,0.59422,0.98786,0.58764,0.54453,0.57987,0.42382,0.86063,3.51335,1.09181,0.0079507,0.0079507,0.0079507
209,2228.24,0.63974,0.56956,0.96334,0.53889,0.56899,0.5457,0.40996,0.84459,3.73359,1.09006,0.0079408,0.0079408,0.0079408
210,2238.77,0.61766,0.56597,0.95946,0.58557,0.50984,0.56383,0.40594,0.88425,3.40656,1.10098,0.0079309,0.0079309,0.0079309
211,2249.18,0.64616,0.56174,0.96513,0.60712,0.52905,0.5888,0.42603,0.8442,2.7688,1.07257,0.007921,0.007921,0.007921
212,2259.99,0.62099,0.52799,0.94102,0.63929,0.45829,0.54954,0.38843,0.86318,3.34949,1.09681,0.0079111,0.0079111,0.0079111
213,2270.45,0.63479,0.55437,0.96043,0.54705,0.54805,0.54483,0.39623,0.8816,2.63909,1.10697,0.0079012,0.0079012,0.0079012
214,2281,0.61563,0.5181,0.94118,0.58104,0.50577,0.53012,0.38899,0.85581,5.82683,1.09301,0.0078913,0.0078913,0.0078913
215,2291.59,0.6266,0.55744,0.96464,0.60725,0.53996,0.55389,0.40947,0.85099,3.7021,1.0897,0.0078814,0.0078814,0.0078814
216,2302.12,0.61171,0.51651,0.96031,0.59408,0.50757,0.55692,0.41678,0.83076,2.93087,1.05421,0.0078715,0.0078715,0.0078715
217,2312.6,0.63464,0.54878,0.96019,0.50153,0.5427,0.53478,0.39514,0.86452,2.37218,1.0892,0.0078616,0.0078616,0.0078616
218,2323.18,0.61401,0.53478,0.9575,0.58567,0.51838,0.5565,0.40443,0.8798,2.54127,1.11874,0.0078517,0.0078517,0.0078517
219,2333.68,0.59535,0.52315,0.94303,0.56082,0.53058,0.55291,0.40851,0.85573,4.83627,1.08722,0.0078418,0.0078418,0.0078418
220,2344.16,0.60898,0.53701,0.93935,0.54915,0.5936,0.56408,0.4207,0.8732,5.21263,1.12676,0.0078319,0.0078319,0.0078319
221,2354.66,0.58147,0.51234,0.92995,0.56201,0.54069,0.56391,0.41092,0.88107,6.02452,1.13781,0.007822,0.007822,0.007822
222,2365.15,0.62429,0.55504,0.95673,0.56024,0.58477,0.55595,0.40147,0.86554,2.72355,1.08607,0.0078121,0.0078121,0.0078121
223,2375.68,0.62988,0.55317,0.96428,0.59262,0.54841,0.57651,0.42097,0.864,2.20021,1.08583,0.0078022,0.0078022,0.0078022
224,2386.22,0.62968,0.54901,0.96158,0.60795,0.50429,0.56107,0.40591,0.84683,2.2145,1.07958,0.0077923,0.0077923,0.0077923
225,2396.76,0.60468,0.54905,0.94266,0.52269,0.55355,0.56154,0.40008,0.84264,4.39006,1.09871,0.0077824,0.0077824,0.0077824
226,2407.25,0.62565,0.53276,0.96834,0.52523,0.54686,0.55932,0.40246,0.85706,3.33677,1.07972,0.0077725,0.0077725,0.0077725
227,2417.82,0.63642,0.55359,0.96369,0.53936,0.53373,0.52159,0.38327,0.85303,2.48729,1.07262,0.0077626,0.0077626,0.0077626
228,2428.38,0.61112,0.53113,0.9611,0.52503,0.51269,0.51075,0.37448,0.8323,2.71677,1.06879,0.0077527,0.0077527,0.0077527
229,2438.95,0.62042,0.54335,0.9656,0.54395,0.53605,0.51948,0.39019,0.82823,2.72143,1.05675,0.0077428,0.0077428,0.0077428
230,2449.52,0.60671,0.54767,0.96193,0.58596,0.49169,0.54167,0.39614,0.83625,3.43049,1.08349,0.0077329,0.0077329,0.0077329
231,2460.07,0.59695,0.5293,0.94606,0.62879,0.48964,0.54265,0.40289,0.83654,4.28083,1.08216,0.007723,0.007723,0.007723
232,2470.53,0.63417,0.56506,0.96633,0.66029,0.5216,0.55672,0.4087,0.8374,4.58432,1.06686,0.0077131,0.0077131,0.0077131
233,2481,0.61475,0.56169,0.95683,0.61681,0.50493,0.57067,0.41602,0.86656,5.4123,1.0988,0.0077032,0.0077032,0.0077032
234,2491.53,0.59347,0.53635,0.93338,0.52921,0.57776,0.56744,0.4137,0.86438,2.81782,1.10523,0.0076933,0.0076933,0.0076933
235,2502.11,0.59476,0.52943,0.9405,0.61208,0.49341,0.55586,0.41868,0.83743,3.48607,1.08486,0.0076834,0.0076834,0.0076834
236,2512.72,0.61693,0.54956,0.96424,0.57496,0.52012,0.55883,0.4178,0.82481,3.0681,1.07779,0.0076735,0.0076735,0.0076735
237,2523.25,0.61094,0.54121,0.94655,0.53541,0.58825,0.55897,0.41281,0.84327,4.54469,1.07226,0.0076636,0.0076636,0.0076636
238,2533.85,0.5885,0.4922,0.94544,0.60929,0.50081,0.55801,0.41763,0.8539,4.65006,1.07253,0.0076537,0.0076537,0.0076537
239,2544.36,0.58458,0.50555,0.94226,0.56311,0.53984,0.55331,0.40757,0.83848,3.98154,1.07769,0.0076438,0.0076438,0.0076438
240,2554.93,0.59083,0.50133,0.94742,0.6191,0.49286,0.54855,0.40607,0.83673,4.99619,1.0685,0.0076339,0.0076339,0.0076339
241,2565.6,0.58135,0.48886,0.9445,0.51945,0.61401,0.55324,0.40632,0.84636,5.80355,1.08425,0.007624,0.007624,0.007624
242,2576.1,0.60564,0.52513,0.94982,0.56318,0.51005,0.539,0.40117,0.84918,4.73436,1.10125,0.0076141,0.0076141,0.0076141
243,2586.65,0.60215,0.5141,0.9514,0.6185,0.47054,0.54018,0.39909,0.83066,3.21125,1.08288,0.0076042,0.0076042,0.0076042
244,2597.21,0.59934,0.51564,0.95841,0.60232,0.54768,0.54974,0.40487,0.83902,3.05677,1.09237,0.0075943,0.0075943,0.0075943
245,2607.79,0.59724,0.51843,0.94051,0.54026,0.53027,0.55176,0.40623,0.82329,6.61151,1.10061,0.0075844,0.0075844,0.0075844
246,2618.3,0.6155,0.53376,0.94954,0.59328,0.51329,0.55059,0.40264,0.83724,3.91095,1.08685,0.0075745,0.0075745,0.0075745
247,2628.84,0.58313,0.52548,0.93562,0.6421,0.47958,0.54603,0.4021,0.8454,3.49594,1.0838,0.0075646,0.0075646,0.0075646
248,2639.36,0.58838,0.49866,0.93369,0.53393,0.52688,0.52552,0.38946,0.83988,3.84327,1.1086,0.0075547,0.0075547,0.0075547
249,2649.94,0.56961,0.48551,0.93188,0.56705,0.54737,0.55581,0.41675,0.81398,2.74174,1.06948,0.0075448,0.0075448,0.0075448
250,2660.43,0.59907,0.53782,0.95624,0.5828,0.579,0.5503,0.41086,0.82588,3.14482,1.06277,0.0075349,0.0075349,0.0075349
251,2670.99,0.5695,0.51195,0.93631,0.67506,0.43693,0.5455,0.40841,0.86414,4.09558,1.1161,0.007525,0.007525,0.007525
252,2681.58,0.59957,0.53409,0.94934,0.5827,0.51797,0.55083,0.41938,0.81875,3.39964,1.05831,0.0075151,0.0075151,0.0075151
253,2692.14,0.58678,0.52806,0.93992,0.63593,0.48111,0.53409,0.40415,0.82965,3.45102,1.0689,0.0075052,0.0075052,0.0075052
254,2702.66,0.59611,0.52727,0.93929,0.54878,0.52878,0.50453,0.38497,0.84378,2.51061,1.08498,0.0074953,0.0074953,0.0074953
255,2713.2,0.60175,0.51688,0.94906,0.60185,0.50971,0.54581,0.41323,0.82695,4.93332,1.075,0.0074854,0.0074854,0.0074854
256,2723.73,0.60506,0.5313,0.94902,0.61457,0.49048,0.54788,0.41841,0.81483,7.41069,1.06493,0.0074755,0.0074755,0.0074755
257,2734.3,0.60529,0.52318,0.95347,0.62415,0.5077,0.56216,0.4193,0.83886,6.07315,1.09776,0.0074656,0.0074656,0.0074656
258,2744.89,0.57733,0.49538,0.93641,0.6491,0.48157,0.57485,0.42004,0.85946,7.71314,1.11788,0.0074557,0.0074557,0.0074557
259,2755.38,0.58943,0.51214,0.95516,0.58859,0.50586,0.54952,0.41646,0.8559,4.38825,1.10758,0.0074458,0.0074458,0.0074458
260,2765.96,0.61519,0.52709,0.95544,0.59475,0.50308,0.54063,0.41726,0.83609,4.0715,1.08723,0.0074359,0.0074359,0.0074359
261,2776.41,0.59382,0.5155,0.95314,0.60578,0.51326,0.54157,0.42021,0.82756,2.64896,1.06249,0.007426,0.007426,0.007426
262,2787.12,0.59426,0.50868,0.93568,0.56176,0.56674,0.55385,0.42347,0.83558,2.5826,1.08445,0.0074161,0.0074161,0.0074161
263,2797.72,0.56962,0.50059,0.92878,0.51477,0.58821,0.57024,0.4315,0.83671,3.17079,1.08143,0.0074062,0.0074062,0.0074062
264,2808.41,0.60908,0.53181,0.94958,0.7226,0.43397,0.54498,0.40656,0.85226,3.10053,1.08552,0.0073963,0.0073963,0.0073963
265,2818.99,0.57442,0.50341,0.92732,0.66338,0.49371,0.55467,0.40663,0.82376,4.41962,1.08345,0.0073864,0.0073864,0.0073864
266,2829.53,0.60217,0.49774,0.94729,0.629,0.50077,0.57199,0.41933,0.84317,2.87366,1.09929,0.0073765,0.0073765,0.0073765
267,2840.06,0.58085,0.48172,0.92723,0.61136,0.55903,0.57566,0.43106,0.84725,3.39417,1.10375,0.0073666,0.0073666,0.0073666
268,2850.84,0.62161,0.56603,0.95791,0.63121,0.55385,0.58589,0.43504,0.83439,3.96971,1.09839,0.0073567,0.0073567,0.0073567
269,2861.55,0.5871,0.49256,0.94098,0.62381,0.59299,0.6024,0.44389,0.8491,4.04138,1.10241,0.0073468,0.0073468,0.0073468
270,2872.37,0.57705,0.52073,0.93439,0.72013,0.50246,0.59446,0.4325,0.84433,2.90163,1.07385,0.0073369,0.0073369,0.0073369
271,2882.97,0.58334,0.51033,0.94799,0.63182,0.50982,0.59767,0.44205,0.81905,3.72856,1.08624,0.007327,0.007327,0.007327
272,2893.53,0.557,0.48961,0.93256,0.56695,0.56936,0.58199,0.4325,0.85813,5.28457,1.13235,0.0073171,0.0073171,0.0073171
273,2904.13,0.59267,0.50491,0.94651,0.6125,0.54438,0.57357,0.42745,0.85613,3.88698,1.10848,0.0073072,0.0073072,0.0073072
274,2914.63,0.55703,0.4699,0.92457,0.61155,0.49676,0.56441,0.41684,0.86695,5.77528,1.12713,0.0072973,0.0072973,0.0072973
275,2925.2,0.59517,0.50158,0.94636,0.6516,0.509,0.55473,0.41354,0.87123,5.91412,1.12699,0.0072874,0.0072874,0.0072874
276,2935.72,0.56425,0.4955,0.9326,0.64421,0.50283,0.56954,0.42285,0.87209,3.90303,1.12996,0.0072775,0.0072775,0.0072775
277,2946.19,0.59358,0.50936,0.95386,0.59703,0.5625,0.56458,0.41249,0.88674,3.55758,1.14336,0.0072676,0.0072676,0.0072676
278,2956.77,0.57749,0.5075,0.94014,0.61946,0.58788,0.57347,0.42163,0.86483,4.26066,1.13019,0.0072577,0.0072577,0.0072577
279,2967.31,0.59391,0.5198,0.94734,0.5906,0.57849,0.56218,0.42184,0.83246,5.09107,1.08422,0.0072478,0.0072478,0.0072478
280,2977.87,0.57606,0.48735,0.93528,0.58653,0.56166,0.56518,0.42076,0.83213,6.68071,1.06962,0.0072379,0.0072379,0.0072379
281,2988.53,0.5734,0.48905,0.94781,0.63047,0.50333,0.56492,0.42979,0.83082,3.97849,1.05528,0.007228,0.007228,0.007228
282,2999.09,0.56998,0.48229,0.92568,0.59967,0.51698,0.53524,0.41167,0.84079,3.78508,1.09812,0.0072181,0.0072181,0.0072181
283,3009.63,0.57754,0.49505,0.92592,0.58886,0.51579,0.53294,0.39207,0.85154,4.02155,1.10303,0.0072082,0.0072082,0.0072082
284,3020.2,0.56529,0.49991,0.93371,0.61052,0.54628,0.55281,0.41916,0.84604,4.32912,1.10077,0.0071983,0.0071983,0.0071983
285,3030.69,0.57276,0.50357,0.94107,0.6386,0.56714,0.57016,0.4234,0.87759,3.98339,1.1368,0.0071884,0.0071884,0.0071884
286,3041.22,0.6009,0.51444,0.95466,0.69064,0.50351,0.5812,0.42694,0.86297,4.44914,1.11516,0.0071785,0.0071785,0.0071785
287,3051.88,0.56875,0.49907,0.93061,0.65392,0.52616,0.58629,0.43352,0.84834,5.31415,1.10526,0.0071686,0.0071686,0.0071686
288,3062.39,0.60212,0.51881,0.94883,0.59763,0.54807,0.56576,0.41242,0.85226,5.82097,1.10767,0.0071587,0.0071587,0.0071587
289,3072.9,0.59056,0.50542,0.9449,0.61458,0.5283,0.56504,0.41334,0.84924,4.85126,1.10388,0.0071488,0.0071488,0.0071488
290,3083.55,0.562,0.49589,0.93125,0.56449,0.52846,0.5364,0.39652,0.86292,5.56457,1.0922,0.0071389,0.0071389,0.0071389
291,3094.14,0.58164,0.54386,0.94648,0.53662,0.52769,0.52877,0.3912,0.86596,6.9937,1.09638,0.007129,0.007129,0.007129
292,3104.69,0.57984,0.50902,0.94328,0.59232,0.51368,0.54991,0.40787,0.86539,5.87525,1.09828,0.0071191,0.0071191,0.0071191
293,3115.25,0.5567,0.48894,0.92705,0.64583,0.50122,0.56278,0.41216,0.85417,6.18847,1.09891,0.0071092,0.0071092,0.0071092
294,3125.81,0.59246,0.51862,0.95133,0.64293,0.49566,0.55557,0.40861,0.85435,4.31774,1.10181,0.0070993,0.0070993,0.0070993
295,3136.34,0.56651,0.52017,0.93772,0.62376,0.52844,0.55296,0.41579,0.82898,4.79059,1.08797,0.0070894,0.0070894,0.0070894
296,3146.94,0.56923,0.4962,0.94258,0.51449,0.62735,0.55801,0.4204,0.83602,3.74181,1.10393,0.0070795,0.0070795,0.0070795
297,3157.47,0.5554,0.4844,0.93124,0.56782,0.61208,0.57173,0.42455,0.84986,5.87359,1.10028,0.0070696,0.0070696,0.0070696
298,3168.02,0.5757,0.4878,0.93622,0.64042,0.51872,0.57727,0.43642,0.84274,4.66957,1.07971,0.0070597,0.0070597,0.0070597
299,3178.56,0.58183,0.525,0.94384,0.61424,0.51246,0.57164,0.43496,0.84587,3.67466,1.094,0.0070498,0.0070498,0.0070498
300,3189.07,0.55811,0.48049,0.9192,0.59717,0.56069,0.57648,0.43043,0.84039,6.86934,1.10182,0.0070399,0.0070399,0.0070399
301,3199.62,0.5743,0.49599,0.9388,0.58798,0.54659,0.57833,0.44345,0.84946,4.6452,1.11289,0.00703,0.00703,0.00703
302,3210.14,0.54814,0.48163,0.9279,0.60275,0.53259,0.56444,0.43075,0.84425,3.92778,1.10417,0.0070201,0.0070201,0.0070201
303,3220.63,0.58022,0.49457,0.93932,0.61366,0.52903,0.57616,0.44014,0.84158,2.98946,1.09546,0.0070102,0.0070102,0.0070102
304,3231.14,0.56756,0.4959,0.93098,0.58053,0.57867,0.57246,0.43515,0.85262,4.93237,1.10488,0.0070003,0.0070003,0.0070003
305,3241.67,0.57003,0.50019,0.93612,0.57485,0.54216,0.55435,0.41574,0.84652,5.79886,1.10307,0.0069904,0.0069904,0.0069904
306,3252.23,0.56243,0.47618,0.94504,0.60473,0.56313,0.53793,0.39508,0.86673,4.70196,1.13943,0.0069805,0.0069805,0.0069805
307,3262.82,0.59149,0.5157,0.95881,0.63007,0.49663,0.56252,0.42274,0.84858,4.22354,1.12045,0.0069706,0.0069706,0.0069706
308,3273.51,0.54052,0.46497,0.92656,0.65393,0.48905,0.57285,0.4305,0.83,3.85339,1.11404,0.0069607,0.0069607,0.0069607
309,3284.07,0.5498,0.47514,0.93016,0.59951,0.52047,0.55832,0.42478,0.82825,3.11871,1.10124,0.0069508,0.0069508,0.0069508
310,3294.66,0.55745,0.46615,0.92728,0.58311,0.59917,0.56737,0.43064,0.8365,5.1372,1.10966,0.0069409,0.0069409,0.0069409
311,3305.27,0.56705,0.48364,0.95174,0.6266,0.51743,0.57002,0.42695,0.83473,4.58071,1.10926,0.006931,0.006931,0.006931
312,3315.79,0.54318,0.44602,0.91596,0.60389,0.51831,0.56369,0.42972,0.83615,4.07795,1.1142,0.0069211,0.0069211,0.0069211
313,3326.27,0.54806,0.47547,0.9245,0.61923,0.50955,0.57686,0.4448,0.84773,3.51782,1.13933,0.0069112,0.0069112,0.0069112
314,3336.82,0.56509,0.47383,0.93651,0.58173,0.5371,0.58387,0.43856,0.85055,4.97544,1.1264,0.0069013,0.0069013,0.0069013
315,3347.3,0.5598,0.47773,0.92612,0.59056,0.56852,0.57359,0.42881,0.85557,5.32564,1.13306,0.0068914,0.0068914,0.0068914
316,3357.87,0.56431,0.48115,0.92857,0.55693,0.59964,0.57399,0.42995,0.8364,6.34029,1.1244,0.0068815,0.0068815,0.0068815
317,3368.42,0.55908,0.49433,0.92975,0.54322,0.54242,0.55701,0.42564,0.8576,5.28522,1.1321,0.0068716,0.0068716,0.0068716
318,3379.05,0.56255,0.48457,0.93186,0.59543,0.55587,0.54398,0.41138,0.85691,3.92838,1.12022,0.0068617,0.0068617,0.0068617
319,3389.68,0.54633,0.47939,0.92996,0.61994,0.53397,0.5782,0.42916,0.85143,3.8858,1.12157,0.0068518,0.0068518,0.0068518
320,3400.17,0.55163,0.50948,0.93053,0.59988,0.56891,0.57173,0.43013,0.84349,3.78934,1.1059,0.0068419,0.0068419,0.0068419
321,3410.71,0.54217,0.48284,0.92121,0.5683,0.56981,0.58665,0.44047,0.85057,3.55014,1.10976,0.006832,0.006832,0.006832
322,3421.27,0.5441,0.45608,0.92123,0.66577,0.55468,0.58301,0.43703,0.85477,4.54439,1.1338,0.0068221,0.0068221,0.0068221
323,3431.83,0.54534,0.45614,0.91357,0.61518,0.5231,0.5687,0.43386,0.85519,3.87175,1.12168,0.0068122,0.0068122,0.0068122
324,3442.4,0.57029,0.49404,0.94677,0.7117,0.4812,0.58007,0.43102,0.84727,2.53934,1.10059,0.0068023,0.0068023,0.0068023
325,3452.97,0.54955,0.46826,0.92683,0.62065,0.5382,0.58181,0.42386,0.82645,4.54603,1.08887,0.0067924,0.0067924,0.0067924
326,3463.51,0.53718,0.4457,0.9109,0.54467,0.58471,0.55652,0.41641,0.82861,5.0783,1.10072,0.0067825,0.0067825,0.0067825
327,3474.08,0.56124,0.4635,0.9321,0.65155,0.50676,0.563,0.42037,0.82642,4.80775,1.10476,0.0067726,0.0067726,0.0067726
328,3484.63,0.57307,0.49506,0.93857,0.64562,0.5043,0.55463,0.42129,0.8472,4.37082,1.10972,0.0067627,0.0067627,0.0067627
329,3495.28,0.54288,0.46738,0.92418,0.64247,0.5107,0.54664,0.42842,0.81083,3.73835,1.06582,0.0067528,0.0067528,0.0067528
330,3505.88,0.5454,0.47622,0.92813,0.66617,0.50212,0.57552,0.43182,0.82609,4.36218,1.08217,0.0067429,0.0067429,0.0067429
331,3516.43,0.56742,0.48181,0.95176,0.64928,0.50513,0.5607,0.42522,0.83103,4.96068,1.10112,0.006733,0.006733,0.006733
332,3527,0.54319,0.45362,0.92309,0.65759,0.50296,0.5702,0.43348,0.82616,3.84763,1.0864,0.0067231,0.0067231,0.0067231
333,3537.56,0.54068,0.4601,0.92142,0.67201,0.56259,0.58096,0.43869,0.81754,3.45321,1.09534,0.0067132,0.0067132,0.0067132
334,3548.03,0.54889,0.45885,0.93612,0.65959,0.53747,0.57929,0.43719,0.83031,4.39919,1.10292,0.0067033,0.0067033,0.0067033
335,3558.61,0.55381,0.47425,0.92619,0.66311,0.54413,0.5745,0.43001,0.84902,3.87763,1.09066,0.0066934,0.0066934,0.0066934
336,3569.08,0.53188,0.45964,0.92067,0.64517,0.52122,0.58424,0.43494,0.85376,4.09899,1.08822,0.0066835,0.0066835,0.0066835
337,3579.71,0.54024,0.44848,0.92899,0.54714,0.61622,0.58993,0.4313,0.852,3.09233,1.10816,0.0066736,0.0066736,0.0066736
338,3590.25,0.52675,0.45068,0.91719,0.61628,0.55584,0.59584,0.42779,0.87495,3.60602,1.13788,0.0066637,0.0066637,0.0066637
339,3600.71,0.52608,0.4401,0.91791,0.69747,0.51678,0.57712,0.42186,0.85418,3.13224,1.11867,0.0066538,0.0066538,0.0066538
340,3611.31,0.5445,0.4613,0.92331,0.64078,0.52466,0.58524,0.42693,0.8645,3.66395,1.10549,0.0066439,0.0066439,0.0066439
341,3621.84,0.545,0.46469,0.9238,0.6243,0.54489,0.58892,0.43832,0.84617,4.15061,1.09436,0.006634,0.006634,0.006634
342,3632.28,0.53122,0.44644,0.92918,0.57578,0.61319,0.58585,0.44382,0.85458,3.30109,1.11192,0.0066241,0.0066241,0.0066241
343,3642.78,0.53959,0.45772,0.92009,0.62919,0.5162,0.56959,0.43575,0.8436,3.41692,1.10502,0.0066142,0.0066142,0.0066142
344,3653.3,0.54686,0.46209,0.9315,0.60689,0.55178,0.55395,0.41821,0.85438,2.62858,1.09611,0.0066043,0.0066043,0.0066043
345,3663.88,0.56964,0.47645,0.94336,0.60616,0.54179,0.5626,0.42383,0.84985,3.0433,1.09634,0.0065944,0.0065944,0.0065944
346,3674.4,0.5345,0.46472,0.92298,0.65103,0.5459,0.57601,0.43237,0.85856,3.29852,1.12006,0.0065845,0.0065845,0.0065845
347,3684.91,0.55264,0.45604,0.9284,0.58161,0.57324,0.58451,0.43833,0.86642,3.77651,1.12588,0.0065746,0.0065746,0.0065746
348,3695.46,0.54161,0.45893,0.91679,0.56529,0.55336,0.56902,0.43032,0.84815,3.59646,1.11113,0.0065647,0.0065647,0.0065647
349,3706.08,0.55348,0.46953,0.94096,0.69042,0.47077,0.5654,0.42805,0.84013,3.8296,1.1056,0.0065548,0.0065548,0.0065548
350,3716.64,0.53755,0.48023,0.92706,0.56859,0.5853,0.58297,0.43768,0.84501,3.28927,1.10179,0.0065449,0.0065449,0.0065449
351,3727.16,0.52566,0.4461,0.91841,0.61061,0.55543,0.59654,0.44292,0.84149,4.30897,1.09611,0.006535,0.006535,0.006535
352,3737.69,0.54172,0.46241,0.92622,0.58756,0.59179,0.59064,0.43405,0.83992,4.8084,1.10052,0.0065251,0.0065251,0.0065251
353,3748.22,0.53544,0.4508,0.91989,0.69678,0.4919,0.59949,0.45475,0.84931,3.23098,1.10886,0.0065152,0.0065152,0.0065152
354,3758.91,0.533,0.46773,0.91281,0.59733,0.53468,0.57303,0.43901,0.83277,3.00499,1.10061,0.0065053,0.0065053,0.0065053
355,3769.53,0.53572,0.45837,0.92556,0.61767,0.50148,0.57578,0.43168,0.84081,2.97107,1.11145,0.0064954,0.0064954,0.0064954
356,3780.03,0.52291,0.46366,0.91531,0.54844,0.60754,0.59252,0.44104,0.83603,3.31616,1.10819,0.0064855,0.0064855,0.0064855
357,3790.59,0.5387,0.46566,0.92438,0.56599,0.59555,0.58784,0.43728,0.83321,3.3452,1.1147,0.0064756,0.0064756,0.0064756
358,3801.09,0.53103,0.4497,0.93409,0.57544,0.57881,0.60045,0.44683,0.84208,3.93214,1.11121,0.0064657,0.0064657,0.0064657
359,3811.65,0.54751,0.48036,0.93151,0.60207,0.55956,0.58736,0.43964,0.84364,2.40454,1.09664,0.0064558,0.0064558,0.0064558
360,3822.24,0.53182,0.45584,0.92579,0.54645,0.61404,0.57958,0.42475,0.8446,4.59328,1.10473,0.0064459,0.0064459,0.0064459
361,3832.84,0.5383,0.43898,0.93257,0.57999,0.57518,0.57518,0.42069,0.84251,5.29038,1.10031,0.006436,0.006436,0.006436
362,3843.42,0.54857,0.44545,0.93419,0.56995,0.5563,0.57654,0.42194,0.83106,4.31078,1.08948,0.0064261,0.0064261,0.0064261
363,3853.97,0.51441,0.41719,0.91568,0.54043,0.57142,0.58079,0.42903,0.82703,3.81336,1.10795,0.0064162,0.0064162,0.0064162
364,3864.56,0.51861,0.44503,0.91076,0.54592,0.6091,0.60128,0.44875,0.82381,4.7894,1.09974,0.0064063,0.0064063,0.0064063
365,3875.12,0.51176,0.45039,0.91006,0.70439,0.51587,0.60001,0.45385,0.81431,3.62549,1.0992,0.0063964,0.0063964,0.0063964
366,3885.66,0.52418,0.44532,0.92375,0.66536,0.50074,0.60106,0.44517,0.82194,2.68615,1.10397,0.0063865,0.0063865,0.0063865
367,3896.24,0.53637,0.45467,0.92504,0.55765,0.57855,0.5855,0.43697,0.84824,2.94301,1.13867,0.0063766,0.0063766,0.0063766
368,3906.78,0.54376,0.478,0.94585,0.54664,0.59328,0.57716,0.42687,0.85683,3.01816,1.1369,0.0063667,0.0063667,0.0063667
369,3917.24,0.52883,0.47598,0.92496,0.5613,0.58125,0.58516,0.42128,0.87887,2.88958,1.14781,0.0063568,0.0063568,0.0063568
370,3927.76,0.54164,0.48431,0.93516,0.64891,0.50757,0.60082,0.43426,0.86053,3.39234,1.1447,0.0063469,0.0063469,0.0063469
371,3938.31,0.54044,0.43578,0.91765,0.69857,0.48528,0.60322,0.44397,0.85845,3.07749,1.14595,0.006337,0.006337,0.006337
372,3948.77,0.53016,0.46082,0.92556,0.64155,0.51527,0.60475,0.43917,0.86122,4.11214,1.15693,0.0063271,0.0063271,0.0063271
373,3959.26,0.52337,0.45997,0.93093,0.67714,0.48672,0.59622,0.4439,0.85901,3.67124,1.14233,0.0063172,0.0063172,0.0063172
374,3969.77,0.51178,0.4506,0.91473,0.63287,0.48759,0.5912,0.44478,0.86447,2.79328,1.13641,0.0063073,0.0063073,0.0063073
375,3980.23,0.54028,0.45508,0.92036,0.75536,0.43319,0.58046,0.43797,0.8329,2.89631,1.10644,0.0062974,0.0062974,0.0062974
376,3990.75,0.491,0.40749,0.90068,0.57428,0.57403,0.59507,0.44918,0.8332,3.10583,1.12293,0.0062875,0.0062875,0.0062875
377,4001.2,0.53212,0.46428,0.92245,0.53501,0.59113,0.58025,0.43967,0.83162,2.5858,1.11413,0.0062776,0.0062776,0.0062776
378,4011.77,0.52172,0.45975,0.91055,0.6233,0.54943,0.58377,0.4389,0.81784,3.08241,1.10925,0.0062677,0.0062677,0.0062677
379,4022.27,0.49412,0.43186,0.90108,0.63293,0.51474,0.55795,0.42488,0.8326,2.53503,1.1204,0.0062578,0.0062578,0.0062578
380,4032.79,0.50845,0.4376,0.91144,0.56983,0.54661,0.55868,0.41885,0.83841,2.39684,1.11518,0.0062479,0.0062479,0.0062479
381,4043.36,0.53947,0.46539,0.92147,0.55951,0.51194,0.5627,0.41618,0.83676,2.78434,1.11893,0.006238,0.006238,0.006238
382,4054.06,0.5306,0.46422,0.9232,0.62126,0.5268,0.5535,0.41003,0.8453,2.31785,1.12192,0.0062281,0.0062281,0.0062281
383,4064.6,0.51066,0.43746,0.90936,0.59221,0.56028,0.5564,0.42068,0.84409,2.51491,1.12204,0.0062182,0.0062182,0.0062182
384,4075.21,0.51182,0.43912,0.91763,0.61996,0.51587,0.56801,0.42699,0.83015,2.38249,1.0935,0.0062083,0.0062083,0.0062083
385,4085.8,0.50527,0.42505,0.91427,0.56694,0.53756,0.56835,0.43106,0.82557,2.06005,1.10202,0.0061984,0.0061984,0.0061984
386,4096.31,0.51491,0.44053,0.9182,0.56733,0.54455,0.56261,0.42415,0.83564,2.77995,1.10935,0.0061885,0.0061885,0.0061885
387,4106.79,0.52733,0.45033,0.92651,0.65385,0.50597,0.55869,0.4284,0.81159,2.7428,1.09236,0.0061786,0.0061786,0.0061786
388,4117.29,0.51042,0.43065,0.91278,0.59261,0.55102,0.57101,0.44785,0.80679,2.23003,1.0938,0.0061687,0.0061687,0.0061687
389,4127.9,0.52109,0.44311,0.91634,0.6892,0.46194,0.58609,0.4586,0.80605,2.05787,1.0822,0.0061588,0.0061588,0.0061588
390,4138.6,0.53181,0.44926,0.91987,0.56988,0.5123,0.55146,0.43416,0.80995,2.60574,1.09292,0.0061489,0.0061489,0.0061489
391,4149.05,0.5214,0.44101,0.92385,0.53671,0.5664,0.56398,0.43791,0.8157,4.09279,1.09881,0.006139,0.006139,0.006139
392,4159.57,0.54111,0.45351,0.92391,0.58045,0.51222,0.56113,0.4386,0.81834,5.30723,1.09085,0.0061291,0.0061291,0.0061291
393,4170.1,0.49729,0.42136,0.91511,0.63358,0.48366,0.55068,0.43141,0.80941,3.85207,1.07961,0.0061192,0.0061192,0.0061192
394,4180.6,0.51282,0.43421,0.9174,0.57008,0.504,0.54799,0.42459,0.81778,2.74108,1.10733,0.0061093,0.0061093,0.0061093
395,4191.14,0.4989,0.42046,0.90785,0.57693,0.50016,0.54331,0.41738,0.80927,3.13969,1.11291,0.0060994,0.0060994,0.0060994
396,4201.66,0.5319,0.47259,0.92595,0.56885,0.54287,0.53945,0.41091,0.81463,3.35297,1.12611,0.0060895,0.0060895,0.0060895
397,4212.25,0.49952,0.40224,0.9063,0.57304,0.5203,0.53514,0.41551,0.80106,2.98098,1.11014,0.0060796,0.0060796,0.0060796
398,4222.74,0.50853,0.4293,0.91989,0.52075,0.56926,0.54841,0.42766,0.82194,3.75109,1.10805,0.0060697,0.0060697,0.0060697
399,4233.22,0.48193,0.42032,0.89213,0.57461,0.55471,0.55688,0.42568,0.84228,3.43148,1.12423,0.0060598,0.0060598,0.0060598
400,4243.74,0.49584,0.42811,0.8969,0.63264,0.50328,0.55682,0.42266,0.83679,4.6856,1.11958,0.0060499,0.0060499,0.0060499
401,4254.2,0.52863,0.45348,0.91369,0.67431,0.46984,0.57031,0.43071,0.82463,3.75497,1.1015,0.00604,0.00604,0.00604
402,4264.78,0.51257,0.43852,0.91648,0.49127,0.60469,0.56511,0.43314,0.82261,3.32292,1.10307,0.0060301,0.0060301,0.0060301
403,4275.29,0.52231,0.4428,0.92555,0.65444,0.49376,0.57056,0.43481,0.82011,3.15929,1.10072,0.0060202,0.0060202,0.0060202
404,4285.8,0.51985,0.45543,0.92106,0.65528,0.50304,0.56528,0.43288,0.8084,2.61367,1.09627,0.0060103,0.0060103,0.0060103
405,4296.26,0.511,0.44508,0.91583,0.6205,0.53928,0.5494,0.42128,0.80609,2.35587,1.08927,0.0060004,0.0060004,0.0060004
406,4306.73,0.52254,0.45224,0.90882,0.66432,0.46234,0.55583,0.43009,0.81374,2.92106,1.08667,0.0059905,0.0059905,0.0059905
407,4317.87,0.53334,0.46682,0.92533,0.64278,0.47692,0.56324,0.43453,0.80994,3.17393,1.08013,0.0059806,0.0059806,0.0059806
408,4328.43,0.50792,0.42207,0.90507,0.60111,0.53275,0.56675,0.44063,0.82239,4.15142,1.08857,0.0059707,0.0059707,0.0059707
409,4338.29,0.50878,0.43064,0.90515,0.55166,0.5647,0.56869,0.43537,0.82411,3.50841,1.0911,0.0059608,0.0059608,0.0059608
410,4348.57,0.51482,0.44861,0.91931,0.58227,0.55632,0.57849,0.44705,0.81855,2.50035,1.08708,0.0059509,0.0059509,0.0059509
411,4358.41,0.51064,0.41644,0.90729,0.61721,0.49838,0.57291,0.43746,0.83626,2.81969,1.11646,0.005941,0.005941,0.005941
412,4367.96,0.52322,0.44218,0.91658,0.54063,0.58854,0.58087,0.44072,0.82889,3.14156,1.1101,0.0059311,0.0059311,0.0059311
413,4377.5,0.51798,0.42846,0.91902,0.5567,0.58936,0.57579,0.43386,0.81847,2.99732,1.10458,0.0059212,0.0059212,0.0059212
414,4386.95,0.50918,0.44532,0.92609,0.61809,0.53858,0.57732,0.44405,0.80517,2.81438,1.07647,0.0059113,0.0059113,0.0059113
415,4396.43,0.49393,0.41679,0.91141,0.63197,0.53549,0.57586,0.44748,0.80161,2.97911,1.07311,0.0059014,0.0059014,0.0059014
416,4405.87,0.50939,0.4252,0.90777,0.62798,0.53859,0.57063,0.44672,0.7907,3.74211,1.07495,0.0058915,0.0058915,0.0058915
417,4415.37,0.50744,0.42744,0.9142,0.63765,0.49796,0.57222,0.44861,0.77565,3.91707,1.06785,0.0058816,0.0058816,0.0058816
418,4424.86,0.50384,0.44376,0.91566,0.59207,0.53058,0.57624,0.44746,0.78686,4.12378,1.07653,0.0058717,0.0058717,0.0058717
419,4434.39,0.50924,0.42108,0.91615,0.64299,0.5037,0.55756,0.43048,0.80829,5.69004,1.08908,0.0058618,0.0058618,0.0058618
420,4443.9,0.49247,0.44044,0.90905,0.5668,0.55739,0.54795,0.42744,0.81101,4.55867,1.09997,0.0058519,0.0058519,0.0058519
421,4453.51,0.53133,0.45117,0.9364,0.64952,0.52175,0.55888,0.42797,0.83638,4.02643,1.13523,0.005842,0.005842,0.005842
422,4462.99,0.48861,0.42007,0.89764,0.63588,0.53246,0.561,0.42853,0.82903,4.1676,1.12632,0.0058321,0.0058321,0.0058321
423,4472.51,0.51515,0.42921,0.92117,0.60966,0.52021,0.56265,0.43505,0.82273,3.98885,1.10777,0.0058222,0.0058222,0.0058222
424,4482,0.50513,0.41899,0.90732,0.59397,0.53152,0.56506,0.43099,0.82794,4.21577,1.10612,0.0058123,0.0058123,0.0058123
425,4491.49,0.49828,0.42586,0.916,0.62605,0.52801,0.57148,0.43051,0.81297,4.17504,1.09799,0.0058024,0.0058024,0.0058024
426,4501,0.5092,0.43153,0.91746,0.6005,0.55045,0.56931,0.43483,0.81702,3.94263,1.09957,0.0057925,0.0057925,0.0057925
427,4510.49,0.47885,0.39847,0.89803,0.58389,0.56422,0.58326,0.4386,0.82241,2.87332,1.11172,0.0057826,0.0057826,0.0057826
428,4520,0.50549,0.42182,0.9131,0.61029,0.52359,0.58768,0.44579,0.81655,2.33882,1.10684,0.0057727,0.0057727,0.0057727
429,4529.51,0.47199,0.40494,0.89094,0.57775,0.57185,0.58593,0.44921,0.8112,2.89781,1.10444,0.0057628,0.0057628,0.0057628
430,4539.07,0.51747,0.43565,0.91609,0.56142,0.5733,0.59453,0.4549,0.81419,3.62678,1.11609,0.0057529,0.0057529,0.0057529
431,4548.56,0.50364,0.4144,0.91817,0.66111,0.51169,0.58882,0.45253,0.81352,3.72003,1.11252,0.005743,0.005743,0.005743
432,4558.08,0.48654,0.42465,0.9089,0.6478,0.53932,0.58656,0.4472,0.81752,4.68945,1.10984,0.0057331,0.0057331,0.0057331
433,4567.62,0.49267,0.42259,0.90109,0.64115,0.53991,0.58521,0.44736,0.81673,5.18605,1.11115,0.0057232,0.0057232,0.0057232
434,4577.1,0.47156,0.40511,0.88986,0.59287,0.54373,0.5653,0.44029,0.80375,4.93793,1.09799,0.0057133,0.0057133,0.0057133
435,4586.61,0.51167,0.42926,0.92012,0.54019,0.59417,0.57445,0.43718,0.82788,4.9485,1.11977,0.0057034,0.0057034,0.0057034
436,4596.1,0.50407,0.43673,0.90923,0.58036,0.55337,0.56749,0.43386,0.82772,4.14823,1.12181,0.0056935,0.0056935,0.0056935
437,4605.6,0.51361,0.43671,0.91841,0.58974,0.52342,0.58051,0.44777,0.82444,3.87806,1.11603,0.0056836,0.0056836,0.0056836
438,4615.12,0.47737,0.39233,0.90446,0.57858,0.51303,0.56664,0.43976,0.81576,3.93782,1.11725,0.0056737,0.0056737,0.0056737
439,4624.63,0.48069,0.40129,0.89869,0.57257,0.52255,0.56696,0.44315,0.8228,3.34933,1.12434,0.0056638,0.0056638,0.0056638
440,4634.15,0.50318,0.43328,0.90919,0.5705,0.53413,0.57584,0.44681,0.83243,3.01088,1.13161,0.0056539,0.0056539,0.0056539
441,4643.61,0.48648,0.41157,0.91172,0.54926,0.55969,0.56888,0.4364,0.83385,3.05031,1.13649,0.005644,0.005644,0.005644
442,4653.12,0.48158,0.40165,0.89541,0.5865,0.52158,0.59286,0.45151,0.83472,3.55164,1.13471,0.0056341,0.0056341,0.0056341
443,4662.65,0.48485,0.41349,0.90587,0.62455,0.50386,0.58714,0.44509,0.83003,3.69095,1.14655,0.0056242,0.0056242,0.0056242
444,4672.16,0.49049,0.42881,0.92158,0.55142,0.57523,0.58432,0.43957,0.82988,3.30798,1.14786,0.0056143,0.0056143,0.0056143
445,4681.68,0.49641,0.41619,0.91718,0.55875,0.5737,0.5975,0.44407,0.83468,3.74027,1.13554,0.0056044,0.0056044,0.0056044
446,4691.15,0.49714,0.40617,0.9119,0.53223,0.60688,0.59964,0.45581,0.82617,4.03774,1.12775,0.0055945,0.0055945,0.0055945
447,4700.66,0.49531,0.40515,0.90047,0.608,0.56566,0.6162,0.46653,0.82116,3.78928,1.11645,0.0055846,0.0055846,0.0055846
448,4710.39,0.50593,0.42696,0.91786,0.55063,0.5973,0.60745,0.46055,0.81608,2.90248,1.10097,0.0055747,0.0055747,0.0055747
449,4719.89,0.49655,0.41874,0.91066,0.67122,0.50232,0.60444,0.46087,0.80619,2.99869,1.09202,0.0055648,0.0055648,0.0055648
450,4729.37,0.51386,0.42586,0.92501,0.57436,0.57199,0.59879,0.4569,0.81057,3.44223,1.10066,0.0055549,0.0055549,0.0055549
451,4738.88,0.49323,0.41422,0.91706,0.53544,0.59116,0.60063,0.45058,0.82284,3.33827,1.11782,0.005545,0.005545,0.005545
452,4748.45,0.50516,0.41264,0.90619,0.66353,0.47538,0.58447,0.43672,0.83007,3.60026,1.12151,0.0055351,0.0055351,0.0055351
453,4757.92,0.49407,0.40803,0.9094,0.56602,0.5551,0.58146,0.42836,0.85361,2.96313,1.14795,0.0055252,0.0055252,0.0055252
454,4767.45,0.47385,0.40805,0.88743,0.67682,0.46977,0.57763,0.43046,0.85158,2.25429,1.14644,0.0055153,0.0055153,0.0055153
455,4776.93,0.50673,0.41221,0.91368,0.55976,0.55651,0.57982,0.43947,0.8345,2.25284,1.13326,0.0055054,0.0055054,0.0055054
456,4786.46,0.48526,0.41445,0.9043,0.62146,0.56307,0.57431,0.44239,0.81171,2.65332,1.12008,0.0054955,0.0054955,0.0054955
457,4795.97,0.48799,0.42875,0.91291,0.6208,0.57378,0.58077,0.44599,0.80123,3.23327,1.10538,0.0054856,0.0054856,0.0054856
458,4805.52,0.49342,0.40481,0.92434,0.62617,0.55226,0.58611,0.44328,0.80894,3.33818,1.10573,0.0054757,0.0054757,0.0054757
459,4815.02,0.49309,0.41178,0.90071,0.55504,0.60644,0.5964,0.45049,0.83078,4.0467,1.13234,0.0054658,0.0054658,0.0054658
460,4824.56,0.48418,0.40751,0.9027,0.59505,0.57909,0.61343,0.46577,0.81633,3.66364,1.11638,0.0054559,0.0054559,0.0054559
461,4834.19,0.50428,0.43041,0.91936,0.599,0.57011,0.59947,0.44655,0.81337,3.79945,1.12445,0.005446,0.005446,0.005446
462,4843.73,0.47101,0.38827,0.90097,0.60422,0.55994,0.59705,0.4468,0.83312,3.69727,1.14025,0.0054361,0.0054361,0.0054361
463,4853.27,0.47892,0.39887,0.90691,0.69305,0.4797,0.5986,0.45364,0.8277,3.29287,1.13082,0.0054262,0.0054262,0.0054262
464,4862.81,0.48044,0.39998,0.89722,0.55014,0.5996,0.59731,0.45333,0.823,2.69288,1.13088,0.0054163,0.0054163,0.0054163
465,4872.27,0.47225,0.39937,0.90057,0.56213,0.55258,0.59016,0.44538,0.81579,2.94457,1.12093,0.0054064,0.0054064,0.0054064
466,4881.87,0.48324,0.41149,0.90867,0.65295,0.50221,0.58052,0.43532,0.82263,3.18834,1.12127,0.0053965,0.0053965,0.0053965
467,4891.4,0.48769,0.41514,0.91285,0.70974,0.44946,0.57263,0.43162,0.82544,2.64826,1.10831,0.0053866,0.0053866,0.0053866
468,4900.95,0.48847,0.38855,0.90654,0.71913,0.44933,0.57207,0.42886,0.8205,2.58614,1.10211,0.0053767,0.0053767,0.0053767
469,4910.41,0.47324,0.40607,0.90171,0.64763,0.48792,0.57402,0.43198,0.81489,2.96774,1.10149,0.0053668,0.0053668,0.0053668
470,4919.9,0.49248,0.41815,0.90304,0.54102,0.54484,0.5732,0.4412,0.81543,3.08911,1.10149,0.0053569,0.0053569,0.0053569
471,4929.37,0.48716,0.41538,0.90806,0.57148,0.51832,0.56337,0.4313,0.82076,2.76847,1.10614,0.005347,0.005347,0.005347
472,4938.77,0.47907,0.41445,0.90366,0.54361,0.57239,0.57112,0.43421,0.8221,2.53927,1.10526,0.0053371,0.0053371,0.0053371
473,4948.22,0.46096,0.3756,0.89292,0.58492,0.53995,0.57954,0.44251,0.80785,2.31419,1.09663,0.0053272,0.0053272,0.0053272
474,4957.73,0.4768,0.4071,0.90134,0.59085,0.5683,0.58525,0.45079,0.80203,2.22315,1.0978,0.0053173,0.0053173,0.0053173
475,4967.23,0.47327,0.40492,0.90352,0.54804,0.59163,0.58442,0.45067,0.79125,1.7681,1.08788,0.0053074,0.0053074,0.0053074
476,4976.71,0.48289,0.39708,0.90769,0.72652,0.46393,0.59609,0.45364,0.79765,1.71441,1.09688,0.0052975,0.0052975,0.0052975
477,4986.14,0.48563,0.39542,0.90032,0.71361,0.46595,0.58902,0.44946,0.79257,1.75614,1.09021,0.0052876,0.0052876,0.0052876
478,4995.7,0.48133,0.4053,0.90616,0.59287,0.54001,0.59427,0.45382,0.8055,1.84886,1.11337,0.0052777,0.0052777,0.0052777
479,5005.19,0.4684,0.38428,0.89963,0.7263,0.47646,0.60021,0.45993,0.80913,2.13913,1.11442,0.0052678,0.0052678,0.0052678
480,5014.63,0.47385,0.41616,0.90173,0.65638,0.5246,0.61128,0.47105,0.80509,2.49542,1.10189,0.0052579,0.0052579,0.0052579
481,5024.25,0.47068,0.393,0.89661,0.64469,0.52741,0.60721,0.46231,0.79219,2.81826,1.08267,0.005248,0.005248,0.005248
482,5033.72,0.47026,0.3693,0.8952,0.65919,0.51876,0.6103,0.46425,0.80711,2.93999,1.09485,0.0052381,0.0052381,0.0052381
483,5043.25,0.47091,0.38933,0.8997,0.64481,0.54693,0.61549,0.46701,0.80977,3.18791,1.10001,0.0052282,0.0052282,0.0052282
484,5052.73,0.47672,0.40323,0.8988,0.63063,0.54598,0.5981,0.46257,0.80555,3.14329,1.09797,0.0052183,0.0052183,0.0052183
485,5062.25,0.46934,0.39355,0.8988,0.67017,0.53267,0.60407,0.46439,0.80527,3.78153,1.08526,0.0052084,0.0052084,0.0052084
486,5071.74,0.46437,0.38199,0.8978,0.61777,0.53958,0.59266,0.45779,0.80034,3.88958,1.08279,0.0051985,0.0051985,0.0051985
487,5081.34,0.47211,0.40349,0.89473,0.59066,0.56327,0.59721,0.46051,0.79645,3.85567,1.08377,0.0051886,0.0051886,0.0051886
488,5090.78,0.45555,0.40002,0.89876,0.56592,0.54838,0.60098,0.45668,0.80946,3.98226,1.09805,0.0051787,0.0051787,0.0051787
489,5100.23,0.49738,0.43987,0.91884,0.61865,0.51835,0.5849,0.44711,0.8052,4.37182,1.09935,0.0051688,0.0051688,0.0051688
490,5109.78,0.47255,0.39578,0.90428,0.61582,0.49134,0.58587,0.44776,0.81139,4.45475,1.11023,0.0051589,0.0051589,0.0051589
491,5119.22,0.46029,0.38938,0.90556,0.70304,0.45796,0.58005,0.44294,0.80955,4.42359,1.1026,0.005149,0.005149,0.005149
492,5128.72,0.46698,0.37854,0.88758,0.62341,0.49228,0.57022,0.44116,0.80412,4.14207,1.09797,0.0051391,0.0051391,0.0051391
493,5138.25,0.4811,0.39768,0.90169,0.64751,0.45379,0.56315,0.43233,0.79986,4.52007,1.09847,0.0051292,0.0051292,0.0051292
494,5147.75,0.4559,0.37786,0.89201,0.60258,0.51259,0.55764,0.42864,0.80401,5.04299,1.11196,0.0051193,0.0051193,0.0051193
495,5157.33,0.48883,0.41562,0.92113,0.59428,0.53244,0.57926,0.44494,0.80436,3.42334,1.10914,0.0051094,0.0051094,0.0051094
496,5166.93,0.47876,0.41624,0.91223,0.60102,0.52896,0.57748,0.44456,0.80124,3.09458,1.10472,0.0050995,0.0050995,0.0050995
497,5176.44,0.48038,0.39915,0.91101,0.56836,0.55241,0.58401,0.44558,0.80461,3.41256,1.10668,0.0050896,0.0050896,0.0050896
498,5185.91,0.46003,0.37444,0.89024,0.57369,0.58044,0.5942,0.45262,0.80125,3.80341,1.11045,0.0050797,0.0050797,0.0050797
499,5195.4,0.47516,0.38932,0.89306,0.6201,0.55883,0.60632,0.45419,0.79279,4.19347,1.10706,0.0050698,0.0050698,0.0050698
500,5204.93,0.45321,0.38826,0.89165,0.60176,0.55849,0.59442,0.45638,0.78852,3.93623,1.10106,0.0050599,0.0050599,0.0050599
501,5214.43,0.48285,0.41297,0.91282,0.67725,0.46878,0.59035,0.45433,0.7883,4.55772,1.09556,0.00505,0.00505,0.00505
502,5223.97,0.45726,0.38701,0.90449,0.61552,0.53284,0.59183,0.45086,0.78796,4.19117,1.0926,0.0050401,0.0050401,0.0050401
503,5233.46,0.48528,0.39886,0.90896,0.59864,0.55278,0.5922,0.45319,0.78693,3.6753,1.09029,0.0050302,0.0050302,0.0050302
504,5242.89,0.45091,0.39171,0.8851,0.58867,0.58597,0.60152,0.45358,0.80571,3.60519,1.10666,0.0050203,0.0050203,0.0050203
505,5252.48,0.47542,0.38595,0.90323,0.58144,0.59243,0.59749,0.44911,0.80117,3.79045,1.1007,0.0050104,0.0050104,0.0050104
506,5262.01,0.46542,0.36368,0.88833,0.61526,0.57812,0.5948,0.44782,0.79202,3.67293,1.10138,0.0050005,0.0050005,0.0050005
507,5271.49,0.44077,0.36794,0.88248,0.59676,0.56456,0.59245,0.45336,0.79008,4.13592,1.11437,0.0049906,0.0049906,0.0049906
508,5280.99,0.4773,0.39866,0.91008,0.5817,0.57301,0.5853,0.45057,0.79698,4.44938,1.12168,0.0049807,0.0049807,0.0049807
509,5290.51,0.46798,0.38229,0.89487,0.62527,0.54686,0.58262,0.44341,0.79702,4.50117,1.11527,0.0049708,0.0049708,0.0049708
510,5300.03,0.47007,0.37493,0.89494,0.60146,0.57142,0.58014,0.44125,0.796,4.37441,1.10516,0.0049609,0.0049609,0.0049609
511,5309.52,0.45307,0.37505,0.89318,0.63591,0.54564,0.58538,0.4491,0.79569,3.82824,1.09974,0.004951,0.004951,0.004951
512,5318.98,0.46478,0.39015,0.89371,0.63792,0.5685,0.58454,0.4518,0.79073,3.76436,1.09227,0.0049411,0.0049411,0.0049411
513,5328.55,0.46677,0.38189,0.9061,0.62446,0.56978,0.58017,0.45121,0.79432,3.97096,1.10136,0.0049312,0.0049312,0.0049312
514,5338.12,0.45018,0.36331,0.89182,0.62143,0.57904,0.56832,0.442,0.80185,4.20304,1.11081,0.0049213,0.0049213,0.0049213
515,5347.59,0.46617,0.38872,0.89929,0.61711,0.56648,0.57749,0.44983,0.79967,3.77729,1.11264,0.0049114,0.0049114,0.0049114
516,5357.04,0.46387,0.37976,0.89338,0.57793,0.57295,0.58423,0.45436,0.78959,3.81787,1.11282,0.0049015,0.0049015,0.0049015
517,5366.56,0.47424,0.3992,0.8981,0.58068,0.5592,0.58356,0.45796,0.78114,3.88446,1.09203,0.0048916,0.0048916,0.0048916
518,5376.06,0.46625,0.38399,0.89976,0.58598,0.5677,0.58993,0.45638,0.78256,3.91883,1.08557,0.0048817,0.0048817,0.0048817
519,5385.53,0.46089,0.36936,0.89495,0.60553,0.55868,0.58021,0.45021,0.78723,3.61189,1.08945,0.0048718,0.0048718,0.0048718
520,5394.97,0.47091,0.38653,0.90076,0.62675,0.53979,0.57433,0.44502,0.78499,3.34137,1.09043,0.0048619,0.0048619,0.0048619
521,5404.47,0.46928,0.39331,0.89412,0.63092,0.54896,0.56871,0.43905,0.77764,3.20533,1.08213,0.004852,0.004852,0.004852
522,5413.98,0.4644,0.39308,0.89985,0.60372,0.5732,0.57608,0.44534,0.79315,3.15997,1.09553,0.0048421,0.0048421,0.0048421
523,5423.45,0.46714,0.3899,0.89568,0.58162,0.55935,0.57209,0.44014,0.78355,2.62778,1.08535,0.0048322,0.0048322,0.0048322
524,5432.95,0.45521,0.38728,0.89516,0.61096,0.55465,0.58585,0.45148,0.78774,2.09753,1.09066,0.0048223,0.0048223,0.0048223
525,5442.44,0.46766,0.39096,0.90028,0.63131,0.53223,0.58742,0.44929,0.79791,2.81387,1.10696,0.0048124,0.0048124,0.0048124
526,5451.93,0.46776,0.40115,0.91382,0.64806,0.53575,0.58705,0.44883,0.80349,3.28704,1.11349,0.0048025,0.0048025,0.0048025
527,5461.4,0.45598,0.37357,0.8905,0.59372,0.56841,0.59029,0.45167,0.8124,2.76474,1.11731,0.0047926,0.0047926,0.0047926
528,5470.92,0.46457,0.376,0.90142,0.58162,0.59953,0.59135,0.44899,0.80956,2.85184,1.11844,0.0047827,0.0047827,0.0047827
529,5480.38,0.44913,0.36447,0.89041,0.60295,0.5638,0.5716,0.4438,0.80254,3.24681,1.10662,0.0047728,0.0047728,0.0047728
530,5489.9,0.46653,0.39107,0.89875,0.60055,0.5625,0.56614,0.44236,0.81244,3.48331,1.11293,0.0047629,0.0047629,0.0047629
531,5499.41,0.46496,0.40526,0.89873,0.6058,0.55621,0.57181,0.44794,0.80794,3.20809,1.10353,0.004753,0.004753,0.004753
532,5508.96,0.46413,0.40428,0.90483,0.57396,0.57345,0.57216,0.44634,0.8157,2.72438,1.10864,0.0047431,0.0047431,0.0047431
533,5518.41,0.41868,0.34545,0.8696,0.58578,0.58697,0.5742,0.44113,0.8173,2.92923,1.1141,0.0047332,0.0047332,0.0047332
534,5527.89,0.46204,0.39046,0.90221,0.62944,0.56912,0.58287,0.45024,0.81678,2.81979,1.10703,0.0047233,0.0047233,0.0047233
535,5537.39,0.44548,0.37246,0.88509,0.5781,0.58913,0.58744,0.45431,0.81997,2.5847,1.10748,0.0047134,0.0047134,0.0047134
536,5546.87,0.46745,0.39807,0.91045,0.57382,0.58513,0.58774,0.4546,0.83349,2.50738,1.12668,0.0047035,0.0047035,0.0047035
537,5556.34,0.46829,0.41163,0.90323,0.5941,0.57677,0.59938,0.46138,0.83921,2.55064,1.13698,0.0046936,0.0046936,0.0046936
538,5565.88,0.42885,0.35679,0.88251,0.62291,0.53824,0.59413,0.45839,0.83835,2.75176,1.14155,0.0046837,0.0046837,0.0046837
539,5575.39,0.44513,0.36995,0.89024,0.59361,0.56356,0.59857,0.45947,0.83406,2.90214,1.13382,0.0046738,0.0046738,0.0046738
540,5584.86,0.44381,0.36403,0.88178,0.61606,0.57146,0.59994,0.4548,0.82872,2.85653,1.12744,0.0046639,0.0046639,0.0046639
541,5594.3,0.41837,0.35221,0.87643,0.60565,0.54707,0.59647,0.45523,0.82182,2.71633,1.11832,0.004654,0.004654,0.004654
542,5603.8,0.45589,0.3955,0.89573,0.62738,0.53334,0.59595,0.45566,0.82012,2.69716,1.11628,0.0046441,0.0046441,0.0046441
543,5613.28,0.44618,0.36852,0.90283,0.63185,0.53008,0.59483,0.45404,0.81902,2.85399,1.12345,0.0046342,0.0046342,0.0046342
544,5622.82,0.46426,0.38265,0.9017,0.62785,0.52388,0.59657,0.45602,0.81908,3.03706,1.11778,0.0046243,0.0046243,0.0046243
545,5632.31,0.44195,0.36014,0.87916,0.62876,0.53068,0.59643,0.45905,0.82039,3.13718,1.1105,0.0046144,0.0046144,0.0046144
546,5641.9,0.43506,0.35399,0.88633,0.61644,0.52193,0.59061,0.45703,0.80957,3.19094,1.10175,0.0046045,0.0046045,0.0046045
547,5651.42,0.46351,0.38603,0.91362,0.60231,0.52735,0.58934,0.46173,0.80556,3.27993,1.09723,0.0045946,0.0045946,0.0045946
548,5660.91,0.45301,0.37191,0.89319,0.57179,0.54198,0.59008,0.46119,0.79555,3.36059,1.08895,0.0045847,0.0045847,0.0045847
549,5670.41,0.45302,0.38471,0.89551,0.62494,0.50025,0.58115,0.45335,0.79759,3.47192,1.08486,0.0045748,0.0045748,0.0045748
550,5679.98,0.46363,0.39089,0.89498,0.61348,0.5051,0.5759,0.44706,0.79023,3.42822,1.08034,0.0045649,0.0045649,0.0045649
551,5689.41,0.44811,0.36758,0.88797,0.63379,0.49959,0.57042,0.44287,0.78934,3.37778,1.09086,0.004555,0.004555,0.004555
552,5698.9,0.44376,0.37566,0.89332,0.64805,0.48615,0.5693,0.43993,0.79315,2.91607,1.10348,0.0045451,0.0045451,0.0045451
553,5708.47,0.4377,0.35995,0.88534,0.69527,0.46018,0.58017,0.44753,0.79657,2.73059,1.11377,0.0045352,0.0045352,0.0045352
554,5717.94,0.45192,0.38726,0.9028,0.64456,0.49181,0.58318,0.45249,0.79921,2.79576,1.12637,0.0045253,0.0045253,0.0045253
555,5727.48,0.44652,0.37626,0.89434,0.66425,0.498,0.59341,0.46034,0.79719,3.12962,1.12824,0.0045154,0.0045154,0.0045154
556,5736.93,0.44778,0.3865,0.89346,0.68399,0.49036,0.59635,0.45784,0.80599,2.80795,1.13116,0.0045055,0.0045055,0.0045055
557,5746.46,0.46123,0.38356,0.91159,0.62957,0.5281,0.60343,0.46186,0.80964,2.65273,1.14378,0.0044956,0.0044956,0.0044956
558,5755.99,0.45024,0.37424,0.89567,0.6227,0.53194,0.60564,0.46308,0.8093,2.75538,1.14687,0.0044857,0.0044857,0.0044857
559,5765.51,0.41939,0.35711,0.88042,0.59726,0.53818,0.60167,0.46351,0.81335,3.33942,1.15029,0.0044758,0.0044758,0.0044758
560,5774.98,0.45136,0.38918,0.90216,0.56216,0.58011,0.59976,0.46471,0.81575,3.12895,1.14846,0.0044659,0.0044659,0.0044659
561,5784.46,0.4379,0.3522,0.89434,0.59275,0.55016,0.60107,0.4567,0.81437,3.16686,1.14893,0.004456,0.004456,0.004456
562,5793.93,0.4424,0.35966,0.88256,0.65605,0.52205,0.59873,0.45559,0.81733,3.27726,1.15154,0.0044461,0.0044461,0.0044461
563,5803.44,0.44734,0.37543,0.89746,0.67032,0.5115,0.60208,0.45668,0.81459,3.22389,1.15131,0.0044362,0.0044362,0.0044362
564,5812.92,0.45981,0.38219,0.8873,0.62523,0.54864,0.59159,0.4567,0.81628,3.25697,1.1535,0.0044263,0.0044263,0.0044263
565,5822.41,0.43686,0.36796,0.88468,0.54194,0.57899,0.59634,0.45829,0.81823,3.10046,1.15105,0.0044164,0.0044164,0.0044164
566,5832.03,0.43784,0.36304,0.89606,0.55187,0.56989,0.59583,0.45958,0.82496,2.55426,1.15985,0.0044065,0.0044065,0.0044065
567,5841.53,0.4324,0.36339,0.88562,0.55723,0.58038,0.59795,0.46019,0.81775,2.43332,1.15669,0.0043966,0.0043966,0.0043966
568,5851.03,0.42885,0.33587,0.87827,0.57676,0.57246,0.59533,0.46166,0.81734,2.38321,1.15524,0.0043867,0.0043867,0.0043867
569,5860.54,0.45033,0.39103,0.9009,0.64571,0.53331,0.59731,0.46198,0.81245,2.4171,1.14578,0.0043768,0.0043768,0.0043768
570,5870.07,0.4475,0.36582,0.88757,0.65141,0.53301,0.59119,0.46164,0.80814,2.33103,1.14401,0.0043669,0.0043669,0.0043669
571,5879.6,0.43131,0.3577,0.87694,0.63916,0.54757,0.58709,0.46019,0.79328,2.36627,1.12347,0.004357,0.004357,0.004357
572,5889.15,0.43902,0.36845,0.88906,0.62912,0.53419,0.58221,0.4534,0.79111,2.49367,1.11651,0.0043471,0.0043471,0.0043471
573,5898.64,0.43102,0.36041,0.88792,0.54795,0.57922,0.59088,0.45899,0.79481,2.34387,1.12643,0.0043372,0.0043372,0.0043372
574,5908.15,0.42892,0.36082,0.88058,0.53936,0.55884,0.59123,0.46149,0.79264,2.3054,1.12431,0.0043273,0.0043273,0.0043273
575,5917.66,0.45211,0.37728,0.8943,0.57808,0.51005,0.58751,0.45751,0.78178,2.29685,1.11427,0.0043174,0.0043174,0.0043174
576,5927.15,0.45412,0.38802,0.90317,0.52795,0.55283,0.58761,0.4604,0.78957,2.27461,1.12872,0.0043075,0.0043075,0.0043075
577,5936.63,0.43045,0.35468,0.88889,0.52045,0.58214,0.59464,0.4595,0.80133,2.4164,1.1404,0.0042976,0.0042976,0.0042976
578,5946.13,0.44654,0.37383,0.89568,0.52691,0.57354,0.5872,0.45225,0.80272,2.31445,1.1402,0.0042877,0.0042877,0.0042877
579,5955.59,0.45648,0.3931,0.90624,0.54221,0.56103,0.58218,0.44904,0.81226,2.15211,1.15009,0.0042778,0.0042778,0.0042778
580,5965.03,0.43995,0.36625,0.89029,0.54041,0.55319,0.58484,0.45265,0.81435,1.98258,1.153,0.0042679,0.0042679,0.0042679
581,5974.5,0.45116,0.39308,0.89958,0.61952,0.51137,0.58846,0.44855,0.81048,1.99148,1.14046,0.004258,0.004258,0.004258
582,5984.08,0.44556,0.37163,0.89696,0.59775,0.52531,0.58135,0.44905,0.81241,2.44901,1.13814,0.0042481,0.0042481,0.0042481
583,5993.59,0.43242,0.37382,0.88786,0.55122,0.5675,0.58718,0.44971,0.8082,2.95964,1.13337,0.0042382,0.0042382,0.0042382
584,6003.02,0.43933,0.37847,0.89997,0.52575,0.55995,0.58482,0.44837,0.80212,3.38675,1.12692,0.0042283,0.0042283,0.0042283
585,6012.48,0.44285,0.3795,0.8893,0.52229,0.58387,0.59406,0.4537,0.80108,3.37638,1.12141,0.0042184,0.0042184,0.0042184
586,6021.97,0.43747,0.38072,0.88935,0.53134,0.58973,0.59386,0.45426,0.80939,3.27366,1.12322,0.0042085,0.0042085,0.0042085
587,6031.45,0.44039,0.38343,0.89106,0.53239,0.58473,0.59583,0.45364,0.80879,3.23772,1.1211,0.0041986,0.0041986,0.0041986
588,6040.95,0.42916,0.35876,0.88179,0.55548,0.57275,0.59312,0.45187,0.80785,3.51687,1.12241,0.0041887,0.0041887,0.0041887
589,6050.5,0.43188,0.35694,0.89219,0.62206,0.53462,0.59847,0.45396,0.80287,3.96471,1.12241,0.0041788,0.0041788,0.0041788
590,6060,0.44126,0.37625,0.89644,0.57465,0.59617,0.60042,0.45514,0.80576,3.94024,1.12084,0.0041689,0.0041689,0.0041689
591,6069.49,0.43475,0.37385,0.88746,0.583,0.58391,0.6025,0.45831,0.80999,4.00112,1.13063,0.004159,0.004159,0.004159
592,6078.96,0.43536,0.34959,0.87697,0.59628,0.56727,0.59652,0.4577,0.80877,3.84733,1.13131,0.0041491,0.0041491,0.0041491
593,6088.45,0.46093,0.37017,0.89315,0.59714,0.57309,0.59885,0.45829,0.80362,3.42874,1.12506,0.0041392,0.0041392,0.0041392
594,6097.96,0.43355,0.37008,0.89089,0.58441,0.55937,0.59466,0.45852,0.80585,3.18588,1.12519,0.0041293,0.0041293,0.0041293
595,6107.45,0.42903,0.34464,0.87372,0.58178,0.57892,0.59065,0.45858,0.80031,2.76419,1.11854,0.0041194,0.0041194,0.0041194
596,6116.99,0.42407,0.3574,0.89484,0.57734,0.56353,0.5912,0.45907,0.80282,2.78768,1.12074,0.0041095,0.0041095,0.0041095
597,6126.49,0.42216,0.35831,0.88939,0.66818,0.48783,0.59483,0.4585,0.80552,3.03498,1.12295,0.0040996,0.0040996,0.0040996
598,6135.97,0.42856,0.36738,0.88715,0.632,0.5129,0.59466,0.45983,0.80071,3.05562,1.1163,0.0040897,0.0040897,0.0040897
599,6145.46,0.41878,0.35406,0.8904,0.63631,0.51457,0.58781,0.45239,0.79879,2.81299,1.12243,0.0040798,0.0040798,0.0040798
600,6155.01,0.42105,0.34803,0.87581,0.65122,0.50387,0.59137,0.45807,0.79903,2.6405,1.1346,0.0040699,0.0040699,0.0040699
601,6164.5,0.42976,0.35684,0.89026,0.63835,0.51376,0.5991,0.4624,0.79246,2.36994,1.11856,0.00406,0.00406,0.00406
602,6174.01,0.42815,0.34889,0.88715,0.60925,0.54554,0.59155,0.45718,0.79956,2.37726,1.12325,0.0040501,0.0040501,0.0040501
603,6183.49,0.41803,0.34061,0.88559,0.63522,0.54796,0.59539,0.45657,0.79536,2.82682,1.12074,0.0040402,0.0040402,0.0040402
604,6193.02,0.43267,0.36553,0.88619,0.68345,0.49006,0.58485,0.45267,0.78921,2.93179,1.11907,0.0040303,0.0040303,0.0040303
605,6202.51,0.43249,0.36328,0.88916,0.68009,0.49928,0.58334,0.4531,0.79373,2.6953,1.12129,0.0040204,0.0040204,0.0040204
606,6212.01,0.42268,0.36018,0.88579,0.66112,0.49931,0.58073,0.4514,0.79069,2.60529,1.11571,0.0040105,0.0040105,0.0040105
607,6221.52,0.42543,0.35677,0.88268,0.6241,0.51826,0.58674,0.45751,0.78092,2.70718,1.10507,0.0040006,0.0040006,0.0040006
608,6231.03,0.42292,0.35649,0.87196,0.59525,0.52815,0.58347,0.45791,0.78233,2.64657,1.11234,0.0039907,0.0039907,0.0039907
609,6240.51,0.42858,0.37126,0.8765,0.68677,0.47931,0.58022,0.45384,0.78229,2.50058,1.11331,0.0039808,0.0039808,0.0039808
610,6250,0.41523,0.35737,0.87814,0.63729,0.48862,0.58045,0.45051,0.78517,2.49107,1.11833,0.0039709,0.0039709,0.0039709
611,6259.52,0.44427,0.37702,0.89244,0.65824,0.49168,0.58492,0.45608,0.7824,2.31829,1.11133,0.003961,0.003961,0.003961
612,6269.03,0.41357,0.35076,0.87793,0.5965,0.5417,0.57978,0.45455,0.78191,2.07629,1.10232,0.0039511,0.0039511,0.0039511
613,6278.56,0.44267,0.36635,0.8892,0.65057,0.50111,0.57677,0.45526,0.77313,2.08328,1.08889,0.0039412,0.0039412,0.0039412
614,6288.05,0.40605,0.3398,0.87195,0.65003,0.47818,0.57564,0.45947,0.77497,2.17129,1.08981,0.0039313,0.0039313,0.0039313
615,6297.51,0.42367,0.35868,0.88795,0.59674,0.51979,0.57697,0.45959,0.77496,2.26387,1.08737,0.0039214,0.0039214,0.0039214
616,6307.03,0.41617,0.35024,0.86847,0.64368,0.49323,0.58384,0.46421,0.78043,2.52291,1.09191,0.0039115,0.0039115,0.0039115
617,6316.53,0.4259,0.35079,0.87958,0.62283,0.50376,0.57692,0.45789,0.78094,2.77259,1.09355,0.0039016,0.0039016,0.0039016
618,6326.07,0.44981,0.35991,0.89888,0.62048,0.51861,0.57705,0.45453,0.78974,2.82273,1.10173,0.0038917,0.0038917,0.0038917
619,6335.55,0.41602,0.34229,0.87976,0.61764,0.51719,0.58594,0.46221,0.79869,3.10259,1.11106,0.0038818,0.0038818,0.0038818
620,6345.04,0.42402,0.34769,0.88015,0.61603,0.52002,0.59254,0.46754,0.8006,3.51069,1.11245,0.0038719,0.0038719,0.0038719
621,6354.55,0.41253,0.34418,0.8804,0.63018,0.51097,0.5921,0.46664,0.8007,3.59336,1.11691,0.003862,0.003862,0.003862
622,6364.05,0.42655,0.36984,0.88077,0.7118,0.4633,0.5888,0.46524,0.79682,3.40179,1.11745,0.0038521,0.0038521,0.0038521
623,6373.58,0.41312,0.34196,0.8715,0.70371,0.46772,0.59313,0.4656,0.79919,3.49839,1.1219,0.0038422,0.0038422,0.0038422
624,6383.02,0.41293,0.35344,0.87955,0.65282,0.49365,0.59552,0.46541,0.80413,3.54636,1.13377,0.0038323,0.0038323,0.0038323
625,6392.55,0.43597,0.36247,0.88723,0.66385,0.48975,0.59607,0.46467,0.81488,3.47272,1.14933,0.0038224,0.0038224,0.0038224
626,6402.04,0.41964,0.35984,0.88661,0.67118,0.49557,0.60104,0.46633,0.80415,3.41324,1.14436,0.0038125,0.0038125,0.0038125
627,6411.55,0.41771,0.35372,0.89006,0.68044,0.48783,0.59596,0.46758,0.80875,3.30159,1.15274,0.0038026,0.0038026,0.0038026
628,6421.07,0.42627,0.34898,0.88265,0.66195,0.49096,0.59705,0.47269,0.8067,3.13831,1.15339,0.0037927,0.0037927,0.0037927
629,6430.73,0.42076,0.35567,0.88223,0.65523,0.4963,0.5906,0.46577,0.80662,2.8167,1.14803,0.0037828,0.0037828,0.0037828
630,6440.22,0.43008,0.35539,0.89005,0.68653,0.47626,0.58846,0.46155,0.81078,2.5923,1.14823,0.0037729,0.0037729,0.0037729
631,6449.72,0.42621,0.36396,0.88763,0.66146,0.4934,0.5906,0.46648,0.80932,2.53451,1.14296,0.003763,0.003763,0.003763
632,6459.19,0.40735,0.34511,0.87574,0.67143,0.49209,0.58885,0.4694,0.8081,2.46179,1.13133,0.0037531,0.0037531,0.0037531
633,6468.68,0.43188,0.3559,0.8917,0.6716,0.50021,0.59325,0.47068,0.80366,2.43538,1.12364,0.0037432,0.0037432,0.0037432
634,6478.17,0.41072,0.3367,0.88178,0.66971,0.49429,0.59031,0.46903,0.80801,2.43848,1.12397,0.0037333,0.0037333,0.0037333
635,6487.62,0.42658,0.34251,0.89005,0.63582,0.5069,0.59147,0.47085,0.8091,2.19486,1.11762,0.0037234,0.0037234,0.0037234
636,6497.16,0.4256,0.35024,0.88605,0.64225,0.49949,0.59199,0.46701,0.80839,2.00865,1.11785,0.0037135,0.0037135,0.0037135
637,6506.62,0.42046,0.35042,0.88119,0.64509,0.50095,0.59033,0.46359,0.8026,1.95351,1.11112,0.0037036,0.0037036,0.0037036
638,6516.09,0.41229,0.35752,0.88649,0.64395,0.50021,0.58671,0.46419,0.80343,2.01127,1.11616,0.0036937,0.0036937,0.0036937
639,6525.66,0.42068,0.33859,0.88793,0.65125,0.49096,0.58679,0.46073,0.80473,2.22854,1.1196,0.0036838,0.0036838,0.0036838
640,6535.1,0.41072,0.35064,0.87476,0.56242,0.57067,0.58461,0.4592,0.80604,2.27386,1.12346,0.0036739,0.0036739,0.0036739
641,6544.58,0.41713,0.35672,0.88771,0.64375,0.5128,0.59076,0.4635,0.80262,2.40722,1.1219,0.003664,0.003664,0.003664
642,6554.03,0.4116,0.35193,0.88885,0.62912,0.52325,0.59182,0.46626,0.80034,2.60605,1.11887,0.0036541,0.0036541,0.0036541
643,6563.49,0.41763,0.34412,0.88425,0.62942,0.5172,0.58937,0.46202,0.79861,2.75294,1.11919,0.0036442,0.0036442,0.0036442
644,6573,0.41502,0.3374,0.88167,0.60961,0.52529,0.58405,0.45927,0.80055,2.87207,1.12601,0.0036343,0.0036343,0.0036343
645,6582.48,0.40398,0.3387,0.87303,0.57532,0.56955,0.58529,0.46032,0.81019,3.12722,1.13897,0.0036244,0.0036244,0.0036244
646,6591.94,0.41337,0.33732,0.88661,0.57692,0.56851,0.58324,0.45569,0.80917,3.17035,1.1396,0.0036145,0.0036145,0.0036145
647,6601.41,0.41658,0.35109,0.88586,0.57558,0.54427,0.58597,0.45823,0.80344,3.20959,1.13285,0.0036046,0.0036046,0.0036046
648,6610.91,0.40374,0.33142,0.89093,0.54333,0.55841,0.5818,0.45545,0.80384,3.18413,1.13425,0.0035947,0.0035947,0.0035947
649,6620.5,0.4358,0.35787,0.89799,0.54355,0.56323,0.58331,0.45535,0.80703,3.38689,1.1395,0.0035848,0.0035848,0.0035848
650,6630,0.40108,0.31988,0.87326,0.62781,0.49799,0.58433,0.45771,0.80338,3.3639,1.13484,0.0035749,0.0035749,0.0035749
651,6639.45,0.42299,0.35498,0.88821,0.62741,0.50505,0.58548,0.45786,0.80297,3.43181,1.13437,0.003565,0.003565,0.003565
652,6648.96,0.41046,0.32735,0.88238,0.60968,0.52254,0.58497,0.45772,0.80478,3.56097,1.13811,0.0035551,0.0035551,0.0035551
653,6658.5,0.4227,0.34856,0.87372,0.62499,0.50625,0.58381,0.45586,0.80604,3.59553,1.13924,0.0035452,0.0035452,0.0035452
654,6668.01,0.42587,0.35613,0.88702,0.58302,0.53457,0.58402,0.4556,0.80632,3.23038,1.13716,0.0035353,0.0035353,0.0035353
655,6677.49,0.42058,0.35447,0.8769,0.62239,0.49443,0.58932,0.45668,0.80307,2.82651,1.13315,0.0035254,0.0035254,0.0035254
656,6686.95,0.41583,0.34874,0.88203,0.65148,0.47083,0.59165,0.45917,0.80598,3.17315,1.13523,0.0035155,0.0035155,0.0035155
657,6696.44,0.40013,0.33021,0.86703,0.63293,0.50013,0.59017,0.4573,0.80787,2.98098,1.14062,0.0035056,0.0035056,0.0035056
658,6705.95,0.39782,0.32521,0.88402,0.66442,0.47383,0.58842,0.4581,0.80818,3.08767,1.13891,0.0034957,0.0034957,0.0034957
659,6715.44,0.40365,0.33823,0.87639,0.63108,0.51643,0.59136,0.4596,0.80758,3.27053,1.13948,0.0034858,0.0034858,0.0034858
660,6724.96,0.42038,0.35333,0.88363,0.63962,0.5153,0.59054,0.45752,0.80308,3.6494,1.13755,0.0034759,0.0034759,0.0034759
661,6734.43,0.42088,0.35386,0.88657,0.63648,0.51365,0.59821,0.46478,0.8011,3.77326,1.13765,0.003466,0.003466,0.003466
662,6744,0.38883,0.34656,0.87588,0.63354,0.5058,0.60106,0.46678,0.80435,3.96448,1.13697,0.0034561,0.0034561,0.0034561
663,6753.46,0.40357,0.33407,0.86909,0.70359,0.46438,0.59287,0.46124,0.80619,4.03138,1.13919,0.0034462,0.0034462,0.0034462
664,6763,0.39917,0.33486,0.8734,0.61441,0.51331,0.59328,0.4623,0.80792,4.0868,1.14151,0.0034363,0.0034363,0.0034363
665,6772.53,0.39545,0.32472,0.87011,0.72765,0.45723,0.59805,0.46598,0.8054,4.14267,1.13345,0.0034264,0.0034264,0.0034264
666,6782.14,0.42051,0.34135,0.88487,0.67067,0.47522,0.60314,0.47176,0.80256,4.14628,1.13088,0.0034165,0.0034165,0.0034165
667,6791.66,0.39569,0.32726,0.88132,0.70608,0.46531,0.60188,0.47208,0.8031,3.94319,1.12892,0.0034066,0.0034066,0.0034066
668,6801.19,0.40664,0.33865,0.87525,0.63356,0.49998,0.60014,0.47099,0.80095,3.75925,1.12725,0.0033967,0.0033967,0.0033967
669,6810.71,0.40454,0.33325,0.87288,0.62396,0.51078,0.59838,0.46819,0.79448,3.68533,1.12239,0.0033868,0.0033868,0.0033868
670,6820.33,0.40074,0.33285,0.87952,0.71154,0.47272,0.5998,0.46841,0.79418,3.75127,1.11859,0.0033769,0.0033769,0.0033769
671,6829.8,0.41057,0.32877,0.87915,0.6909,0.47929,0.60698,0.47218,0.788,3.79719,1.11368,0.003367,0.003367,0.003367
672,6839.51,0.40789,0.33653,0.88244,0.71779,0.47828,0.60512,0.4708,0.78429,3.6966,1.10753,0.0033571,0.0033571,0.0033571
673,6848.97,0.40167,0.3404,0.868,0.68527,0.4916,0.60645,0.47539,0.77972,3.6551,1.10081,0.0033472,0.0033472,0.0033472
674,6858.74,0.40311,0.35008,0.88506,0.67433,0.49019,0.60915,0.47486,0.77722,3.50128,1.09666,0.0033373,0.0033373,0.0033373
675,6868.27,0.41901,0.36365,0.89549,0.71785,0.4669,0.60695,0.47439,0.77388,3.42983,1.09059,0.0033274,0.0033274,0.0033274
676,6877.79,0.41189,0.34025,0.88642,0.62296,0.52888,0.60663,0.47459,0.77608,3.26999,1.09193,0.0033175,0.0033175,0.0033175
677,6887.32,0.3907,0.32775,0.87608,0.58381,0.5696,0.61092,0.47763,0.7761,3.113,1.09554,0.0033076,0.0033076,0.0033076
678,6897.08,0.40529,0.32863,0.88145,0.71668,0.47414,0.60419,0.47637,0.7767,2.70074,1.09693,0.0032977,0.0032977,0.0032977
679,6906.62,0.38648,0.32242,0.86769,0.723,0.47346,0.60409,0.47398,0.77856,2.34557,1.09645,0.0032878,0.0032878,0.0032878
680,6916.1,0.40127,0.32847,0.88032,0.74084,0.46511,0.60616,0.47234,0.78117,2.07374,1.10033,0.0032779,0.0032779,0.0032779
681,6925.6,0.39572,0.3309,0.87022,0.74404,0.45758,0.60302,0.4698,0.78336,1.89376,1.10431,0.003268,0.003268,0.003268
682,6935.05,0.38687,0.32158,0.86852,0.74869,0.45803,0.60789,0.46857,0.78262,1.84246,1.1042,0.0032581,0.0032581,0.0032581
683,6944.59,0.40916,0.34064,0.88772,0.62707,0.51458,0.60284,0.46434,0.78373,1.80949,1.10681,0.0032482,0.0032482,0.0032482
684,6954.03,0.40785,0.33322,0.89012,0.64052,0.51102,0.60312,0.4668,0.78204,1.84427,1.10705,0.0032383,0.0032383,0.0032383
685,6963.54,0.40055,0.33304,0.87154,0.72237,0.46462,0.60753,0.46863,0.78296,1.8517,1.10923,0.0032284,0.0032284,0.0032284
686,6973.02,0.3851,0.31109,0.8727,0.67531,0.483,0.59853,0.46425,0.78428,1.88063,1.1098,0.0032185,0.0032185,0.0032185
687,6982.54,0.39097,0.33166,0.86438,0.66876,0.47915,0.59804,0.46543,0.7832,1.87311,1.10769,0.0032086,0.0032086,0.0032086
688,6992.06,0.39457,0.33106,0.87712,0.66574,0.48487,0.59201,0.45841,0.78457,1.72574,1.10889,0.0031987,0.0031987,0.0031987
689,7001.53,0.40631,0.35362,0.88698,0.66274,0.48116,0.59291,0.45846,0.78112,1.62766,1.10339,0.0031888,0.0031888,0.0031888
690,7011.04,0.40579,0.32992,0.88569,0.68798,0.47175,0.59574,0.4614,0.77854,1.57525,1.10211,0.0031789,0.0031789,0.0031789
691,7020.53,0.40462,0.33187,0.88151,0.67537,0.47412,0.59729,0.4618,0.7818,1.4927,1.10338,0.003169,0.003169,0.003169
692,7029.98,0.40691,0.33242,0.88206,0.6669,0.47012,0.59703,0.46072,0.78717,1.4043,1.1117,0.0031591,0.0031591,0.0031591
693,7039.46,0.41327,0.34224,0.89008,0.56505,0.53357,0.58795,0.45089,0.79012,1.33993,1.11454,0.0031492,0.0031492,0.0031492
694,7048.98,0.38277,0.32413,0.87019,0.56874,0.54584,0.5904,0.45529,0.7895,1.29919,1.11642,0.0031393,0.0031393,0.0031393
695,7058.46,0.39433,0.31972,0.87339,0.57404,0.54464,0.58686,0.45621,0.7912,1.31965,1.1194,0.0031294,0.0031294,0.0031294
696,7067.94,0.38737,0.30588,0.86658,0.62782,0.50384,0.58976,0.45694,0.79133,1.35496,1.11954,0.0031195,0.0031195,0.0031195
697,7077.46,0.39911,0.31642,0.87389,0.62327,0.50078,0.59265,0.45999,0.78566,1.36048,1.11688,0.0031096,0.0031096,0.0031096
698,7086.96,0.39006,0.33784,0.87579,0.55201,0.55392,0.59337,0.45904,0.78124,1.35549,1.1115,0.0030997,0.0030997,0.0030997
699,7096.4,0.40802,0.33183,0.87819,0.59111,0.54661,0.59593,0.46217,0.77583,1.31565,1.10435,0.0030898,0.0030898,0.0030898
700,7105.87,0.39998,0.33106,0.89379,0.6006,0.55004,0.5982,0.46634,0.77315,1.3307,1.10213,0.0030799,0.0030799,0.0030799
701,7115.34,0.39215,0.32654,0.87737,0.58963,0.54884,0.59411,0.46557,0.77096,1.33922,1.10088,0.00307,0.00307,0.00307
702,7124.84,0.38176,0.31495,0.87064,0.58901,0.54073,0.58608,0.46186,0.76857,1.37412,1.09686,0.0030601,0.0030601,0.0030601
703,7134.28,0.40197,0.32582,0.87407,0.64905,0.49347,0.5859,0.46165,0.77082,1.42028,1.09699,0.0030502,0.0030502,0.0030502
704,7143.81,0.41219,0.34694,0.88348,0.64901,0.49458,0.58686,0.46172,0.77287,1.47967,1.09747,0.0030403,0.0030403,0.0030403
705,7153.32,0.39271,0.34035,0.87001,0.56067,0.5651,0.59022,0.46389,0.77473,1.5415,1.09537,0.0030304,0.0030304,0.0030304
706,7162.79,0.39909,0.32279,0.88269,0.56157,0.56952,0.58911,0.46395,0.77426,1.57191,1.09351,0.0030205,0.0030205,0.0030205
707,7172.24,0.39654,0.32778,0.87988,0.65222,0.49117,0.59698,0.46805,0.77389,1.61822,1.09202,0.0030106,0.0030106,0.0030106
708,7181.74,0.39684,0.33534,0.87767,0.63764,0.50348,0.59813,0.46769,0.77699,1.61917,1.09355,0.0030007,0.0030007,0.0030007
709,7191.26,0.39712,0.32111,0.87447,0.55559,0.56656,0.59562,0.46353,0.77548,1.66398,1.09157,0.0029908,0.0029908,0.0029908
710,7200.76,0.38325,0.3141,0.87512,0.61693,0.5157,0.59524,0.46342,0.77557,1.73705,1.09329,0.0029809,0.0029809,0.0029809
711,7210.25,0.38161,0.31961,0.87231,0.64472,0.5028,0.59305,0.46312,0.77232,1.85966,1.09292,0.002971,0.002971,0.002971
712,7219.73,0.3854,0.31495,0.87159,0.63296,0.51015,0.59201,0.4603,0.77332,1.92093,1.0934,0.0029611,0.0029611,0.0029611
713,7229.25,0.38486,0.31953,0.87682,0.62859,0.51762,0.59164,0.46128,0.77634,1.90049,1.09578,0.0029512,0.0029512,0.0029512
714,7238.84,0.37295,0.30274,0.86488,0.62087,0.5119,0.5891,0.4587,0.77287,1.93664,1.09531,0.0029413,0.0029413,0.0029413
715,7248.37,0.38185,0.32114,0.87542,0.62225,0.50777,0.58907,0.46169,0.77382,1.88442,1.09791,0.0029314,0.0029314,0.0029314
716,7257.91,0.38375,0.31407,0.87234,0.61257,0.51351,0.59108,0.46507,0.77392,1.82406,1.10016,0.0029215,0.0029215,0.0029215
717,7267.4,0.36937,0.32295,0.85902,0.60077,0.52187,0.58955,0.46361,0.77545,1.77608,1.09992,0.0029116,0.0029116,0.0029116
718,7276.97,0.39666,0.32177,0.87545,0.58703,0.53755,0.58853,0.46203,0.77706,1.75704,1.10127,0.0029017,0.0029017,0.0029017
719,7286.47,0.39269,0.32232,0.87979,0.59324,0.53369,0.59146,0.46539,0.78229,1.80336,1.10535,0.0028918,0.0028918,0.0028918
720,7295.97,0.38338,0.31947,0.87502,0.59676,0.51892,0.59177,0.46344,0.7809,1.81496,1.10299,0.0028819,0.0028819,0.0028819
721,7305.46,0.37298,0.30615,0.8685,0.62397,0.50526,0.59365,0.46288,0.78297,1.828,1.10443,0.002872,0.002872,0.002872
722,7315.02,0.36651,0.30143,0.86116,0.64821,0.48688,0.59387,0.46318,0.78491,1.84055,1.10855,0.0028621,0.0028621,0.0028621
723,7324.51,0.38595,0.31742,0.87557,0.63849,0.49433,0.58962,0.46176,0.78746,1.8087,1.11334,0.0028522,0.0028522,0.0028522
724,7334.04,0.4033,0.33979,0.88243,0.63106,0.49607,0.59143,0.4622,0.78671,1.82239,1.11489,0.0028423,0.0028423,0.0028423
725,7343.51,0.39524,0.33598,0.87318,0.63436,0.49233,0.58871,0.4586,0.7821,1.84133,1.11434,0.0028324,0.0028324,0.0028324
726,7352.97,0.3918,0.33921,0.87346,0.57423,0.54836,0.58699,0.45511,0.78618,1.96721,1.11793,0.0028225,0.0028225,0.0028225
727,7362.49,0.39037,0.32508,0.86945,0.57837,0.54697,0.58373,0.45382,0.78621,2.09444,1.11977,0.0028126,0.0028126,0.0028126
728,7371.96,0.3971,0.32304,0.88053,0.63239,0.4919,0.58037,0.45322,0.78358,2.20891,1.11653,0.0028027,0.0028027,0.0028027
729,7381.45,0.38694,0.31783,0.88176,0.57949,0.52833,0.57773,0.4534,0.78226,2.36717,1.11515,0.0027928,0.0027928,0.0027928
730,7391,0.3836,0.32455,0.87605,0.55552,0.56659,0.58059,0.45873,0.78355,2.46122,1.11353,0.0027829,0.0027829,0.0027829
731,7400.51,0.37127,0.31325,0.87198,0.55731,0.56289,0.57924,0.45699,0.78335,2.53755,1.11405,0.002773,0.002773,0.002773
732,7409.96,0.3707,0.31799,0.8663,0.57771,0.54034,0.5803,0.45563,0.78778,2.44685,1.11476,0.0027631,0.0027631,0.0027631
733,7419.43,0.38949,0.33296,0.88304,0.57004,0.54093,0.57562,0.4536,0.78362,2.43117,1.11051,0.0027532,0.0027532,0.0027532
734,7428.94,0.36781,0.30319,0.85898,0.57821,0.53347,0.57717,0.45659,0.78081,2.40812,1.10865,0.0027433,0.0027433,0.0027433
735,7438.45,0.39896,0.32381,0.8875,0.57358,0.52684,0.57896,0.46053,0.7773,2.32164,1.10719,0.0027334,0.0027334,0.0027334
736,7447.93,0.39394,0.3207,0.87696,0.56352,0.52661,0.57779,0.46022,0.77823,2.26248,1.10965,0.0027235,0.0027235,0.0027235
737,7457.36,0.39715,0.33091,0.87513,0.56725,0.51145,0.57872,0.46142,0.77878,2.15492,1.11026,0.0027136,0.0027136,0.0027136
738,7466.95,0.37083,0.30433,0.85988,0.57514,0.50138,0.57906,0.45934,0.77721,2.06631,1.10871,0.0027037,0.0027037,0.0027037
739,7476.42,0.3758,0.30704,0.87485,0.56563,0.5082,0.58029,0.46014,0.78524,2.02019,1.11774,0.0026938,0.0026938,0.0026938
740,7485.91,0.40054,0.32399,0.87507,0.54554,0.54842,0.58498,0.45797,0.78922,1.93788,1.12223,0.0026839,0.0026839,0.0026839
741,7495.42,0.37374,0.3143,0.85793,0.54728,0.5505,0.58814,0.46142,0.78926,1.84628,1.12255,0.002674,0.002674,0.002674
742,7504.94,0.40477,0.34307,0.886,0.54391,0.55104,0.58854,0.46228,0.78605,1.72464,1.12267,0.0026641,0.0026641,0.0026641
743,7514.43,0.37634,0.31347,0.87528,0.54137,0.5366,0.58461,0.46124,0.78317,1.6467,1.12014,0.0026542,0.0026542,0.0026542
744,7523.9,0.38776,0.31544,0.8763,0.52941,0.54165,0.5867,0.46457,0.77884,1.64255,1.12029,0.0026443,0.0026443,0.0026443
745,7533.42,0.37923,0.33374,0.87419,0.5395,0.55107,0.57908,0.46151,0.77901,1.63933,1.12039,0.0026344,0.0026344,0.0026344
746,7542.98,0.37134,0.30962,0.8638,0.53735,0.54439,0.57986,0.46009,0.78013,1.63183,1.12039,0.0026245,0.0026245,0.0026245
747,7552.46,0.38465,0.3131,0.86782,0.65406,0.45573,0.57888,0.45808,0.77927,1.61389,1.11857,0.0026146,0.0026146,0.0026146
748,7561.95,0.40103,0.3341,0.88126,0.6418,0.45974,0.5802,0.46185,0.77655,1.59127,1.11553,0.0026047,0.0026047,0.0026047
749,7571.47,0.38008,0.3326,0.87281,0.6461,0.45726,0.57653,0.4562,0.77604,1.5786,1.11428,0.0025948,0.0025948,0.0025948
750,7580.99,0.38302,0.30631,0.86612,0.6503,0.45635,0.5793,0.45779,0.77528,1.56792,1.11407,0.0025849,0.0025849,0.0025849
751,7590.51,0.37298,0.31111,0.86658,0.64827,0.45402,0.57763,0.45671,0.77416,1.55285,1.11351,0.002575,0.002575,0.002575
752,7600.06,0.36808,0.31089,0.86384,0.66016,0.4569,0.57843,0.4566,0.77333,1.55689,1.11253,0.0025651,0.0025651,0.0025651
753,7609.61,0.38612,0.31259,0.86905,0.66486,0.45915,0.57703,0.45618,0.77684,1.57282,1.11397,0.0025552,0.0025552,0.0025552
754,7619.17,0.37698,0.31536,0.8679,0.6718,0.45771,0.58393,0.45957,0.77618,1.56806,1.11322,0.0025453,0.0025453,0.0025453
755,7628.68,0.37853,0.30138,0.85972,0.67447,0.45935,0.5859,0.46118,0.77677,1.56795,1.11438,0.0025354,0.0025354,0.0025354
756,7638.21,0.38134,0.31201,0.87379,0.69678,0.44704,0.57929,0.45909,0.76704,1.56362,1.10856,0.0025255,0.0025255,0.0025255
757,7647.71,0.37176,0.30836,0.8655,0.70021,0.45055,0.57915,0.45871,0.76524,1.59539,1.10648,0.0025156,0.0025156,0.0025156
758,7657.29,0.38179,0.31442,0.85929,0.67668,0.452,0.57823,0.45826,0.76575,1.64287,1.11017,0.0025057,0.0025057,0.0025057
759,7666.83,0.39164,0.30988,0.87953,0.63423,0.47487,0.57567,0.45677,0.76697,1.67226,1.11291,0.0024958,0.0024958,0.0024958
760,7676.34,0.35974,0.29434,0.85902,0.6293,0.47827,0.58134,0.45867,0.76997,1.66843,1.11768,0.0024859,0.0024859,0.0024859
761,7685.86,0.36198,0.29952,0.86237,0.6328,0.47857,0.5822,0.4581,0.76727,1.67993,1.11815,0.002476,0.002476,0.002476
762,7695.44,0.37597,0.32211,0.87199,0.62688,0.47781,0.58089,0.4572,0.76606,1.64445,1.11878,0.0024661,0.0024661,0.0024661
763,7704.94,0.36829,0.30038,0.87732,0.66433,0.46126,0.58477,0.45844,0.76788,1.60537,1.11897,0.0024562,0.0024562,0.0024562
764,7714.46,0.37368,0.29539,0.87736,0.60426,0.4954,0.58425,0.458,0.77313,1.59535,1.12651,0.0024463,0.0024463,0.0024463
765,7723.94,0.3605,0.29808,0.85817,0.62667,0.48648,0.5823,0.45592,0.77116,1.63628,1.12139,0.0024364,0.0024364,0.0024364
766,7733.39,0.38568,0.33562,0.87772,0.62119,0.48614,0.58173,0.45784,0.76849,1.67736,1.1174,0.0024265,0.0024265,0.0024265
767,7742.84,0.35922,0.29121,0.86487,0.62254,0.48614,0.58073,0.45603,0.76701,1.68714,1.11722,0.0024166,0.0024166,0.0024166
768,7752.33,0.39121,0.33726,0.88585,0.62422,0.48317,0.5843,0.45681,0.76496,1.69205,1.11506,0.0024067,0.0024067,0.0024067
769,7761.81,0.34927,0.29664,0.84965,0.61808,0.48263,0.58693,0.46006,0.76707,1.70203,1.11875,0.0023968,0.0023968,0.0023968
770,7771.3,0.35695,0.29691,0.86172,0.60578,0.49354,0.57929,0.45585,0.77001,1.72068,1.12234,0.0023869,0.0023869,0.0023869
771,7780.8,0.37409,0.31138,0.86952,0.593,0.49887,0.57979,0.45649,0.77117,1.73354,1.1247,0.002377,0.002377,0.002377
772,7790.29,0.36702,0.2941,0.86347,0.58957,0.50035,0.57815,0.45349,0.77448,1.79285,1.12911,0.0023671,0.0023671,0.0023671
773,7799.76,0.37985,0.31362,0.8683,0.58543,0.50481,0.57777,0.45287,0.77578,1.83382,1.12866,0.0023572,0.0023572,0.0023572
774,7809.2,0.37975,0.31045,0.87913,0.63279,0.47383,0.58022,0.45457,0.7767,1.88754,1.12914,0.0023473,0.0023473,0.0023473
775,7818.64,0.36594,0.30219,0.86317,0.63904,0.47069,0.57641,0.45167,0.78054,1.94178,1.13317,0.0023374,0.0023374,0.0023374
776,7828.12,0.36059,0.30439,0.87201,0.6404,0.47489,0.57687,0.45377,0.78483,1.99113,1.13647,0.0023275,0.0023275,0.0023275
777,7837.56,0.35656,0.28887,0.86398,0.63168,0.47236,0.57317,0.44903,0.78512,2.01416,1.13802,0.0023176,0.0023176,0.0023176
778,7847.04,0.37278,0.31659,0.87471,0.62526,0.47457,0.56386,0.44815,0.78408,2.01059,1.13587,0.0023077,0.0023077,0.0023077
779,7856.52,0.37874,0.30724,0.87834,0.64858,0.45053,0.55864,0.44299,0.78274,2.05325,1.13425,0.0022978,0.0022978,0.0022978
780,7866.04,0.3714,0.30586,0.86004,0.64752,0.45184,0.56276,0.44796,0.77952,2.1127,1.12926,0.0022879,0.0022879,0.0022879
781,7875.5,0.3561,0.30354,0.86202,0.64687,0.45218,0.56558,0.45057,0.77811,2.11781,1.12389,0.002278,0.002278,0.002278
782,7884.91,0.36665,0.31086,0.87147,0.5593,0.53578,0.5694,0.45061,0.77583,2.18061,1.11986,0.0022681,0.0022681,0.0022681
783,7894.43,0.34813,0.27526,0.86305,0.5638,0.53051,0.56971,0.45084,0.77749,2.20722,1.11975,0.0022582,0.0022582,0.0022582
784,7903.95,0.35366,0.30362,0.85763,0.57153,0.53172,0.57158,0.45174,0.77806,2.22546,1.12033,0.0022483,0.0022483,0.0022483
785,7913.45,0.35507,0.29501,0.85779,0.56378,0.53328,0.56592,0.45091,0.77597,2.30251,1.11841,0.0022384,0.0022384,0.0022384
786,7922.93,0.35462,0.30064,0.8605,0.5493,0.53698,0.56611,0.4506,0.77563,2.3578,1.11892,0.0022285,0.0022285,0.0022285
787,7932.39,0.36421,0.30706,0.85499,0.55372,0.53171,0.56636,0.45161,0.77672,2.39832,1.1185,0.0022186,0.0022186,0.0022186
788,7941.88,0.36403,0.2979,0.8648,0.5477,0.53678,0.56799,0.4531,0.77629,2.42445,1.1173,0.0022087,0.0022087,0.0022087
789,7951.35,0.3649,0.30725,0.86155,0.54849,0.53735,0.5694,0.45389,0.77761,2.45501,1.12049,0.0021988,0.0021988,0.0021988
790,7960.82,0.35858,0.29359,0.8679,0.55016,0.53974,0.56875,0.45275,0.77985,2.4654,1.12365,0.0021889,0.0021889,0.0021889
791,7970.23,0.35189,0.30602,0.86393,0.55475,0.51897,0.56557,0.44902,0.78055,2.38757,1.12409,0.002179,0.002179,0.002179
792,7979.67,0.35023,0.28151,0.85366,0.5498,0.52456,0.56613,0.44992,0.77923,2.28553,1.12402,0.0021691,0.0021691,0.0021691
793,7989.09,0.3519,0.2912,0.85755,0.55037,0.53397,0.56609,0.44969,0.77999,2.3118,1.12638,0.0021592,0.0021592,0.0021592
794,7998.55,0.36429,0.29652,0.86139,0.54991,0.53583,0.56588,0.44823,0.78192,2.33774,1.13096,0.0021493,0.0021493,0.0021493
795,8007.98,0.38421,0.31944,0.87751,0.54453,0.53992,0.56497,0.44885,0.78083,2.33825,1.12955,0.0021394,0.0021394,0.0021394
796,8017.47,0.35142,0.30209,0.86352,0.59924,0.49109,0.56449,0.44773,0.78138,2.26921,1.13038,0.0021295,0.0021295,0.0021295
797,8026.95,0.3567,0.29642,0.86096,0.60061,0.49189,0.56392,0.4476,0.78076,2.20027,1.13019,0.0021196,0.0021196,0.0021196
798,8036.38,0.37017,0.3089,0.87155,0.62,0.47707,0.56161,0.44863,0.782,2.19913,1.13145,0.0021097,0.0021097,0.0021097
799,8045.81,0.36137,0.29552,0.85557,0.63359,0.47195,0.5617,0.44842,0.78219,2.15071,1.13163,0.0020998,0.0020998,0.0020998
800,8055.3,0.35279,0.29442,0.85689,0.60778,0.48745,0.56288,0.44946,0.78235,2.05971,1.13223,0.0020899,0.0020899,0.0020899
801,8064.78,0.362,0.30961,0.86722,0.6218,0.4776,0.56135,0.44905,0.78223,2.03212,1.13039,0.00208,0.00208,0.00208
802,8074.35,0.34759,0.28242,0.86363,0.59964,0.48582,0.56026,0.44801,0.78032,2.10171,1.12719,0.0020701,0.0020701,0.0020701
803,8083.8,0.35475,0.30076,0.86672,0.65628,0.45721,0.56012,0.44887,0.77941,2.1,1.12534,0.0020602,0.0020602,0.0020602
804,8093.4,0.34756,0.29701,0.86198,0.66462,0.44388,0.56461,0.45262,0.776,2.04848,1.12156,0.0020503,0.0020503,0.0020503
805,8102.86,0.35697,0.30306,0.86586,0.6566,0.45122,0.56524,0.45508,0.77293,2.02704,1.11988,0.0020404,0.0020404,0.0020404
806,8112.3,0.3616,0.29451,0.85904,0.6558,0.45862,0.56234,0.45228,0.77006,2.02197,1.11829,0.0020305,0.0020305,0.0020305
807,8121.76,0.35213,0.28402,0.87063,0.64526,0.46313,0.56184,0.4526,0.769,2.00647,1.11763,0.0020206,0.0020206,0.0020206
808,8131.2,0.35219,0.29336,0.85943,0.60894,0.47175,0.56113,0.45182,0.76766,1.99423,1.11727,0.0020107,0.0020107,0.0020107
809,8140.75,0.34899,0.29849,0.86971,0.61209,0.4804,0.56137,0.45173,0.76863,2.00067,1.11419,0.0020008,0.0020008,0.0020008
810,8150.23,0.36283,0.29535,0.8689,0.59784,0.48302,0.56271,0.45222,0.769,2.01643,1.11308,0.0019909,0.0019909,0.0019909
811,8159.66,0.36186,0.30327,0.86775,0.60626,0.47988,0.56262,0.45249,0.76941,2.04465,1.11228,0.001981,0.001981,0.001981
812,8169.08,0.36595,0.31026,0.87488,0.59919,0.47531,0.56159,0.45123,0.76445,2.09605,1.1067,0.0019711,0.0019711,0.0019711
813,8178.56,0.35632,0.3012,0.86196,0.54476,0.51954,0.56365,0.45239,0.76483,2.13517,1.10519,0.0019612,0.0019612,0.0019612
814,8188.05,0.35059,0.28437,0.85586,0.54359,0.52027,0.56252,0.45078,0.76252,2.1082,1.10386,0.0019513,0.0019513,0.0019513
815,8197.49,0.34442,0.30028,0.86412,0.53228,0.53777,0.565,0.4524,0.75999,2.07843,1.10324,0.0019414,0.0019414,0.0019414
816,8206.96,0.35118,0.29494,0.86018,0.53576,0.53497,0.56608,0.45394,0.76042,1.99606,1.10492,0.0019315,0.0019315,0.0019315
817,8216.4,0.35585,0.28272,0.86288,0.5291,0.53637,0.56725,0.45333,0.76122,1.92041,1.10415,0.0019216,0.0019216,0.0019216
818,8225.83,0.33557,0.29195,0.85306,0.53169,0.53735,0.56718,0.45363,0.76066,1.85144,1.1018,0.0019117,0.0019117,0.0019117
819,8235.26,0.35047,0.29414,0.86373,0.53098,0.53647,0.56758,0.45408,0.76321,1.78376,1.10461,0.0019018,0.0019018,0.0019018
820,8244.78,0.35611,0.29425,0.86206,0.53157,0.5245,0.56671,0.45351,0.76151,1.76145,1.10165,0.0018919,0.0018919,0.0018919
821,8254.24,0.35491,0.30461,0.87213,0.62243,0.46404,0.56565,0.45423,0.76118,1.76422,1.10135,0.001882,0.001882,0.001882
822,8263.8,0.35433,0.30323,0.86468,0.61978,0.46269,0.56668,0.45378,0.76268,1.77216,1.10515,0.0018721,0.0018721,0.0018721
823,8273.25,0.33305,0.27735,0.84728,0.62541,0.46133,0.56655,0.45258,0.76399,1.767,1.106,0.0018622,0.0018622,0.0018622
824,8282.84,0.36048,0.30939,0.87266,0.62724,0.46157,0.56872,0.4535,0.76663,1.76223,1.10685,0.0018523,0.0018523,0.0018523
825,8292.26,0.34534,0.28474,0.87565,0.62759,0.46262,0.56869,0.45338,0.76783,1.74841,1.1076,0.0018424,0.0018424,0.0018424
826,8301.7,0.35883,0.29715,0.8681,0.63056,0.46123,0.56841,0.45357,0.76808,1.71915,1.10657,0.0018325,0.0018325,0.0018325
827,8311.16,0.34937,0.2935,0.85929,0.53266,0.52137,0.56792,0.4557,0.76789,1.69406,1.10615,0.0018226,0.0018226,0.0018226
828,8320.63,0.33495,0.27337,0.84839,0.54101,0.52443,0.56531,0.45283,0.76902,1.67714,1.10497,0.0018127,0.0018127,0.0018127
829,8330.12,0.34921,0.28414,0.84882,0.54332,0.52164,0.56587,0.45387,0.76668,1.67206,1.10214,0.0018028,0.0018028,0.0018028
830,8339.63,0.33636,0.27201,0.85408,0.54322,0.51662,0.5661,0.45436,0.7638,1.67051,1.09993,0.0017929,0.0017929,0.0017929
831,8349.05,0.34582,0.29657,0.86154,0.54503,0.53501,0.56708,0.45536,0.76209,1.65878,1.09709,0.001783,0.001783,0.001783
832,8358.52,0.33655,0.28538,0.85663,0.54244,0.52667,0.56526,0.45492,0.76268,1.65705,1.09638,0.0017731,0.0017731,0.0017731
833,8367.89,0.34171,0.28982,0.85743,0.54324,0.52735,0.56655,0.45619,0.76232,1.66607,1.09472,0.0017632,0.0017632,0.0017632
834,8377.31,0.35445,0.28442,0.858,0.54067,0.52922,0.56546,0.45517,0.76165,1.65634,1.0941,0.0017533,0.0017533,0.0017533
835,8386.75,0.35009,0.28715,0.8605,0.54106,0.53119,0.56705,0.45627,0.763,1.64263,1.09458,0.0017434,0.0017434,0.0017434
836,8396.18,0.34917,0.27841,0.86544,0.54142,0.52809,0.56623,0.45707,0.7648,1.64447,1.09465,0.0017335,0.0017335,0.0017335
837,8405.64,0.35998,0.28949,0.86339,0.54553,0.52594,0.56535,0.45593,0.76263,1.66102,1.0927,0.0017236,0.0017236,0.0017236
838,8415.16,0.33958,0.28039,0.86276,0.54508,0.52381,0.56658,0.45634,0.76182,1.67164,1.0928,0.0017137,0.0017137,0.0017137
839,8424.64,0.33162,0.27068,0.84318,0.55585,0.53327,0.56889,0.45771,0.76202,1.68181,1.09314,0.0017038,0.0017038,0.0017038
840,8434.15,0.34329,0.28386,0.85494,0.55752,0.53213,0.56989,0.45949,0.76296,1.73698,1.09427,0.0016939,0.0016939,0.0016939
841,8443.62,0.34172,0.29204,0.86589,0.55192,0.53265,0.56616,0.45602,0.76293,1.79748,1.09504,0.001684,0.001684,0.001684
842,8453.06,0.34412,0.28214,0.85991,0.55215,0.53336,0.56704,0.4571,0.76419,1.86808,1.09503,0.0016741,0.0016741,0.0016741
843,8462.5,0.33979,0.27391,0.85414,0.55474,0.53496,0.56783,0.45793,0.76553,1.90034,1.09621,0.0016642,0.0016642,0.0016642
844,8471.94,0.35595,0.29994,0.88258,0.55579,0.53569,0.57087,0.46019,0.76463,1.93082,1.09564,0.0016543,0.0016543,0.0016543
845,8481.35,0.35098,0.29943,0.85936,0.55415,0.53156,0.57206,0.46079,0.76485,1.94643,1.09608,0.0016444,0.0016444,0.0016444
846,8490.84,0.34264,0.28905,0.85559,0.55383,0.52071,0.57256,0.46172,0.76198,1.97266,1.09486,0.0016345,0.0016345,0.0016345
847,8500.25,0.34027,0.282,0.85945,0.55378,0.52128,0.57274,0.46183,0.76156,2.01515,1.09429,0.0016246,0.0016246,0.0016246
848,8509.71,0.33278,0.27082,0.85616,0.55108,0.52192,0.57193,0.46207,0.75784,2.01156,1.09071,0.0016147,0.0016147,0.0016147
849,8519.14,0.33016,0.27162,0.85616,0.54979,0.51889,0.57205,0.46266,0.75586,2.02649,1.08997,0.0016048,0.0016048,0.0016048
850,8528.6,0.35532,0.29011,0.87012,0.54855,0.51889,0.56809,0.46018,0.756,2.04573,1.09101,0.0015949,0.0015949,0.0015949
851,8538.03,0.32907,0.27137,0.84957,0.5596,0.52042,0.56802,0.45889,0.7569,2.06296,1.09284,0.001585,0.001585,0.001585
852,8547.48,0.33101,0.27152,0.85449,0.55148,0.52259,0.56534,0.45655,0.75869,2.07826,1.0945,0.0015751,0.0015751,0.0015751
853,8556.98,0.33205,0.2786,0.85429,0.54987,0.52099,0.56587,0.45687,0.75763,2.08808,1.09462,0.0015652,0.0015652,0.0015652
854,8566.51,0.33199,0.28062,0.85185,0.55078,0.51327,0.56797,0.4571,0.76008,2.09791,1.09636,0.0015553,0.0015553,0.0015553
855,8575.96,0.33693,0.28091,0.86092,0.55002,0.5134,0.56708,0.4546,0.76391,2.10787,1.10099,0.0015454,0.0015454,0.0015454
856,8585.5,0.35244,0.28167,0.87263,0.54955,0.5153,0.56807,0.45516,0.76317,2.11097,1.10053,0.0015355,0.0015355,0.0015355
857,8594.95,0.34261,0.27228,0.8657,0.54324,0.51224,0.56692,0.454,0.76145,2.12795,1.10129,0.0015256,0.0015256,0.0015256
858,8604.38,0.347,0.29459,0.86427,0.53924,0.51349,0.56628,0.45271,0.76342,2.14308,1.10015,0.0015157,0.0015157,0.0015157
859,8613.91,0.33323,0.27743,0.85634,0.53588,0.51151,0.56106,0.4503,0.76351,2.14259,1.10045,0.0015058,0.0015058,0.0015058
860,8623.33,0.33178,0.26689,0.85922,0.53578,0.51884,0.56052,0.44942,0.76267,2.14597,1.09937,0.0014959,0.0014959,0.0014959
861,8632.8,0.33541,0.28626,0.85932,0.53225,0.51704,0.56185,0.45074,0.76477,2.156,1.1026,0.001486,0.001486,0.001486
862,8642.22,0.34533,0.29366,0.86907,0.53157,0.51704,0.56302,0.45225,0.76525,2.17388,1.10366,0.0014761,0.0014761,0.0014761
863,8651.62,0.32872,0.28434,0.85759,0.53576,0.51704,0.56557,0.45335,0.76755,2.15563,1.1074,0.0014662,0.0014662,0.0014662
864,8661.06,0.32862,0.28588,0.85976,0.53673,0.51704,0.56391,0.45124,0.76873,2.1416,1.10991,0.0014563,0.0014563,0.0014563
865,8670.48,0.33173,0.28454,0.85461,0.5364,0.51704,0.56444,0.45189,0.76978,2.12644,1.11259,0.0014464,0.0014464,0.0014464
866,8679.89,0.33132,0.28313,0.85724,0.53779,0.5169,0.56219,0.45059,0.77212,2.11656,1.11617,0.0014365,0.0014365,0.0014365
867,8689.3,0.32544,0.28087,0.84905,0.53393,0.51317,0.56365,0.45161,0.77246,2.11351,1.1172,0.0014266,0.0014266,0.0014266
868,8698.7,0.32435,0.2664,0.83917,0.53498,0.51366,0.56449,0.45083,0.76964,2.12024,1.11637,0.0014167,0.0014167,0.0014167
869,8708.13,0.34053,0.28836,0.86451,0.53398,0.5104,0.56286,0.4492,0.77148,2.12656,1.11849,0.0014068,0.0014068,0.0014068
870,8717.67,0.34135,0.28774,0.8611,0.5335,0.50792,0.56181,0.44913,0.77055,2.11457,1.11958,0.0013969,0.0013969,0.0013969
871,8727.11,0.33638,0.29239,0.85587,0.53553,0.50762,0.56261,0.4493,0.77139,2.09811,1.12017,0.001387,0.001387,0.001387
872,8736.56,0.33504,0.27375,0.85763,0.53565,0.50791,0.56284,0.44961,0.7733,2.10282,1.12253,0.0013771,0.0013771,0.0013771
873,8745.98,0.33314,0.28723,0.85688,0.53182,0.50844,0.56181,0.44968,0.77407,2.12125,1.1232,0.0013672,0.0013672,0.0013672
874,8755.41,0.32229,0.27244,0.8531,0.53083,0.50902,0.56016,0.44791,0.77438,2.12711,1.12568,0.0013573,0.0013573,0.0013573
875,8764.86,0.32915,0.27525,0.85483,0.52922,0.50699,0.56131,0.44943,0.7738,2.1034,1.12586,0.0013474,0.0013474,0.0013474
876,8774.26,0.33792,0.27819,0.84768,0.52923,0.50712,0.56106,0.44969,0.77362,2.06902,1.12584,0.0013375,0.0013375,0.0013375
877,8783.67,0.32798,0.28384,0.86594,0.5327,0.50965,0.5581,0.44815,0.77436,2.06827,1.12595,0.0013276,0.0013276,0.0013276
878,8793.09,0.33513,0.27316,0.85581,0.53159,0.51072,0.55386,0.44543,0.77352,2.06234,1.12489,0.0013177,0.0013177,0.0013177
879,8802.53,0.33307,0.27518,0.86311,0.65353,0.43458,0.55367,0.44601,0.77293,2.03831,1.125,0.0013078,0.0013078,0.0013078
880,8811.97,0.33641,0.28729,0.85862,0.6744,0.43008,0.55273,0.44478,0.77391,2.00727,1.12508,0.0012979,0.0012979,0.0012979
881,8821.37,0.33344,0.28275,0.85882,0.68668,0.42923,0.55363,0.44593,0.7753,1.97015,1.12463,0.001288,0.001288,0.001288
882,8830.86,0.3454,0.28636,0.86465,0.69145,0.42828,0.55437,0.44647,0.77493,1.9376,1.12485,0.0012781,0.0012781,0.0012781
883,8840.28,0.33159,0.26215,0.85125,0.68918,0.4285,0.55284,0.44616,0.77547,1.92248,1.12674,0.0012682,0.0012682,0.0012682
884,8849.75,0.32414,0.27332,0.84298,0.69579,0.42775,0.55432,0.44748,0.77358,1.92564,1.12347,0.0012583,0.0012583,0.0012583
885,8859.2,0.33164,0.27103,0.85891,0.69297,0.42628,0.55474,0.44718,0.77216,1.93938,1.12207,0.0012484,0.0012484,0.0012484
886,8868.62,0.33569,0.28512,0.86407,0.68558,0.42197,0.55171,0.44584,0.77162,1.95205,1.11932,0.0012385,0.0012385,0.0012385
887,8878.06,0.33083,0.27624,0.86032,0.68259,0.42234,0.55167,0.44694,0.77031,1.95668,1.11729,0.0012286,0.0012286,0.0012286
888,8887.47,0.32096,0.25715,0.84656,0.68495,0.42312,0.54909,0.44529,0.76948,1.95423,1.11735,0.0012187,0.0012187,0.0012187
889,8896.9,0.33165,0.27216,0.85717,0.68967,0.42447,0.54875,0.44472,0.77351,1.9562,1.1182,0.0012088,0.0012088,0.0012088
890,8906.29,0.32618,0.27139,0.85892,0.68846,0.42571,0.5482,0.44411,0.77284,1.96296,1.11861,0.0011989,0.0011989,0.0011989
891,8915.71,0.34138,0.27974,0.86512,0.68575,0.42571,0.54629,0.44249,0.76985,1.96043,1.11684,0.001189,0.001189,0.001189
892,8925.13,0.32182,0.26886,0.85813,0.68593,0.42571,0.54679,0.44193,0.77217,1.97496,1.11916,0.0011791,0.0011791,0.0011791
893,8934.59,0.31917,0.26567,0.84645,0.68051,0.42571,0.54767,0.44272,0.77456,1.9865,1.12285,0.0011692,0.0011692,0.0011692
894,8944.02,0.31966,0.28265,0.85769,0.68046,0.42571,0.54887,0.44348,0.77537,1.99535,1.12429,0.0011593,0.0011593,0.0011593
895,8953.45,0.32802,0.27904,0.85711,0.59435,0.47471,0.54739,0.44237,0.77628,2.00143,1.12545,0.0011494,0.0011494,0.0011494
896,8962.88,0.30499,0.24676,0.84568,0.59832,0.47471,0.54736,0.44252,0.77652,2.00603,1.12601,0.0011395,0.0011395,0.0011395
897,8972.26,0.32266,0.2808,0.85395,0.60123,0.47424,0.54827,0.44283,0.77768,2.00805,1.12688,0.0011296,0.0011296,0.0011296
898,8981.66,0.32906,0.27827,0.85957,0.59987,0.47392,0.54876,0.44417,0.77784,1.99203,1.12575,0.0011197,0.0011197,0.0011197
899,8991.15,0.3222,0.27406,0.85426,0.60006,0.47345,0.54782,0.44411,0.78202,1.97556,1.12945,0.0011098,0.0011098,0.0011098
900,9000.65,0.33728,0.27244,0.86168,0.6707,0.43145,0.54668,0.44332,0.78245,1.95922,1.12879,0.0010999,0.0010999,0.0010999
901,9010.1,0.33624,0.27002,0.86427,0.67111,0.43051,0.55024,0.44516,0.78261,1.93821,1.12878,0.00109,0.00109,0.00109
902,9019.54,0.31733,0.25727,0.84472,0.67001,0.43135,0.55076,0.44522,0.78256,1.90452,1.1292,0.0010801,0.0010801,0.0010801
903,9028.96,0.31938,0.27047,0.8447,0.60406,0.47396,0.551,0.44489,0.78355,1.87764,1.12951,0.0010702,0.0010702,0.0010702
904,9038.42,0.32052,0.2549,0.85508,0.6057,0.47521,0.55072,0.44488,0.78304,1.84753,1.13019,0.0010603,0.0010603,0.0010603
905,9047.86,0.33463,0.28824,0.8639,0.60509,0.47322,0.55109,0.44445,0.78411,1.8235,1.13143,0.0010504,0.0010504,0.0010504
906,9057.36,0.33049,0.27169,0.85391,0.60549,0.47279,0.55252,0.44583,0.78441,1.81368,1.13111,0.0010405,0.0010405,0.0010405
907,9066.81,0.31901,0.26976,0.84773,0.63872,0.44954,0.55302,0.44739,0.7851,1.81423,1.13223,0.0010306,0.0010306,0.0010306
908,9076.3,0.32428,0.26986,0.86327,0.57891,0.48819,0.55205,0.44675,0.78515,1.82345,1.13315,0.0010207,0.0010207,0.0010207
909,9085.73,0.33012,0.27328,0.85711,0.57294,0.49421,0.5503,0.44567,0.78398,1.83301,1.13161,0.0010108,0.0010108,0.0010108
910,9095.16,0.33577,0.29035,0.8646,0.57401,0.49773,0.5531,0.44842,0.7849,1.83762,1.13262,0.0010009,0.0010009,0.0010009
911,9104.55,0.30948,0.25936,0.85487,0.5766,0.4953,0.55399,0.44874,0.784,1.83693,1.13213,0.000991,0.000991,0.000991
912,9113.96,0.31624,0.27005,0.85761,0.57493,0.49021,0.55292,0.44839,0.7849,1.84214,1.13284,0.0009811,0.0009811,0.0009811
913,9123.41,0.33421,0.2801,0.86183,0.59997,0.48677,0.55199,0.44751,0.78283,1.83426,1.13195,0.0009712,0.0009712,0.0009712
914,9132.82,0.32653,0.28,0.84935,0.59988,0.48599,0.55241,0.4479,0.78461,1.83525,1.13412,0.0009613,0.0009613,0.0009613
915,9142.26,0.3251,0.2721,0.86381,0.59154,0.49034,0.55376,0.44831,0.7856,1.83608,1.13483,0.0009514,0.0009514,0.0009514
916,9151.66,0.31195,0.2712,0.84834,0.59067,0.4901,0.55503,0.4494,0.78492,1.82458,1.13425,0.0009415,0.0009415,0.0009415
917,9161.11,0.3346,0.27799,0.86399,0.59182,0.48905,0.55419,0.44892,0.78527,1.81843,1.13434,0.0009316,0.0009316,0.0009316
918,9170.55,0.32807,0.27487,0.85548,0.66905,0.44164,0.55407,0.44825,0.78465,1.79661,1.13476,0.0009217,0.0009217,0.0009217
919,9179.98,0.32043,0.26716,0.85432,0.59505,0.48703,0.55409,0.44821,0.78408,1.78,1.13412,0.0009118,0.0009118,0.0009118
920,9189.43,0.30799,0.26184,0.85192,0.59671,0.4856,0.55444,0.44764,0.78386,1.76566,1.13427,0.0009019,0.0009019,0.0009019
921,9198.85,0.30213,0.25042,0.84482,0.59663,0.4851,0.55364,0.44648,0.78291,1.75564,1.13292,0.000892,0.000892,0.000892
922,9208.33,0.31684,0.26257,0.85533,0.6086,0.47562,0.55375,0.44659,0.78249,1.74392,1.13183,0.0008821,0.0008821,0.0008821
923,9217.8,0.30883,0.25941,0.84734,0.61569,0.4751,0.55326,0.44629,0.78173,1.73855,1.13161,0.0008722,0.0008722,0.0008722
924,9227.3,0.33113,0.27665,0.85702,0.61419,0.47496,0.55275,0.44572,0.78111,1.73407,1.13046,0.0008623,0.0008623,0.0008623
925,9236.69,0.30276,0.25871,0.84476,0.6796,0.44069,0.55082,0.44418,0.78048,1.73102,1.13026,0.0008524,0.0008524,0.0008524
926,9246.11,0.32209,0.26919,0.8511,0.67977,0.44069,0.5508,0.44457,0.77983,1.73258,1.12939,0.0008425,0.0008425,0.0008425
927,9255.54,0.32206,0.27288,0.86295,0.68062,0.44069,0.55101,0.44438,0.78066,1.73918,1.13006,0.0008326,0.0008326,0.0008326
928,9264.94,0.31299,0.26594,0.84912,0.68043,0.44069,0.55094,0.44408,0.7805,1.74006,1.12981,0.0008227,0.0008227,0.0008227
929,9274.3,0.33031,0.27702,0.85856,0.68,0.44069,0.54936,0.44377,0.78077,1.74731,1.12931,0.0008128,0.0008128,0.0008128
930,9283.75,0.30796,0.2616,0.8461,0.68047,0.44069,0.55004,0.44314,0.78102,1.75381,1.12947,0.0008029,0.0008029,0.0008029
931,9293.16,0.32902,0.27238,0.87601,0.67913,0.44069,0.55063,0.44338,0.78104,1.75873,1.13073,0.000793,0.000793,0.000793
932,9302.61,0.32136,0.26342,0.85605,0.62199,0.4685,0.55152,0.44409,0.78111,1.76852,1.13076,0.0007831,0.0007831,0.0007831
933,9312.06,0.33148,0.27603,0.85481,0.62238,0.46842,0.55223,0.44457,0.7813,1.77905,1.1313,0.0007732,0.0007732,0.0007732
934,9321.53,0.31447,0.26176,0.84757,0.62243,0.46873,0.54919,0.4433,0.78052,1.77971,1.1315,0.0007633,0.0007633,0.0007633
935,9331.01,0.30438,0.25013,0.84884,0.69408,0.42768,0.54916,0.44321,0.78008,1.78097,1.13059,0.0007534,0.0007534,0.0007534
936,9340.39,0.32019,0.27992,0.8506,0.69352,0.43006,0.55061,0.44404,0.77901,1.78004,1.13032,0.0007435,0.0007435,0.0007435
937,9349.77,0.3066,0.26262,0.84656,0.69427,0.43156,0.55158,0.44483,0.77768,1.77729,1.12926,0.0007336,0.0007336,0.0007336
938,9359.2,0.30767,0.25806,0.84437,0.69319,0.43281,0.55221,0.44511,0.77753,1.77729,1.1298,0.0007237,0.0007237,0.0007237
939,9368.62,0.30717,0.24371,0.84824,0.69207,0.43155,0.55187,0.445,0.77748,1.78068,1.13023,0.0007138,0.0007138,0.0007138
940,9378.04,0.3115,0.26536,0.85162,0.69243,0.43127,0.55445,0.44633,0.77603,1.77526,1.12952,0.0007039,0.0007039,0.0007039
941,9387.43,0.32687,0.27189,0.85991,0.69132,0.43127,0.55407,0.44764,0.77511,1.77835,1.12913,0.000694,0.000694,0.000694
942,9396.82,0.31647,0.25877,0.87028,0.69056,0.43127,0.55202,0.44561,0.7747,1.77735,1.12822,0.0006841,0.0006841,0.0006841
943,9406.23,0.31244,0.26247,0.84783,0.69312,0.43127,0.55239,0.44578,0.77363,1.77311,1.12761,0.0006742,0.0006742,0.0006742
944,9415.69,0.32509,0.26986,0.85471,0.69483,0.43095,0.55198,0.44555,0.77223,1.77474,1.12673,0.0006643,0.0006643,0.0006643
945,9425.13,0.30166,0.25573,0.85099,0.61697,0.4723,0.55074,0.4444,0.77234,1.77728,1.12716,0.0006544,0.0006544,0.0006544
946,9434.63,0.30979,0.27023,0.85661,0.69582,0.42955,0.54978,0.44365,0.77184,1.78348,1.12735,0.0006445,0.0006445,0.0006445
947,9444.06,0.30117,0.25512,0.84902,0.54172,0.52405,0.55038,0.44398,0.77097,1.78675,1.12569,0.0006346,0.0006346,0.0006346
948,9453.51,0.29683,0.24453,0.84844,0.61546,0.47133,0.55059,0.444,0.77173,1.7857,1.12632,0.0006247,0.0006247,0.0006247
949,9462.94,0.32401,0.26895,0.86248,0.60991,0.46811,0.54948,0.4423,0.77095,1.77781,1.12567,0.0006148,0.0006148,0.0006148
950,9472.32,0.30047,0.24912,0.82849,0.60942,0.47044,0.54988,0.4429,0.76979,1.77127,1.12495,0.0006049,0.0006049,0.0006049
951,9481.76,0.3093,0.25963,0.85516,0.54095,0.50713,0.54917,0.44216,0.77019,1.76483,1.12583,0.000595,0.000595,0.000595
952,9491.18,0.31115,0.25774,0.8516,0.54636,0.50688,0.54972,0.44271,0.77001,1.7566,1.12645,0.0005851,0.0005851,0.0005851
953,9500.6,0.30992,0.26329,0.85451,0.5492,0.50737,0.55059,0.44419,0.76934,1.74855,1.12632,0.0005752,0.0005752,0.0005752
954,9510.11,0.30223,0.2513,0.85166,0.59767,0.47747,0.55018,0.44383,0.76894,1.74246,1.12621,0.0005653,0.0005653,0.0005653
955,9519.52,0.30617,0.25357,0.85884,0.59598,0.47872,0.55039,0.44411,0.76874,1.74527,1.12656,0.0005554,0.0005554,0.0005554
956,9528.91,0.30987,0.26141,0.85598,0.59684,0.47879,0.54948,0.4436,0.7687,1.74697,1.12643,0.0005455,0.0005455,0.0005455
957,9538.4,0.30547,0.25342,0.84897,0.59704,0.47938,0.54684,0.44157,0.76821,1.74191,1.12576,0.0005356,0.0005356,0.0005356
958,9547.92,0.28937,0.23412,0.84694,0.5974,0.48129,0.54618,0.44108,0.76868,1.7439,1.12632,0.0005257,0.0005257,0.0005257
959,9557.31,0.3027,0.24757,0.84447,0.59644,0.48026,0.54705,0.4416,0.76777,1.74265,1.12548,0.0005158,0.0005158,0.0005158
960,9566.74,0.29671,0.24681,0.84518,0.5976,0.48026,0.54775,0.44191,0.7673,1.74155,1.12581,0.0005059,0.0005059,0.0005059
961,9576.23,0.30278,0.25224,0.83816,0.60212,0.48417,0.54819,0.44215,0.76694,1.74667,1.12587,0.000496,0.000496,0.000496
962,9585.67,0.29744,0.23826,0.83901,0.60353,0.48623,0.5493,0.44235,0.76712,1.74785,1.12665,0.0004861,0.0004861,0.0004861
963,9595.05,0.30038,0.26407,0.84727,0.6039,0.4868,0.54872,0.44176,0.76696,1.74645,1.12671,0.0004762,0.0004762,0.0004762
964,9604.5,0.31484,0.25549,0.85255,0.65575,0.44676,0.54734,0.44143,0.7665,1.75112,1.127,0.0004663,0.0004663,0.0004663
965,9613.9,0.31651,0.26099,0.85206,0.60193,0.48517,0.54635,0.43966,0.76671,1.75317,1.12687,0.0004564,0.0004564,0.0004564
966,9623.28,0.31769,0.25743,0.85057,0.60252,0.48595,0.54674,0.44015,0.76696,1.7556,1.12742,0.0004465,0.0004465,0.0004465
967,9632.68,0.3041,0.25369,0.86114,0.6019,0.48632,0.54641,0.43994,0.76686,1.75264,1.12788,0.0004366,0.0004366,0.0004366
968,9642.1,0.30582,0.24752,0.84468,0.60245,0.48626,0.54658,0.43981,0.7664,1.7539,1.12769,0.0004267,0.0004267,0.0004267
969,9651.52,0.31078,0.2605,0.84956,0.59858,0.48677,0.5464,0.43934,0.76631,1.75484,1.12766,0.0004168,0.0004168,0.0004168
970,9661,0.30673,0.25353,0.84053,0.59873,0.48672,0.54653,0.4395,0.76597,1.75413,1.12739,0.0004069,0.0004069,0.0004069
971,9670.43,0.30428,0.25492,0.84529,0.59849,0.48649,0.54688,0.43938,0.76667,1.75744,1.12777,0.000397,0.000397,0.000397
972,9679.8,0.29762,0.24994,0.8442,0.6554,0.44649,0.5466,0.4393,0.76707,1.75904,1.1286,0.0003871,0.0003871,0.0003871
973,9689.24,0.30049,0.24932,0.85239,0.65329,0.44735,0.54729,0.43954,0.76765,1.7632,1.12917,0.0003772,0.0003772,0.0003772
974,9698.69,0.31292,0.26514,0.85381,0.59842,0.48456,0.54709,0.43965,0.76701,1.76294,1.12894,0.0003673,0.0003673,0.0003673
975,9708.11,0.29722,0.25377,0.83714,0.65611,0.44416,0.54769,0.43964,0.76693,1.76698,1.12877,0.0003574,0.0003574,0.0003574
976,9717.51,0.29481,0.25083,0.85251,0.65352,0.44584,0.54786,0.44074,0.76788,1.77458,1.13033,0.0003475,0.0003475,0.0003475
977,9726.95,0.29815,0.24528,0.84931,0.65315,0.44523,0.54731,0.44038,0.76784,1.7813,1.13127,0.0003376,0.0003376,0.0003376
