epoch,time,train/box_loss,train/cls_loss,train/dfl_loss,metrics/precision(B),metrics/recall(B),metrics/mAP50(B),metrics/mAP50-95(B),val/box_loss,val/cls_loss,val/dfl_loss,lr/pg0,lr/pg1,lr/pg2
1,44.3648,1.66486,4.70667,1.62913,0.07212,0.17157,0.03168,0.01287,2.08017,5.89808,2.16218,0.00328638,0.00328638,0.00328638
2,69.0721,1.58851,2.1867,1.53029,0.65993,0.17647,0.30796,0.16072,1.6133,3.14711,1.51221,0.00661644,0.00661644,0.00661644
3,92.7626,1.52055,1.99209,1.44979,0.59394,0.58824,0.60223,0.32239,1.4533,7.43059,1.31915,0.0099432,0.0099432,0.0099432
4,116.577,1.52913,1.76955,1.44027,0.21321,0.01961,0.01987,0.00509,2.64982,4.67837,2.76505,0.00998515,0.00998515,0.00998515
5,139.49,1.51631,1.7031,1.44585,0.00913,0.08333,0.00697,0.00241,2.9155,4.98409,2.98484,0.0099802,0.0099802,0.0099802
6,162.55,1.51001,1.63127,1.43484,0.50099,0.5098,0.49398,0.27353,1.4151,7.34274,1.35406,0.00997525,0.00997525,0.00997525
7,185.717,1.46753,1.57326,1.41313,0.53527,0.56373,0.54639,0.26836,1.54358,5.85745,1.49119,0.0099703,0.0099703,0.0099703
8,209.128,1.46068,1.59642,1.38986,0.50688,0.54412,0.48718,0.26444,1.44953,15.2714,1.36652,0.00996535,0.00996535,0.00996535
9,232.422,1.46246,1.49521,1.3995,0.53108,0.53298,0.54946,0.2791,1.491,2.51748,1.52336,0.0099604,0.0099604,0.0099604
10,255.765,1.44703,1.44125,1.3965,0.65575,0.68137,0.66445,0.35357,1.55183,4.27784,1.50094,0.00995545,0.00995545,0.00995545
11,280.281,1.43345,1.40973,1.40449,0.77403,0.61275,0.68864,0.3613,1.58009,4.9733,1.54683,0.0099505,0.0099505,0.0099505
12,304.603,1.42537,1.39502,1.38958,0.55275,0.43627,0.44034,0.20884,1.78998,6.95514,1.71427,0.00994555,0.00994555,0.00994555
13,328.29,1.38844,1.3208,1.36993,0.65202,0.77941,0.76561,0.43923,1.31802,4.30833,1.27185,0.0099406,0.0099406,0.0099406
14,352.515,1.38753,1.2953,1.35162,0.70384,0.7402,0.76381,0.41963,1.3514,5.54176,1.33156,0.00993565,0.00993565,0.00993565
15,376.052,1.37075,1.33483,1.32925,0.75873,0.67827,0.76009,0.4508,1.31305,4.83337,1.29624,0.0099307,0.0099307,0.0099307
16,400.372,1.37624,1.22814,1.35971,0.85348,0.45588,0.65143,0.3541,1.57515,2.60083,1.60898,0.00992575,0.00992575,0.00992575
17,423.889,1.36301,1.24424,1.33382,0.72103,0.77941,0.8058,0.45517,1.32643,7.16957,1.28144,0.0099208,0.0099208,0.0099208
18,448.163,1.38462,1.25088,1.34281,0.82726,0.72775,0.83879,0.48278,1.42157,2.95527,1.36148,0.00991585,0.00991585,0.00991585
19,472.538,1.35303,1.26757,1.33952,0.68627,0.70772,0.7488,0.40016,1.41293,3.44883,1.32638,0.0099109,0.0099109,0.0099109
20,496.3,1.35693,1.26526,1.33362,0.68669,0.65538,0.67625,0.34368,1.51844,4.09759,1.5194,0.00990595,0.00990595,0.00990595
21,519.874,1.37194,1.24363,1.34997,0.82432,0.70098,0.83465,0.47751,1.39403,5.42128,1.31444,0.009901,0.009901,0.009901
22,543.549,1.34302,1.23647,1.34601,0.77989,0.70588,0.7874,0.41788,1.47706,5.85636,1.4303,0.00989605,0.00989605,0.00989605
23,567.168,1.32554,1.20152,1.32958,0.69439,0.71569,0.74499,0.36969,1.60881,5.77006,1.44339,0.0098911,0.0098911,0.0098911
24,590.933,1.32491,1.16949,1.33661,0.78869,0.70098,0.81684,0.48633,1.34281,5.97477,1.25715,0.00988615,0.00988615,0.00988615
25,615.255,1.29238,1.13231,1.2873,0.78169,0.7402,0.83084,0.4737,1.32796,4.6024,1.23722,0.0098812,0.0098812,0.0098812
26,638.852,1.3021,1.12092,1.29458,0.72848,0.76281,0.8129,0.48313,1.25494,2.46773,1.21731,0.00987625,0.00987625,0.00987625
27,662.476,1.31326,1.1347,1.30772,0.6961,0.70738,0.76037,0.41975,1.2912,13.3933,1.25076,0.0098713,0.0098713,0.0098713
28,686.111,1.27608,1.08824,1.27385,0.78445,0.66176,0.78701,0.44072,1.34173,2.10074,1.2531,0.00986635,0.00986635,0.00986635
29,709.73,1.27922,1.13288,1.29149,0.72366,0.80873,0.82973,0.45617,1.24522,2.43365,1.20238,0.0098614,0.0098614,0.0098614
30,733.381,1.29827,1.15481,1.29421,0.77646,0.76471,0.8287,0.4886,1.26999,3.2966,1.20098,0.00985645,0.00985645,0.00985645
31,757.679,1.30617,1.1349,1.28436,0.83159,0.71078,0.82734,0.49578,1.26614,3.94558,1.23826,0.0098515,0.0098515,0.0098515
32,782.078,1.25852,1.03602,1.28409,0.69898,0.69118,0.7411,0.43408,1.38106,2.3764,1.32569,0.00984655,0.00984655,0.00984655
33,805.74,1.25881,1.0447,1.24919,0.78171,0.78431,0.84872,0.49952,1.2832,2.29806,1.24329,0.0098416,0.0098416,0.0098416
34,830.029,1.25441,1.0753,1.25461,0.74074,0.77032,0.80623,0.46156,1.41044,5.47821,1.28766,0.00983665,0.00983665,0.00983665
35,853.736,1.23919,1.02585,1.25278,0.82103,0.76458,0.83411,0.49797,1.22776,4.44807,1.1753,0.0098317,0.0098317,0.0098317
36,877.368,1.27371,1.04544,1.26062,0.74656,0.7598,0.81496,0.48953,1.36416,1.94116,1.27405,0.00982675,0.00982675,0.00982675
37,901.171,1.23179,1.05635,1.25122,0.87043,0.7245,0.8458,0.50318,1.20395,2.89985,1.19018,0.0098218,0.0098218,0.0098218
38,925.476,1.18503,0.98024,1.22141,0.80798,0.67647,0.79474,0.46677,1.353,2.54311,1.29348,0.00981685,0.00981685,0.00981685
39,949.087,1.23392,1.05076,1.24899,0.76821,0.76358,0.82252,0.47496,1.3068,6.42598,1.23843,0.0098119,0.0098119,0.0098119
40,972.791,1.22289,1.01038,1.23337,0.83548,0.72059,0.83199,0.48494,1.25897,2.67964,1.21408,0.00980695,0.00980695,0.00980695
41,996.444,1.22181,1.04746,1.25071,0.80143,0.77161,0.81941,0.46652,1.19844,2.42275,1.23654,0.009802,0.009802,0.009802
42,1020.64,1.21352,1.0092,1.23013,0.75437,0.82843,0.84241,0.50167,1.3075,3.65111,1.23491,0.00979705,0.00979705,0.00979705
43,1044.26,1.19047,0.97716,1.21522,0.71412,0.82041,0.83777,0.49407,1.28887,4.03428,1.25424,0.0097921,0.0097921,0.0097921
44,1067.57,1.17126,0.99497,1.21862,0.78704,0.78431,0.83933,0.48252,1.29943,3.04931,1.24122,0.00978715,0.00978715,0.00978715
45,1092.01,1.18413,0.96611,1.21413,0.7273,0.78441,0.80107,0.46328,1.34399,3.67069,1.25232,0.0097822,0.0097822,0.0097822
46,1115.74,1.14653,0.96305,1.19315,0.78617,0.79902,0.85082,0.48953,1.37189,4.74013,1.32023,0.00977725,0.00977725,0.00977725
47,1140.24,1.20179,1.02411,1.2317,0.79858,0.71569,0.82044,0.49283,1.27934,2.52844,1.26406,0.0097723,0.0097723,0.0097723
48,1163.55,1.18395,0.96702,1.22201,0.76992,0.7451,0.81263,0.47249,1.33466,2.71402,1.26829,0.00976735,0.00976735,0.00976735
49,1187,1.15608,0.93547,1.19535,0.75173,0.75697,0.80799,0.50346,1.27722,5.60665,1.25153,0.0097624,0.0097624,0.0097624
50,1210.43,1.14601,0.96057,1.19795,0.82914,0.69118,0.82548,0.49047,1.28281,2.11345,1.22451,0.00975745,0.00975745,0.00975745
51,1234.06,1.13259,0.92235,1.18764,0.78936,0.76961,0.83404,0.50473,1.2179,2.30697,1.19282,0.0097525,0.0097525,0.0097525
52,1258.56,1.14831,0.92657,1.20773,0.76911,0.82353,0.87232,0.52319,1.26537,2.22907,1.2002,0.00974755,0.00974755,0.00974755
53,1282.48,1.15839,0.91419,1.20285,0.79445,0.79412,0.84041,0.50155,1.35557,3.37371,1.24793,0.0097426,0.0097426,0.0097426
54,1306.87,1.13175,0.94622,1.19602,0.75676,0.80392,0.82369,0.48282,1.34801,4.79489,1.28048,0.00973765,0.00973765,0.00973765
55,1330.54,1.13173,0.93712,1.18513,0.84394,0.79529,0.88643,0.51961,1.32568,3.15194,1.28229,0.0097327,0.0097327,0.0097327
56,1353.84,1.13968,0.92234,1.19745,0.73819,0.84314,0.85201,0.49108,1.31961,3.52699,1.25361,0.00972775,0.00972775,0.00972775
57,1377.34,1.14025,0.91924,1.19383,0.77933,0.84827,0.86215,0.50682,1.44857,4.57845,1.33989,0.0097228,0.0097228,0.0097228
58,1400.69,1.12798,0.90817,1.18266,0.75238,0.84314,0.83682,0.48293,1.24153,4.42339,1.2264,0.00971785,0.00971785,0.00971785
59,1424.28,1.10089,0.88393,1.1821,0.75634,0.85211,0.87851,0.53696,1.19523,4.04645,1.16927,0.0097129,0.0097129,0.0097129
60,1448.7,1.0956,0.91169,1.17319,0.83334,0.73529,0.83261,0.50296,1.33328,2.23328,1.26023,0.00970795,0.00970795,0.00970795
61,1472.01,1.07628,0.86012,1.15188,0.79127,0.77451,0.83874,0.51222,1.25192,4.78029,1.20275,0.009703,0.009703,0.009703
62,1495.46,1.10911,0.8732,1.18442,0.79526,0.73039,0.81758,0.49152,1.21214,5.57852,1.19416,0.00969805,0.00969805,0.00969805
63,1518.9,1.09364,0.88249,1.17669,0.86269,0.76993,0.9015,0.52764,1.24435,2.41936,1.22301,0.0096931,0.0096931,0.0096931
64,1542.41,1.09044,0.85115,1.17183,0.80067,0.76961,0.83739,0.47804,1.29948,4.53651,1.23747,0.00968815,0.00968815,0.00968815
65,1566,1.09546,0.86781,1.17464,0.80282,0.7784,0.85361,0.50601,1.17143,1.57947,1.18842,0.0096832,0.0096832,0.0096832
66,1589.51,1.07239,0.86227,1.16263,0.79171,0.78256,0.84045,0.51746,1.30416,3.38091,1.2374,0.00967825,0.00967825,0.00967825
67,1612.91,1.07599,0.88994,1.16134,0.79616,0.77941,0.82348,0.49366,1.20142,4.72819,1.20171,0.0096733,0.0096733,0.0096733
68,1636.25,1.05415,0.83796,1.14085,0.80883,0.7881,0.8465,0.51604,1.32461,4.74256,1.23751,0.00966835,0.00966835,0.00966835
69,1659.91,1.05643,0.84652,1.14451,0.83812,0.78677,0.87223,0.50413,1.42005,3.12667,1.29829,0.0096634,0.0096634,0.0096634
70,1683.64,1.08509,0.86434,1.15809,0.76287,0.82843,0.84495,0.50818,1.32955,4.83913,1.26544,0.00965845,0.00965845,0.00965845
71,1707.12,1.09416,0.87592,1.17894,0.80032,0.83333,0.86926,0.53296,1.24644,3.06182,1.20734,0.0096535,0.0096535,0.0096535
72,1730.55,1.03835,0.82985,1.15382,0.76732,0.79412,0.82539,0.50728,1.32775,7.28505,1.27215,0.00964855,0.00964855,0.00964855
73,1753.9,1.03619,0.82566,1.13337,0.85489,0.72199,0.83916,0.49602,1.25278,3.64521,1.23225,0.0096436,0.0096436,0.0096436
74,1777.2,1.03417,0.82199,1.13228,0.86186,0.76457,0.85135,0.51622,1.24495,1.66249,1.21065,0.00963865,0.00963865,0.00963865
75,1800.64,1.05503,0.81737,1.12306,0.76095,0.77941,0.83069,0.48224,1.46242,3.39533,1.33698,0.0096337,0.0096337,0.0096337
76,1824,1.06134,0.84568,1.15064,0.82101,0.7598,0.85664,0.50145,1.24355,3.34067,1.22044,0.00962875,0.00962875,0.00962875
77,1847.38,1.03813,0.81926,1.14265,0.77494,0.83333,0.86984,0.53176,1.18104,1.27162,1.18608,0.0096238,0.0096238,0.0096238
78,1870.67,1.04757,0.82568,1.13579,0.8517,0.79902,0.86597,0.51255,1.36908,2.26882,1.29534,0.00961885,0.00961885,0.00961885
79,1893.96,1.03775,0.82899,1.13787,0.78688,0.86275,0.8573,0.5102,1.49383,3.30059,1.40384,0.0096139,0.0096139,0.0096139
80,1917.24,1.03894,0.82102,1.13516,0.80548,0.83224,0.86521,0.52339,1.24237,3.37443,1.2184,0.00960895,0.00960895,0.00960895
81,1940.93,1.02264,0.78895,1.12468,0.87417,0.73039,0.86755,0.50787,1.28779,4.77887,1.23823,0.009604,0.009604,0.009604
82,1964.27,0.98297,0.76126,1.09731,0.89753,0.77284,0.87974,0.54313,1.1777,2.33159,1.18,0.00959905,0.00959905,0.00959905
83,1988.92,0.98189,0.77354,1.10432,0.81562,0.81373,0.85808,0.51382,1.21006,3.96442,1.18204,0.0095941,0.0095941,0.0095941
84,2012.86,1.00896,0.80373,1.12485,0.82324,0.85294,0.86206,0.50595,1.22619,2.95783,1.19217,0.00958915,0.00958915,0.00958915
85,2037.01,0.99091,0.79329,1.10386,0.8077,0.82843,0.8713,0.52298,1.42548,4.45649,1.3045,0.0095842,0.0095842,0.0095842
86,2060.84,0.99579,0.77848,1.1087,0.8344,0.79035,0.8789,0.52984,1.33382,2.52205,1.28003,0.00957925,0.00957925,0.00957925
87,2084.52,0.99212,0.77284,1.10212,0.8158,0.80331,0.86309,0.51091,1.35271,3.30668,1.31398,0.0095743,0.0095743,0.0095743
88,2108.39,0.99584,0.78046,1.12214,0.79206,0.84022,0.85042,0.50954,1.30667,2.58872,1.28172,0.00956935,0.00956935,0.00956935
89,2132.19,0.99894,0.7855,1.10917,0.79575,0.84033,0.86836,0.51554,1.26006,4.79376,1.21409,0.0095644,0.0095644,0.0095644
90,2155.95,1.00397,0.76955,1.11624,0.83986,0.79696,0.8536,0.52438,1.24311,2.24497,1.23737,0.00955945,0.00955945,0.00955945
91,2180.09,0.98615,0.77386,1.10052,0.87812,0.77702,0.8852,0.53308,1.32582,3.53204,1.30622,0.0095545,0.0095545,0.0095545
92,2203.9,0.96299,0.75594,1.08787,0.78213,0.86765,0.88417,0.52588,1.30208,3.54148,1.23404,0.00954955,0.00954955,0.00954955
93,2227.64,0.95422,0.77854,1.0843,0.7889,0.82434,0.86979,0.51668,1.32974,2.56924,1.23986,0.0095446,0.0095446,0.0095446
94,2251.74,0.99645,0.77305,1.1036,0.76599,0.81834,0.84223,0.5124,1.336,3.26851,1.23205,0.00953965,0.00953965,0.00953965
95,2275.63,0.96277,0.76567,1.09063,0.80675,0.83824,0.87468,0.52603,1.34148,2.70776,1.25981,0.0095347,0.0095347,0.0095347
96,2299.36,0.96668,0.7324,1.09256,0.83826,0.80882,0.88193,0.52437,1.28168,3.9707,1.22597,0.00952975,0.00952975,0.00952975
97,2323.32,0.97411,0.76961,1.10378,0.84533,0.84804,0.90656,0.51737,1.34704,2.57083,1.27452,0.0095248,0.0095248,0.0095248
98,2347.27,0.94801,0.73794,1.0991,0.82708,0.82065,0.8724,0.52418,1.31655,2.56381,1.27589,0.00951985,0.00951985,0.00951985
99,2371.01,0.93632,0.71995,1.07193,0.75458,0.85909,0.85544,0.51282,1.33596,3.95612,1.25749,0.0095149,0.0095149,0.0095149
100,2394.85,0.94603,0.73742,1.08649,0.82053,0.83333,0.8748,0.53935,1.27012,3.87615,1.21514,0.00950995,0.00950995,0.00950995
101,2418.94,0.96237,0.71816,1.09245,0.83683,0.80451,0.88233,0.53982,1.28201,2.49682,1.26637,0.009505,0.009505,0.009505
102,2442.69,0.9552,0.73693,1.07901,0.82342,0.82294,0.86733,0.53405,1.35064,3.65233,1.27822,0.00950005,0.00950005,0.00950005
103,2466.41,0.92078,0.72274,1.07733,0.83649,0.78922,0.86054,0.51975,1.36818,2.88076,1.2725,0.0094951,0.0094951,0.0094951
104,2490.16,0.92365,0.71637,1.07703,0.84451,0.80392,0.86722,0.51801,1.27009,1.70007,1.24412,0.00949015,0.00949015,0.00949015
105,2513.96,0.95623,0.75049,1.09441,0.86921,0.79412,0.86703,0.53591,1.29887,4.77388,1.25831,0.0094852,0.0094852,0.0094852
106,2537.71,0.9723,0.76176,1.10572,0.8645,0.81863,0.8589,0.51578,1.31553,6.84706,1.29267,0.00948025,0.00948025,0.00948025
107,2561.46,0.90083,0.70312,1.05694,0.74671,0.84804,0.8582,0.52183,1.25083,4.11518,1.25658,0.0094753,0.0094753,0.0094753
108,2585.23,0.91925,0.70159,1.08306,0.79104,0.83508,0.83291,0.49922,1.36467,4.84559,1.30821,0.00947035,0.00947035,0.00947035
109,2608.97,0.90082,0.6632,1.05375,0.81266,0.81373,0.86718,0.5203,1.36105,3.08128,1.28527,0.0094654,0.0094654,0.0094654
110,2632.73,0.89953,0.69976,1.06067,0.72257,0.86819,0.85786,0.5217,1.29846,3.18308,1.26154,0.00946045,0.00946045,0.00946045
111,2656.53,0.91561,0.69836,1.07106,0.8229,0.77451,0.85148,0.51606,1.26156,3.37801,1.27685,0.0094555,0.0094555,0.0094555
112,2680.32,0.90497,0.6961,1.075,0.8294,0.78648,0.86789,0.52162,1.29213,3.41267,1.25262,0.00945055,0.00945055,0.00945055
113,2704.14,0.89967,0.68505,1.06207,0.74759,0.85662,0.8771,0.52585,1.33891,3.1613,1.27699,0.0094456,0.0094456,0.0094456
114,2727.89,0.92828,0.71588,1.0791,0.85662,0.79076,0.873,0.52759,1.28862,2.06798,1.24071,0.00944065,0.00944065,0.00944065
115,2751.33,0.90207,0.68551,1.06026,0.79536,0.8002,0.84858,0.53047,1.20257,6.1804,1.21722,0.0094357,0.0094357,0.0094357
116,2774.68,0.91719,0.6897,1.07572,0.82521,0.80998,0.87327,0.51856,1.28463,3.31831,1.27258,0.00943075,0.00943075,0.00943075
117,2797.99,0.89274,0.68367,1.06039,0.81827,0.82843,0.85903,0.52993,1.2017,3.74674,1.23389,0.0094258,0.0094258,0.0094258
118,2821.31,0.86068,0.65793,1.0371,0.81726,0.81117,0.88069,0.53938,1.22753,4.1462,1.24208,0.00942085,0.00942085,0.00942085
119,2844.64,0.87882,0.6858,1.0424,0.83111,0.78922,0.8726,0.53209,1.2283,3.1782,1.23735,0.0094159,0.0094159,0.0094159
120,2867.94,0.88403,0.69076,1.07449,0.78954,0.83333,0.8558,0.52415,1.31901,6.02032,1.30687,0.00941095,0.00941095,0.00941095
121,2891.27,0.90045,0.68919,1.0788,0.8105,0.83333,0.86363,0.5395,1.25869,2.39396,1.23721,0.009406,0.009406,0.009406
122,2914.64,0.86929,0.67566,1.05337,0.85438,0.85784,0.88383,0.55333,1.30633,3.88854,1.28578,0.00940105,0.00940105,0.00940105
123,2938.71,0.88881,0.66713,1.04873,0.82583,0.8135,0.85504,0.53545,1.24418,4.56035,1.26752,0.0093961,0.0093961,0.0093961
124,2961.97,0.87671,0.66804,1.0711,0.83824,0.83828,0.87744,0.53116,1.31169,5.2044,1.27435,0.00939115,0.00939115,0.00939115
125,2985.35,0.86278,0.67831,1.04944,0.79565,0.81863,0.87007,0.52269,1.34926,4.28255,1.30032,0.0093862,0.0093862,0.0093862
126,3008.65,0.86549,0.66172,1.05236,0.82375,0.80392,0.85367,0.52101,1.26337,4.15188,1.2411,0.00938125,0.00938125,0.00938125
127,3032.01,0.87415,0.67428,1.04503,0.88928,0.77941,0.87796,0.53914,1.23465,4.27359,1.2392,0.0093763,0.0093763,0.0093763
128,3055.37,0.85486,0.62695,1.03515,0.80941,0.8119,0.85724,0.52744,1.34785,3.83193,1.32674,0.00937135,0.00937135,0.00937135
129,3078.74,0.85936,0.66282,1.04622,0.8179,0.77061,0.8518,0.53144,1.30687,4.58103,1.28302,0.0093664,0.0093664,0.0093664
130,3102.06,0.82012,0.63513,1.03205,0.79979,0.81373,0.8639,0.54146,1.2543,4.88473,1.27114,0.00936145,0.00936145,0.00936145
131,3125.35,0.868,0.67935,1.04166,0.85526,0.78922,0.87002,0.53853,1.30616,2.63442,1.2781,0.0093565,0.0093565,0.0093565
132,3148.67,0.8647,0.64581,1.03346,0.8115,0.77941,0.84854,0.51662,1.30959,3.75038,1.31449,0.00935155,0.00935155,0.00935155
133,3172.06,0.86228,0.6758,1.04545,0.71677,0.85784,0.86856,0.53159,1.30357,4.91516,1.27841,0.0093466,0.0093466,0.0093466
134,3195.36,0.85155,0.65754,1.03299,0.83936,0.82843,0.87982,0.54459,1.33407,3.98777,1.27248,0.00934165,0.00934165,0.00934165
135,3218.67,0.84466,0.6599,1.04659,0.83067,0.80392,0.87679,0.5594,1.29324,2.75187,1.26371,0.0093367,0.0093367,0.0093367
136,3242.68,0.84052,0.65147,1.02872,0.83959,0.84671,0.88541,0.56153,1.3071,2.75533,1.26252,0.00933175,0.00933175,0.00933175
137,3266.71,0.85026,0.67896,1.04246,0.82181,0.85784,0.90485,0.57431,1.38108,2.52823,1.32689,0.0093268,0.0093268,0.0093268
138,3290.64,0.84096,0.65302,1.02713,0.86361,0.76961,0.87754,0.53608,1.27983,2.78152,1.28547,0.00932185,0.00932185,0.00932185
139,3313.88,0.85835,0.66905,1.04154,0.87021,0.75,0.8799,0.53975,1.22278,2.08231,1.23965,0.0093169,0.0093169,0.0093169
140,3337.17,0.82407,0.64017,1.03395,0.84466,0.77296,0.87039,0.52522,1.20815,2.82514,1.27168,0.00931195,0.00931195,0.00931195
141,3360.47,0.83993,0.61794,1.03953,0.81091,0.82353,0.86249,0.52152,1.33278,6.5426,1.34999,0.009307,0.009307,0.009307
142,3383.73,0.83606,0.63465,1.03786,0.82443,0.82867,0.86986,0.53506,1.38544,3.78727,1.33442,0.00930205,0.00930205,0.00930205
143,3407.09,0.82168,0.60304,1.01953,0.82157,0.85784,0.88001,0.53858,1.52029,3.63524,1.45653,0.0092971,0.0092971,0.0092971
144,3430.4,0.85086,0.65073,1.04143,0.83547,0.84314,0.88807,0.53484,1.33397,3.04858,1.33923,0.00929215,0.00929215,0.00929215
145,3453.7,0.8283,0.62041,1.01411,0.82812,0.80301,0.88394,0.53575,1.23887,3.11208,1.25559,0.0092872,0.0092872,0.0092872
146,3476.96,0.86623,0.66733,1.04799,0.88601,0.79412,0.89533,0.53156,1.31615,3.03407,1.29524,0.00928225,0.00928225,0.00928225
147,3500.25,0.81353,0.64133,1.03128,0.78727,0.87076,0.88644,0.5429,1.26511,3.74641,1.26223,0.0092773,0.0092773,0.0092773
148,3523.67,0.81809,0.638,1.02269,0.84187,0.79902,0.8668,0.53898,1.4598,3.76538,1.42189,0.00927235,0.00927235,0.00927235
149,3547.02,0.81466,0.62569,1.02028,0.84548,0.76471,0.86153,0.5334,1.26311,4.43982,1.29702,0.0092674,0.0092674,0.0092674
150,3570.31,0.81896,0.63408,1.02291,0.85366,0.80882,0.85922,0.51983,1.30353,4.76597,1.29952,0.00926245,0.00926245,0.00926245
151,3593.65,0.81886,0.62721,1.01975,0.80972,0.85294,0.85425,0.51253,1.31422,5.50815,1.3204,0.0092575,0.0092575,0.0092575
152,3617.06,0.81927,0.63087,1.0206,0.76714,0.84804,0.85255,0.52172,1.30615,3.99473,1.32469,0.00925255,0.00925255,0.00925255
153,3640.33,0.8224,0.65478,1.03198,0.82029,0.81373,0.86724,0.53071,1.44074,3.55848,1.39306,0.0092476,0.0092476,0.0092476
154,3663.65,0.82737,0.64595,1.03323,0.78783,0.80091,0.86942,0.55392,1.30079,3.85234,1.30053,0.00924265,0.00924265,0.00924265
155,3686.92,0.80493,0.62995,1.01489,0.81301,0.80882,0.86533,0.53948,1.31122,2.29755,1.29965,0.0092377,0.0092377,0.0092377
156,3710.19,0.80724,0.60278,1.01016,0.84698,0.80392,0.87745,0.54005,1.37612,4.44339,1.35944,0.00923275,0.00923275,0.00923275
157,3733.52,0.7992,0.59272,1.01636,0.83906,0.77941,0.8733,0.54062,1.33895,2.72483,1.32497,0.0092278,0.0092278,0.0092278
158,3756.9,0.79964,0.60523,1.02007,0.8655,0.80882,0.85408,0.52282,1.32028,3.09914,1.32637,0.00922285,0.00922285,0.00922285
159,3780.19,0.8015,0.607,1.02703,0.85401,0.79412,0.86617,0.53273,1.26802,3.09278,1.30189,0.0092179,0.0092179,0.0092179
160,3803.55,0.78873,0.59982,1.01204,0.85732,0.79527,0.86698,0.51904,1.29383,3.08947,1.28109,0.00921295,0.00921295,0.00921295
161,3826.84,0.77572,0.5971,1.00994,0.82187,0.82353,0.87712,0.52737,1.35516,3.92756,1.27544,0.009208,0.009208,0.009208
162,3850.18,0.78556,0.59485,1.00596,0.82592,0.79412,0.84965,0.53633,1.4311,4.26765,1.36568,0.00920305,0.00920305,0.00920305
163,3874.95,0.76628,0.6097,1.00613,0.88014,0.77941,0.87403,0.541,1.28519,2.36464,1.26394,0.0091981,0.0091981,0.0091981
164,3899.34,0.80939,0.61453,1.01587,0.83355,0.79412,0.87992,0.54468,1.24814,2.80866,1.27899,0.00919315,0.00919315,0.00919315
165,3923.69,0.7813,0.58883,1.01111,0.83133,0.86275,0.89461,0.56029,1.26004,3.262,1.27734,0.0091882,0.0091882,0.0091882
166,3948.04,0.78554,0.596,0.99743,0.83779,0.81017,0.87629,0.54335,1.28789,3.06655,1.25917,0.00918325,0.00918325,0.00918325
167,3972.38,0.76646,0.59715,0.99458,0.82712,0.80392,0.87012,0.54436,1.34214,3.10156,1.27352,0.0091783,0.0091783,0.0091783
168,3996.71,0.79723,0.6289,1.02246,0.85804,0.82958,0.89225,0.55687,1.24375,3.33813,1.24948,0.00917335,0.00917335,0.00917335
169,4021.06,0.79605,0.61899,1.03049,0.79752,0.86886,0.89374,0.5554,1.36396,3.22086,1.37098,0.0091684,0.0091684,0.0091684
170,4045.4,0.8072,0.62381,1.02674,0.83197,0.81863,0.87996,0.54078,1.3356,2.44393,1.31982,0.00916345,0.00916345,0.00916345
171,4069.76,0.8102,0.62822,1.02239,0.8501,0.80622,0.87011,0.54454,1.36812,3.24694,1.34885,0.0091585,0.0091585,0.0091585
172,4094.06,0.78225,0.58798,1.01413,0.84395,0.81863,0.87609,0.55446,1.21093,3.37662,1.25143,0.00915355,0.00915355,0.00915355
173,4118.4,0.77801,0.59336,0.99839,0.83843,0.81373,0.8926,0.55254,1.29729,1.6539,1.2654,0.0091486,0.0091486,0.0091486
174,4142.79,0.76173,0.58955,1.00466,0.80044,0.82843,0.87234,0.54311,1.21632,4.68805,1.22226,0.00914365,0.00914365,0.00914365
175,4167.06,0.76427,0.5835,0.99295,0.78677,0.83333,0.82287,0.52306,1.12914,3.57848,1.19798,0.0091387,0.0091387,0.0091387
176,4191.45,0.7639,0.58672,0.99513,0.82324,0.82843,0.85731,0.52501,1.28049,3.15454,1.26588,0.00913375,0.00913375,0.00913375
177,4215.77,0.73549,0.57875,0.97712,0.82804,0.7402,0.85195,0.52235,1.30851,4.41801,1.3199,0.0091288,0.0091288,0.0091288
178,4240.1,0.76724,0.61608,0.99646,0.83828,0.77451,0.86591,0.53637,1.18321,3.99666,1.21241,0.00912385,0.00912385,0.00912385
179,4264.4,0.75804,0.5943,0.9917,0.89699,0.79902,0.87534,0.53517,1.18537,4.02616,1.22339,0.0091189,0.0091189,0.0091189
180,4288.7,0.73613,0.56122,0.98293,0.85446,0.78922,0.872,0.54354,1.31144,3.51609,1.32329,0.00911395,0.00911395,0.00911395
181,4312.99,0.75763,0.57657,0.9911,0.83585,0.80392,0.88202,0.56768,1.21366,2.38387,1.24586,0.009109,0.009109,0.009109
182,4337.4,0.72707,0.55073,0.97544,0.85599,0.79412,0.87965,0.56224,1.25069,4.51086,1.26623,0.00910405,0.00910405,0.00910405
183,4361.71,0.7539,0.57107,0.99529,0.8406,0.82725,0.88224,0.562,1.24453,3.88819,1.25732,0.0090991,0.0090991,0.0090991
184,4386.05,0.71771,0.54262,0.97549,0.84383,0.84755,0.87069,0.54485,1.34954,4.19917,1.28815,0.00909415,0.00909415,0.00909415
185,4410.38,0.76269,0.59084,1.00529,0.86956,0.76961,0.86238,0.54828,1.27037,3.53893,1.26019,0.0090892,0.0090892,0.0090892
186,4434.71,0.75433,0.58977,0.99518,0.87749,0.76471,0.87494,0.55494,1.27255,2.54388,1.25487,0.00908425,0.00908425,0.00908425
187,4458.98,0.73353,0.57661,0.98337,0.85283,0.83333,0.88909,0.57629,1.13375,2.69146,1.23861,0.0090793,0.0090793,0.0090793
188,4483.98,0.74185,0.54894,0.9946,0.87151,0.79798,0.87356,0.55888,1.32816,3.36704,1.28664,0.00907435,0.00907435,0.00907435
189,4508.32,0.73466,0.55179,0.98482,0.85073,0.81018,0.88722,0.55544,1.27183,1.92453,1.28023,0.0090694,0.0090694,0.0090694
190,4532.62,0.72975,0.54718,0.98589,0.89599,0.79412,0.87134,0.53494,1.1973,1.4653,1.24689,0.00906445,0.00906445,0.00906445
191,4556.87,0.7385,0.55823,0.98355,0.87092,0.79378,0.88889,0.56064,1.33514,1.5521,1.30103,0.0090595,0.0090595,0.0090595
192,4581.17,0.72962,0.53432,0.98252,0.86611,0.82444,0.89302,0.57447,1.2915,2.32279,1.31267,0.00905455,0.00905455,0.00905455
193,4605.53,0.75428,0.5744,0.9942,0.85658,0.79902,0.87252,0.5487,1.30919,2.25295,1.29475,0.0090496,0.0090496,0.0090496
194,4629.87,0.73407,0.54951,0.97901,0.84837,0.79537,0.8692,0.55868,1.22719,2.21559,1.23258,0.00904465,0.00904465,0.00904465
195,4654.15,0.73157,0.55084,0.98337,0.83893,0.81863,0.88611,0.56647,1.27411,2.58538,1.27804,0.0090397,0.0090397,0.0090397
196,4678.44,0.73501,0.54465,0.96935,0.84811,0.81373,0.84634,0.54328,1.28461,3.59544,1.33022,0.00903475,0.00903475,0.00903475
197,4702.74,0.75968,0.59583,1.00011,0.80367,0.82272,0.8707,0.54981,1.3514,2.56908,1.33401,0.0090298,0.0090298,0.0090298
198,4727.08,0.75103,0.58167,1.00463,0.8475,0.81373,0.89253,0.56919,1.21121,2.87335,1.25733,0.00902485,0.00902485,0.00902485
199,4751.38,0.7243,0.53501,0.97488,0.81778,0.85798,0.88104,0.55908,1.32745,2.28587,1.3147,0.0090199,0.0090199,0.0090199
200,4775.72,0.71864,0.54312,0.97745,0.83221,0.82664,0.85137,0.53575,1.3169,2.66539,1.30359,0.00901495,0.00901495,0.00901495
201,4800.02,0.69335,0.53074,0.9554,0.81256,0.86765,0.86366,0.55201,1.30318,2.66637,1.29485,0.00901,0.00901,0.00901
202,4824.29,0.71224,0.55811,0.98711,0.83107,0.83333,0.87723,0.55924,1.27787,2.79613,1.30311,0.00900505,0.00900505,0.00900505
203,4848.58,0.71907,0.55117,0.98303,0.81683,0.88235,0.8914,0.55539,1.29089,3.79508,1.29565,0.0090001,0.0090001,0.0090001
204,4872.93,0.70167,0.53372,0.95852,0.82001,0.80399,0.85717,0.54692,1.35144,4.20405,1.36159,0.00899515,0.00899515,0.00899515
205,4897.2,0.69143,0.52146,0.96999,0.84584,0.83333,0.87597,0.55983,1.2246,1.59132,1.25326,0.0089902,0.0089902,0.0089902
206,4921.55,0.72875,0.56489,0.99165,0.84416,0.82353,0.85949,0.55794,1.19765,3.43184,1.25362,0.00898525,0.00898525,0.00898525
207,4945.91,0.7181,0.56714,0.98221,0.8266,0.80882,0.86144,0.54388,1.22557,5.19934,1.27937,0.0089803,0.0089803,0.0089803
208,4970.29,0.73386,0.5591,0.98992,0.84554,0.83333,0.85482,0.5482,1.208,3.46865,1.27742,0.00897535,0.00897535,0.00897535
209,4994.54,0.69697,0.53099,0.96654,0.85684,0.86275,0.87905,0.55522,1.20953,2.71161,1.26766,0.0089704,0.0089704,0.0089704
210,5018.82,0.73026,0.55768,0.98709,0.84483,0.85404,0.88331,0.5529,1.32341,3.05707,1.2944,0.00896545,0.00896545,0.00896545
211,5043.14,0.72387,0.55688,0.9862,0.80195,0.83365,0.87271,0.54505,1.33226,4.24365,1.32069,0.0089605,0.0089605,0.0089605
212,5067.47,0.70484,0.55093,0.97336,0.85541,0.79412,0.86946,0.5501,1.3295,3.26727,1.34077,0.00895555,0.00895555,0.00895555
213,5091.79,0.71837,0.56366,0.98221,0.78175,0.81863,0.88108,0.5689,1.30591,2.9842,1.30631,0.0089506,0.0089506,0.0089506
214,5116.05,0.70546,0.51693,0.96838,0.84619,0.80882,0.87585,0.55006,1.29485,1.75624,1.31016,0.00894565,0.00894565,0.00894565
215,5140.3,0.69569,0.53737,0.95655,0.80303,0.82353,0.85633,0.54179,1.30643,3.29229,1.33407,0.0089407,0.0089407,0.0089407
216,5164.61,0.67665,0.52614,0.96111,0.81343,0.86275,0.89252,0.56186,1.29456,2.30772,1.30418,0.00893575,0.00893575,0.00893575
217,5188.87,0.7079,0.54088,0.97,0.88025,0.77941,0.87182,0.53771,1.31692,2.56584,1.31459,0.0089308,0.0089308,0.0089308
218,5213.14,0.69293,0.51393,0.97191,0.88981,0.7549,0.84142,0.52883,1.4006,3.50527,1.39068,0.00892585,0.00892585,0.00892585
219,5237.41,0.69843,0.51819,0.97184,0.79233,0.81863,0.84598,0.53564,1.34172,3.74737,1.35022,0.0089209,0.0089209,0.0089209
220,5261.71,0.70288,0.51158,0.96872,0.84415,0.78922,0.85937,0.55858,1.31035,3.11551,1.31395,0.00891595,0.00891595,0.00891595
221,5285.91,0.70233,0.54922,0.96762,0.82008,0.80437,0.86778,0.55654,1.2761,2.01503,1.28701,0.008911,0.008911,0.008911
222,5310.16,0.69753,0.55801,0.98073,0.82741,0.79412,0.8599,0.54678,1.29613,3.20133,1.30544,0.00890605,0.00890605,0.00890605
223,5334.45,0.72123,0.54091,0.98341,0.81956,0.80152,0.82952,0.52023,1.31673,3.06574,1.34647,0.0089011,0.0089011,0.0089011
224,5358.8,0.69717,0.53879,0.97425,0.84811,0.7598,0.86561,0.55086,1.39462,2.63498,1.36446,0.00889615,0.00889615,0.00889615
225,5383.08,0.68809,0.54586,0.97154,0.81876,0.7972,0.86025,0.56003,1.37008,3.74073,1.3378,0.0088912,0.0088912,0.0088912
226,5407.43,0.65738,0.51267,0.95627,0.84066,0.77941,0.85236,0.55665,1.33156,4.67526,1.33809,0.00888625,0.00888625,0.00888625
227,5431.63,0.67879,0.53111,0.9644,0.86034,0.79412,0.86917,0.55043,1.36404,1.93267,1.35817,0.0088813,0.0088813,0.0088813
228,5455.96,0.68477,0.5233,0.95361,0.76035,0.80876,0.83856,0.53276,1.32821,4.44525,1.32796,0.00887635,0.00887635,0.00887635
229,5480.3,0.68535,0.53539,0.95885,0.8698,0.75321,0.86325,0.55012,1.38874,1.44155,1.37922,0.0088714,0.0088714,0.0088714
230,5504.6,0.69279,0.52398,0.96118,0.86698,0.79902,0.8592,0.55062,1.35159,3.4737,1.35928,0.00886645,0.00886645,0.00886645
231,5528.9,0.65478,0.49543,0.94813,0.8992,0.77451,0.88888,0.58423,1.29161,2.86089,1.30056,0.0088615,0.0088615,0.0088615
232,5553.94,0.64973,0.50805,0.94642,0.8843,0.78922,0.88186,0.57147,1.34031,3.12215,1.36673,0.00885655,0.00885655,0.00885655
233,5578.26,0.66807,0.50805,0.95277,0.88893,0.79412,0.87247,0.56888,1.24389,2.93159,1.27601,0.0088516,0.0088516,0.0088516
234,5602.57,0.68576,0.52476,0.96399,0.91186,0.78431,0.88597,0.56985,1.2765,2.2438,1.30401,0.00884665,0.00884665,0.00884665
235,5626.8,0.6783,0.51633,0.96471,0.87208,0.80392,0.87476,0.56975,1.27165,1.80518,1.28558,0.0088417,0.0088417,0.0088417
236,5651.18,0.67826,0.50134,0.95261,0.87576,0.82927,0.87469,0.55196,1.27089,1.89427,1.28127,0.00883675,0.00883675,0.00883675
237,5675.46,0.67953,0.52174,0.95664,0.89081,0.80882,0.87956,0.56425,1.32313,2.28127,1.33965,0.0088318,0.0088318,0.0088318
238,5699.83,0.6836,0.52641,0.96329,0.84361,0.84616,0.87727,0.55606,1.31198,1.86056,1.31722,0.00882685,0.00882685,0.00882685
239,5724.02,0.68653,0.54288,0.97397,0.84805,0.84814,0.88574,0.56172,1.34466,2.51368,1.36647,0.0088219,0.0088219,0.0088219
240,5748.35,0.66919,0.52387,0.95992,0.88437,0.86235,0.90452,0.564,1.38308,3.26392,1.38203,0.00881695,0.00881695,0.00881695
241,5772.6,0.67175,0.50827,0.95581,0.86027,0.81863,0.88818,0.57287,1.29473,2.32806,1.2814,0.008812,0.008812,0.008812
242,5796.92,0.66484,0.51806,0.95788,0.87659,0.83824,0.88181,0.5799,1.32766,2.84998,1.30014,0.00880705,0.00880705,0.00880705
243,5821.18,0.65967,0.48502,0.95349,0.88445,0.79412,0.87239,0.57551,1.32882,3.28802,1.31895,0.0088021,0.0088021,0.0088021
244,5845.5,0.66512,0.51008,0.95637,0.85755,0.79412,0.86616,0.56168,1.28253,2.5514,1.28516,0.00879715,0.00879715,0.00879715
245,5869.77,0.65772,0.49277,0.94256,0.84193,0.80941,0.87849,0.57045,1.32414,1.9799,1.31889,0.0087922,0.0087922,0.0087922
246,5894.05,0.66778,0.51393,0.96026,0.82999,0.82353,0.86408,0.54841,1.37154,1.5843,1.35736,0.00878725,0.00878725,0.00878725
247,5918.37,0.68803,0.53024,0.97497,0.8441,0.79621,0.87941,0.56339,1.31441,1.58499,1.29421,0.0087823,0.0087823,0.0087823
248,5942.66,0.66506,0.48972,0.94564,0.86831,0.77941,0.88198,0.55915,1.33552,1.4784,1.30928,0.00877735,0.00877735,0.00877735
249,5966.98,0.69889,0.5324,0.97359,0.84797,0.76555,0.86128,0.55852,1.33851,1.9224,1.27957,0.0087724,0.0087724,0.0087724
250,5991.31,0.63849,0.47712,0.9358,0.87474,0.79412,0.87771,0.57367,1.26634,2.12351,1.26701,0.00876745,0.00876745,0.00876745
251,6015.58,0.65873,0.49768,0.94995,0.84554,0.80504,0.88739,0.57566,1.43108,2.60386,1.42085,0.0087625,0.0087625,0.0087625
252,6039.88,0.70277,0.55345,0.98205,0.86448,0.76471,0.87704,0.57482,1.46327,2.1087,1.50115,0.00875755,0.00875755,0.00875755
253,6064.19,0.64002,0.49117,0.94065,0.822,0.81863,0.87952,0.57604,1.32606,3.25655,1.34027,0.0087526,0.0087526,0.0087526
254,6088.48,0.64263,0.48921,0.95068,0.84579,0.77968,0.87726,0.57294,1.39326,2.16852,1.36278,0.00874765,0.00874765,0.00874765
255,6112.82,0.67544,0.52115,0.96868,0.84947,0.80222,0.88428,0.56908,1.33815,2.93449,1.31071,0.0087427,0.0087427,0.0087427
256,6137.13,0.6756,0.51252,0.96646,0.87984,0.82558,0.88715,0.56118,1.42394,3.5378,1.44849,0.00873775,0.00873775,0.00873775
257,6161.46,0.64646,0.49593,0.94916,0.87771,0.774,0.87473,0.56219,1.3651,3.36814,1.36859,0.0087328,0.0087328,0.0087328
258,6185.84,0.66469,0.50794,0.95235,0.80609,0.81511,0.87412,0.55903,1.32254,2.00691,1.33623,0.00872785,0.00872785,0.00872785
259,6210.16,0.65229,0.48274,0.95094,0.77143,0.86765,0.86567,0.55577,1.32681,4.32944,1.31964,0.0087229,0.0087229,0.0087229
260,6234.55,0.65181,0.49395,0.94498,0.80773,0.82371,0.86696,0.55273,1.37744,3.92527,1.42143,0.00871795,0.00871795,0.00871795
261,6258.89,0.65716,0.50416,0.95609,0.84983,0.80882,0.86238,0.55839,1.3368,5.05874,1.36215,0.008713,0.008713,0.008713
262,6283.3,0.63352,0.49916,0.93533,0.83233,0.78431,0.8635,0.58352,1.30828,3.62761,1.33832,0.00870805,0.00870805,0.00870805
263,6307.63,0.64263,0.4887,0.93956,0.83587,0.76471,0.86166,0.56006,1.32401,2.82644,1.36464,0.0087031,0.0087031,0.0087031
264,6331.98,0.63973,0.50445,0.94643,0.80639,0.78431,0.85706,0.56067,1.37739,3.93664,1.44374,0.00869815,0.00869815,0.00869815
265,6356.29,0.64159,0.48949,0.93974,0.85886,0.7756,0.86438,0.56413,1.30358,3.38377,1.37014,0.0086932,0.0086932,0.0086932
266,6380.59,0.64429,0.47849,0.942,0.81656,0.80882,0.87469,0.57206,1.29919,2.4754,1.36407,0.00868825,0.00868825,0.00868825
267,6404.93,0.65388,0.49836,0.94541,0.8488,0.79902,0.87006,0.57071,1.27901,3.22331,1.32086,0.0086833,0.0086833,0.0086833
268,6429.28,0.64555,0.49381,0.95287,0.85722,0.84804,0.88334,0.55736,1.30271,3.49167,1.35085,0.00867835,0.00867835,0.00867835
269,6453.58,0.64094,0.49012,0.94926,0.85513,0.85294,0.87929,0.5593,1.35884,3.6058,1.42597,0.0086734,0.0086734,0.0086734
270,6477.89,0.65519,0.50228,0.9581,0.79276,0.83824,0.87378,0.56508,1.378,2.47813,1.44479,0.00866845,0.00866845,0.00866845
271,6502.13,0.63641,0.49298,0.94418,0.88221,0.77103,0.87194,0.57276,1.34367,2.8726,1.39703,0.0086635,0.0086635,0.0086635
272,6526.39,0.65017,0.4887,0.96384,0.84865,0.81863,0.87925,0.57628,1.33195,2.729,1.38765,0.00865855,0.00865855,0.00865855
273,6550.7,0.63503,0.48601,0.94439,0.84449,0.81373,0.87731,0.57201,1.27308,2.20892,1.2982,0.0086536,0.0086536,0.0086536
274,6575.1,0.61793,0.47644,0.93181,0.83654,0.84314,0.87888,0.5566,1.23973,2.62439,1.30007,0.00864865,0.00864865,0.00864865
275,6599.43,0.63002,0.48349,0.95117,0.81293,0.82843,0.87799,0.57757,1.22714,2.89517,1.27955,0.0086437,0.0086437,0.0086437
276,6623.81,0.63825,0.47761,0.94783,0.83927,0.80392,0.88133,0.57443,1.25962,2.59373,1.2831,0.00863875,0.00863875,0.00863875
277,6648.08,0.6239,0.47233,0.93998,0.85042,0.83824,0.86782,0.57415,1.2278,2.85697,1.26426,0.0086338,0.0086338,0.0086338
278,6672.36,0.63553,0.49521,0.94358,0.87214,0.79412,0.87552,0.5721,1.19833,2.07133,1.25968,0.00862885,0.00862885,0.00862885
279,6696.65,0.63415,0.48337,0.94129,0.82974,0.84314,0.88423,0.56402,1.25912,2.24062,1.30249,0.0086239,0.0086239,0.0086239
280,6720.95,0.64328,0.50174,0.94747,0.86879,0.82353,0.86985,0.57811,1.2928,3.42975,1.33569,0.00861895,0.00861895,0.00861895
281,6745.27,0.62543,0.47975,0.94508,0.82594,0.81373,0.86941,0.57983,1.30132,1.9817,1.34317,0.008614,0.008614,0.008614
282,6769.53,0.64391,0.50673,0.952,0.86546,0.7883,0.86677,0.57056,1.31419,3.03818,1.35799,0.00860905,0.00860905,0.00860905
283,6793.85,0.62415,0.4746,0.92959,0.86379,0.76961,0.87341,0.5808,1.30413,2.57279,1.33746,0.0086041,0.0086041,0.0086041
284,6818.19,0.63655,0.5029,0.94317,0.83908,0.82353,0.85852,0.55934,1.33623,2.37571,1.34512,0.00859915,0.00859915,0.00859915
285,6842.56,0.64802,0.48468,0.96018,0.8386,0.76471,0.8365,0.54419,1.32304,1.86744,1.34594,0.0085942,0.0085942,0.0085942
286,6866.91,0.63337,0.49494,0.95036,0.7931,0.80798,0.8625,0.55284,1.39647,1.7176,1.40659,0.00858925,0.00858925,0.00858925
287,6891.17,0.63047,0.48356,0.9397,0.84603,0.78114,0.87102,0.5715,1.30747,2.23294,1.33867,0.0085843,0.0085843,0.0085843
288,6915.56,0.64732,0.49613,0.94693,0.85893,0.79902,0.85908,0.56361,1.33442,1.86219,1.35918,0.00857935,0.00857935,0.00857935
289,6939.93,0.62129,0.46692,0.93759,0.83173,0.84803,0.87436,0.55848,1.41584,3.18541,1.47698,0.0085744,0.0085744,0.0085744
290,6964.29,0.61127,0.4569,0.92876,0.873,0.8424,0.86593,0.55642,1.4123,3.77387,1.47212,0.00856945,0.00856945,0.00856945
291,6988.61,0.63396,0.50449,0.94865,0.82719,0.86275,0.88077,0.57176,1.36411,2.8438,1.37381,0.0085645,0.0085645,0.0085645
292,7012.95,0.63439,0.48013,0.94372,0.85674,0.8208,0.88352,0.56764,1.31173,2.50234,1.36528,0.00855955,0.00855955,0.00855955
293,7037.31,0.61626,0.48126,0.93563,0.84296,0.84199,0.89241,0.57052,1.30008,2.73471,1.31295,0.0085546,0.0085546,0.0085546
294,7061.64,0.613,0.47752,0.92654,0.8856,0.81373,0.89166,0.57934,1.26498,3.19316,1.27582,0.00854965,0.00854965,0.00854965
295,7086.05,0.62657,0.48186,0.93964,0.88592,0.83333,0.89446,0.59106,1.28194,2.17091,1.30569,0.0085447,0.0085447,0.0085447
296,7111.21,0.61097,0.47328,0.93463,0.87297,0.84314,0.89585,0.59268,1.27923,2.1236,1.31208,0.00853975,0.00853975,0.00853975
297,7136.34,0.61224,0.46459,0.93534,0.87803,0.85294,0.88526,0.58783,1.23357,3.0059,1.28158,0.0085348,0.0085348,0.0085348
298,7160.72,0.60142,0.46298,0.93324,0.89,0.81373,0.88242,0.58014,1.29958,3.16867,1.3158,0.00852985,0.00852985,0.00852985
299,7185.08,0.60919,0.48583,0.93065,0.84842,0.79567,0.86925,0.57125,1.33734,2.2401,1.38719,0.0085249,0.0085249,0.0085249
300,7209.4,0.61419,0.46317,0.93561,0.88085,0.80882,0.88322,0.58139,1.34401,2.15537,1.39009,0.00851995,0.00851995,0.00851995
301,7233.82,0.62712,0.4856,0.95327,0.86865,0.80882,0.88601,0.58154,1.30925,1.99444,1.3519,0.008515,0.008515,0.008515
302,7258.27,0.64045,0.5035,0.94327,0.87626,0.79838,0.88464,0.57156,1.32806,1.6949,1.34624,0.00851005,0.00851005,0.00851005
303,7282.63,0.61529,0.48097,0.92957,0.91002,0.80392,0.88349,0.58831,1.29328,1.71082,1.32144,0.0085051,0.0085051,0.0085051
304,7306.98,0.61319,0.45436,0.94072,0.88886,0.78408,0.87365,0.57462,1.29608,2.30231,1.32691,0.00850015,0.00850015,0.00850015
305,7331.32,0.60965,0.46173,0.93283,0.87677,0.79902,0.8759,0.58296,1.22426,2.83765,1.25536,0.0084952,0.0084952,0.0084952
306,7355.72,0.6015,0.45964,0.92622,0.88033,0.78922,0.8746,0.57516,1.18336,2.06715,1.24277,0.00849025,0.00849025,0.00849025
307,7380.03,0.60716,0.47091,0.93294,0.8526,0.8223,0.88429,0.59039,1.2038,1.63384,1.2904,0.0084853,0.0084853,0.0084853
308,7404.42,0.61505,0.48313,0.93908,0.88107,0.79892,0.88276,0.59095,1.25859,1.20313,1.32726,0.00848035,0.00848035,0.00848035
309,7428.84,0.60262,0.46289,0.91854,0.84489,0.83333,0.88862,0.58884,1.29117,1.40008,1.37062,0.0084754,0.0084754,0.0084754
310,7453.18,0.60832,0.46696,0.93026,0.87864,0.78082,0.87474,0.58077,1.37796,1.44716,1.44217,0.00847045,0.00847045,0.00847045
311,7477.5,0.62285,0.4715,0.94025,0.85748,0.79629,0.87823,0.57872,1.32169,1.40775,1.38357,0.0084655,0.0084655,0.0084655
312,7501.85,0.60453,0.4731,0.93893,0.89684,0.76471,0.88737,0.58529,1.27111,1.3421,1.33427,0.00846055,0.00846055,0.00846055
313,7526.21,0.60185,0.45902,0.92523,0.8791,0.79902,0.88192,0.57675,1.30573,1.66154,1.35176,0.0084556,0.0084556,0.0084556
314,7550.54,0.5996,0.46111,0.92393,0.8883,0.79412,0.89302,0.59569,1.26314,1.52782,1.28048,0.00845065,0.00845065,0.00845065
315,7575.48,0.58215,0.459,0.92156,0.91382,0.77964,0.89424,0.58973,1.25978,1.83136,1.28412,0.0084457,0.0084457,0.0084457
316,7599.86,0.57952,0.44386,0.92581,0.88995,0.79281,0.88205,0.57068,1.31022,1.60892,1.33723,0.00844075,0.00844075,0.00844075
317,7624.18,0.59031,0.45562,0.91466,0.90023,0.76471,0.87128,0.56888,1.24165,2.62808,1.31375,0.0084358,0.0084358,0.0084358
318,7648.54,0.59124,0.452,0.92575,0.86265,0.80048,0.85785,0.55707,1.23365,2.86826,1.30381,0.00843085,0.00843085,0.00843085
319,7672.82,0.59906,0.46678,0.93822,0.82351,0.8463,0.87524,0.56637,1.29713,3.24593,1.34005,0.0084259,0.0084259,0.0084259
320,7697.14,0.59527,0.44553,0.92925,0.84778,0.81901,0.8907,0.57959,1.31734,1.3518,1.35101,0.00842095,0.00842095,0.00842095
321,7721.46,0.61431,0.47607,0.94164,0.90671,0.7549,0.88393,0.5744,1.33569,1.47727,1.37448,0.008416,0.008416,0.008416
322,7745.78,0.60257,0.46932,0.93676,0.86397,0.80951,0.88951,0.57727,1.27166,1.60764,1.34024,0.00841105,0.00841105,0.00841105
323,7770.06,0.59507,0.45431,0.93163,0.87833,0.77853,0.87309,0.56509,1.26707,2.13107,1.31647,0.0084061,0.0084061,0.0084061
324,7794.43,0.60565,0.47565,0.92842,0.86543,0.78922,0.86558,0.56248,1.318,1.70537,1.34619,0.00840115,0.00840115,0.00840115
325,7818.84,0.61545,0.48444,0.93688,0.87197,0.83467,0.88072,0.57547,1.22284,2.8846,1.27461,0.0083962,0.0083962,0.0083962
326,7843.24,0.57696,0.44668,0.91847,0.88854,0.82061,0.88342,0.57017,1.21211,1.82608,1.26411,0.00839125,0.00839125,0.00839125
327,7867.61,0.5993,0.45578,0.93418,0.86351,0.83732,0.8859,0.57437,1.22598,1.47348,1.28231,0.0083863,0.0083863,0.0083863
328,7891.99,0.58227,0.43602,0.9184,0.87292,0.8081,0.88389,0.58037,1.24248,1.71043,1.29654,0.00838135,0.00838135,0.00838135
329,7916.31,0.58088,0.45058,0.92397,0.88749,0.81199,0.89172,0.58308,1.31776,1.39616,1.34438,0.0083764,0.0083764,0.0083764
330,7940.74,0.58661,0.45079,0.92672,0.86914,0.82353,0.88648,0.5852,1.33417,1.0838,1.39593,0.00837145,0.00837145,0.00837145
331,7965.04,0.59554,0.46274,0.93381,0.84621,0.84314,0.89211,0.58567,1.32065,1.0643,1.37034,0.0083665,0.0083665,0.0083665
332,7989.41,0.59259,0.46606,0.92854,0.86211,0.79688,0.88472,0.58047,1.31469,1.29463,1.37266,0.00836155,0.00836155,0.00836155
333,8013.82,0.57728,0.43401,0.91714,0.86485,0.79412,0.88074,0.57846,1.24856,1.45789,1.30005,0.0083566,0.0083566,0.0083566
334,8038.2,0.59782,0.46415,0.93209,0.83107,0.84404,0.8757,0.57439,1.24347,2.54439,1.28549,0.00835165,0.00835165,0.00835165
335,8062.63,0.60739,0.45428,0.94037,0.86063,0.82353,0.86677,0.56946,1.31973,2.26409,1.34572,0.0083467,0.0083467,0.0083467
336,8087.01,0.59037,0.45464,0.92867,0.88288,0.81299,0.88404,0.58159,1.30121,2.46221,1.32009,0.00834175,0.00834175,0.00834175
337,8111.34,0.59345,0.47052,0.92406,0.85061,0.83824,0.8963,0.59759,1.21497,2.4194,1.23522,0.0083368,0.0083368,0.0083368
338,8136.43,0.58246,0.43303,0.9269,0.8933,0.82081,0.8901,0.57901,1.22032,1.60997,1.23795,0.00833185,0.00833185,0.00833185
339,8160.74,0.59276,0.44982,0.92871,0.91105,0.80332,0.887,0.57945,1.26252,1.62403,1.30373,0.0083269,0.0083269,0.0083269
340,8185.08,0.56065,0.4223,0.91004,0.89174,0.80754,0.8925,0.58122,1.22141,1.5793,1.24963,0.00832195,0.00832195,0.00832195
341,8209.47,0.6057,0.47131,0.93883,0.87158,0.82843,0.88431,0.58176,1.24446,1.16926,1.28144,0.008317,0.008317,0.008317
342,8233.8,0.60189,0.46567,0.9239,0.88351,0.81797,0.89319,0.58225,1.21367,1.27195,1.27666,0.00831205,0.00831205,0.00831205
343,8258.15,0.5913,0.45461,0.9272,0.88085,0.79412,0.88952,0.57995,1.25102,1.31404,1.28664,0.0083071,0.0083071,0.0083071
344,8282.52,0.58275,0.44814,0.92591,0.83374,0.8358,0.8804,0.5746,1.29612,1.95468,1.33299,0.00830215,0.00830215,0.00830215
345,8306.87,0.56744,0.44183,0.90498,0.87804,0.81863,0.88001,0.57425,1.30861,2.00847,1.32828,0.0082972,0.0082972,0.0082972
346,8331.19,0.5729,0.43487,0.91866,0.8585,0.81373,0.88792,0.58626,1.27596,1.7058,1.31688,0.00829225,0.00829225,0.00829225
347,8355.51,0.58235,0.44132,0.92504,0.83652,0.82843,0.88772,0.59109,1.28084,2.11217,1.36054,0.0082873,0.0082873,0.0082873
348,8379.86,0.58247,0.44281,0.92596,0.89534,0.75484,0.88285,0.58465,1.21507,1.5528,1.3057,0.00828235,0.00828235,0.00828235
349,8404.19,0.57041,0.42451,0.91184,0.89529,0.75446,0.88003,0.58817,1.17053,1.16517,1.25863,0.0082774,0.0082774,0.0082774
350,8428.54,0.58569,0.44081,0.92575,0.83865,0.79902,0.88726,0.59567,1.20399,1.30477,1.3021,0.00827245,0.00827245,0.00827245
351,8452.83,0.58628,0.44328,0.93105,0.84407,0.79607,0.88495,0.59335,1.22119,1.11699,1.30018,0.0082675,0.0082675,0.0082675
352,8477.19,0.60478,0.47206,0.93539,0.8606,0.81713,0.89089,0.59311,1.23627,1.0562,1.29437,0.00826255,0.00826255,0.00826255
353,8501.5,0.59491,0.44833,0.92951,0.89285,0.81695,0.90595,0.5961,1.26366,1.08228,1.29943,0.0082576,0.0082576,0.0082576
354,8525.78,0.57465,0.44894,0.91237,0.89066,0.82353,0.89538,0.58866,1.27829,1.34047,1.34651,0.00825265,0.00825265,0.00825265
355,8550.11,0.58692,0.46596,0.93124,0.89571,0.84203,0.89217,0.59047,1.30128,1.32965,1.37038,0.0082477,0.0082477,0.0082477
356,8574.44,0.56926,0.44272,0.91754,0.87456,0.82843,0.88765,0.59965,1.33317,1.22237,1.38975,0.00824275,0.00824275,0.00824275
357,8599.52,0.57493,0.4465,0.91336,0.90555,0.77451,0.86295,0.584,1.32652,1.22152,1.40637,0.0082378,0.0082378,0.0082378
358,8623.83,0.56876,0.42984,0.91728,0.88796,0.76471,0.86526,0.58565,1.28328,1.46778,1.35531,0.00823285,0.00823285,0.00823285
359,8648.14,0.5995,0.45557,0.93999,0.94362,0.7549,0.88902,0.60369,1.26635,1.19181,1.31399,0.0082279,0.0082279,0.0082279
360,8673.07,0.58316,0.45799,0.92132,0.86356,0.80666,0.89751,0.60601,1.32105,1.02166,1.35869,0.00822295,0.00822295,0.00822295
361,8698.1,0.56115,0.43232,0.90951,0.83699,0.80541,0.89316,0.5973,1.32481,1.02193,1.37105,0.008218,0.008218,0.008218
362,8722.51,0.56912,0.43635,0.92314,0.90215,0.7598,0.88607,0.59625,1.29966,0.97809,1.36577,0.00821305,0.00821305,0.00821305
363,8746.8,0.56403,0.43307,0.9157,0.84167,0.80392,0.88541,0.59016,1.28493,1.30005,1.33792,0.0082081,0.0082081,0.0082081
364,8771.28,0.55333,0.43549,0.90627,0.87604,0.79678,0.88382,0.59731,1.27354,2.37272,1.31812,0.00820315,0.00820315,0.00820315
365,8795.69,0.58013,0.44831,0.93157,0.86978,0.81857,0.88214,0.58801,1.2946,2.46799,1.36555,0.0081982,0.0081982,0.0081982
366,8820.04,0.56751,0.43154,0.93084,0.86169,0.82456,0.88697,0.59351,1.28285,2.13654,1.33323,0.00819325,0.00819325,0.00819325
367,8844.35,0.57931,0.43851,0.91356,0.86897,0.84314,0.89663,0.60077,1.25904,2.25944,1.32336,0.0081883,0.0081883,0.0081883
368,8868.69,0.59025,0.45244,0.92623,0.89153,0.80581,0.88449,0.58677,1.25896,2.58343,1.31451,0.00818335,0.00818335,0.00818335
369,8893.04,0.56222,0.43744,0.92029,0.89381,0.77941,0.8825,0.59062,1.27037,2.48625,1.33786,0.0081784,0.0081784,0.0081784
370,8917.38,0.58356,0.44494,0.92606,0.85471,0.80743,0.88594,0.59987,1.24937,2.33507,1.31922,0.00817345,0.00817345,0.00817345
371,8941.78,0.56003,0.44001,0.91401,0.88794,0.82353,0.90363,0.61245,1.2356,1.64767,1.32776,0.0081685,0.0081685,0.0081685
372,8966.81,0.58662,0.46258,0.93413,0.90985,0.78431,0.89773,0.59922,1.26419,1.72565,1.3421,0.00816355,0.00816355,0.00816355
373,8991.14,0.58077,0.45469,0.91895,0.88026,0.82883,0.89715,0.59515,1.30283,1.40829,1.37989,0.0081586,0.0081586,0.0081586
374,9015.44,0.57264,0.43792,0.92204,0.89306,0.81869,0.88824,0.57996,1.32719,1.6957,1.39202,0.00815365,0.00815365,0.00815365
375,9039.76,0.54652,0.42742,0.90769,0.91199,0.81863,0.88554,0.5995,1.31151,1.60946,1.3681,0.0081487,0.0081487,0.0081487
376,9064.08,0.55477,0.42029,0.90806,0.87173,0.82353,0.88519,0.59674,1.28926,1.3057,1.34494,0.00814375,0.00814375,0.00814375
377,9088.41,0.56168,0.4439,0.91412,0.88447,0.78813,0.87454,0.59107,1.28564,1.17175,1.3288,0.0081388,0.0081388,0.0081388
378,9112.73,0.55904,0.42594,0.91376,0.87521,0.80392,0.87537,0.58536,1.30622,1.27435,1.37184,0.00813385,0.00813385,0.00813385
379,9137.07,0.56075,0.43432,0.91529,0.87387,0.81509,0.88099,0.58994,1.28468,1.11224,1.35505,0.0081289,0.0081289,0.0081289
380,9161.38,0.57159,0.44706,0.93096,0.89165,0.79902,0.881,0.59026,1.27398,1.09551,1.36943,0.00812395,0.00812395,0.00812395
381,9185.73,0.55586,0.44045,0.91222,0.90985,0.79902,0.88351,0.57753,1.30782,1.38998,1.3998,0.008119,0.008119,0.008119
382,9210.08,0.5691,0.44415,0.91929,0.91437,0.80392,0.8858,0.56835,1.33166,1.38402,1.39537,0.00811405,0.00811405,0.00811405
383,9234.4,0.55576,0.42847,0.91003,0.8939,0.80392,0.88861,0.572,1.36562,1.25342,1.41997,0.0081091,0.0081091,0.0081091
384,9258.78,0.53006,0.4189,0.91346,0.86479,0.83333,0.88762,0.57938,1.32511,1.17182,1.40339,0.00810415,0.00810415,0.00810415
385,9283.12,0.54803,0.42162,0.92132,0.91053,0.79818,0.88958,0.581,1.31009,1.12196,1.3761,0.0080992,0.0080992,0.0080992
386,9307.47,0.55377,0.42934,0.9085,0.88568,0.79902,0.88912,0.5869,1.33571,1.27309,1.3808,0.00809425,0.00809425,0.00809425
387,9331.79,0.54975,0.41663,0.91376,0.87521,0.79077,0.89454,0.59598,1.30424,1.13569,1.36526,0.0080893,0.0080893,0.0080893
388,9356.2,0.54775,0.41119,0.91408,0.85074,0.83822,0.88671,0.58993,1.28704,1.1529,1.35687,0.00808435,0.00808435,0.00808435
389,9380.52,0.55324,0.41951,0.90855,0.87447,0.81956,0.88088,0.58494,1.29378,1.25247,1.37596,0.0080794,0.0080794,0.0080794
390,9404.98,0.567,0.43159,0.91995,0.88414,0.823,0.87253,0.58038,1.28325,1.29189,1.36449,0.00807445,0.00807445,0.00807445
391,9429.34,0.56969,0.43668,0.92612,0.89728,0.81353,0.87721,0.59173,1.26071,1.33521,1.34616,0.0080695,0.0080695,0.0080695
392,9453.73,0.54526,0.41815,0.91008,0.89896,0.79902,0.88637,0.6017,1.29096,1.51776,1.37952,0.00806455,0.00806455,0.00806455
393,9478.05,0.55031,0.4224,0.91221,0.85859,0.80361,0.88189,0.59998,1.28241,1.40699,1.38263,0.0080596,0.0080596,0.0080596
394,9502.45,0.57463,0.43662,0.92366,0.93853,0.74846,0.88305,0.59328,1.28573,1.25398,1.38805,0.00805465,0.00805465,0.00805465
395,9526.78,0.55531,0.42127,0.91893,0.85666,0.80392,0.8748,0.58962,1.29464,1.49134,1.38791,0.0080497,0.0080497,0.0080497
396,9551.22,0.55392,0.43942,0.91226,0.87219,0.81863,0.8784,0.60041,1.28391,1.45262,1.38521,0.00804475,0.00804475,0.00804475
397,9575.64,0.55173,0.4262,0.91228,0.89786,0.78922,0.87762,0.59763,1.2524,1.3242,1.34385,0.0080398,0.0080398,0.0080398
398,9600.03,0.55006,0.42604,0.91236,0.87985,0.82564,0.88143,0.60425,1.23611,1.36175,1.32206,0.00803485,0.00803485,0.00803485
399,9624.32,0.54729,0.43126,0.90887,0.89359,0.82332,0.88467,0.60706,1.23877,1.048,1.3116,0.0080299,0.0080299,0.0080299
400,9648.7,0.55561,0.42707,0.90699,0.91331,0.82635,0.88789,0.60804,1.24769,1.04298,1.31952,0.00802495,0.00802495,0.00802495
401,9673.07,0.55744,0.43531,0.93147,0.88219,0.84426,0.88372,0.61156,1.26213,1.0639,1.33587,0.00802,0.00802,0.00802
402,9697.44,0.53016,0.40127,0.90464,0.89001,0.78922,0.88106,0.60452,1.2555,1.26196,1.32545,0.00801505,0.00801505,0.00801505
403,9721.8,0.54849,0.42621,0.9168,0.85851,0.83283,0.88524,0.60552,1.20483,1.10822,1.26139,0.0080101,0.0080101,0.0080101
404,9746.17,0.5612,0.43369,0.91952,0.86812,0.83898,0.90384,0.61273,1.16446,0.95327,1.22792,0.00800515,0.00800515,0.00800515
405,9771.08,0.53675,0.41419,0.90164,0.90808,0.83333,0.89355,0.61044,1.1921,0.97274,1.25915,0.0080002,0.0080002,0.0080002
406,9795.35,0.53554,0.40995,0.90497,0.91243,0.82353,0.89041,0.60651,1.23314,0.97448,1.29092,0.00799525,0.00799525,0.00799525
407,9819.68,0.53439,0.41577,0.90419,0.88936,0.83333,0.89291,0.60105,1.23044,0.94073,1.30343,0.0079903,0.0079903,0.0079903
408,9843.98,0.52944,0.41138,0.90755,0.87208,0.83544,0.89241,0.60384,1.2668,0.98068,1.33101,0.00798535,0.00798535,0.00798535
409,9868.4,0.55643,0.42067,0.91807,0.91386,0.77941,0.89615,0.60477,1.32639,1.05165,1.36771,0.0079804,0.0079804,0.0079804
410,9892.75,0.55069,0.4282,0.91202,0.88594,0.81373,0.8945,0.60575,1.35376,1.17489,1.3863,0.00797545,0.00797545,0.00797545
411,9917.11,0.53645,0.42671,0.91276,0.8736,0.8131,0.89014,0.6042,1.36825,1.16806,1.40297,0.0079705,0.0079705,0.0079705
412,9941.48,0.54833,0.42763,0.91291,0.91155,0.80832,0.89433,0.60181,1.32834,1.09481,1.36046,0.00796555,0.00796555,0.00796555
413,9965.85,0.55457,0.43974,0.90851,0.90098,0.78922,0.88675,0.60286,1.28265,1.13694,1.31393,0.0079606,0.0079606,0.0079606
414,9990.19,0.54843,0.41384,0.9045,0.86682,0.81373,0.879,0.60393,1.28637,1.16085,1.33888,0.00795565,0.00795565,0.00795565
415,10014.5,0.5369,0.42145,0.90404,0.86448,0.85294,0.88401,0.60128,1.28502,1.17933,1.35098,0.0079507,0.0079507,0.0079507
416,10038.8,0.53768,0.41633,0.903,0.85227,0.84839,0.88653,0.60119,1.29218,1.24826,1.34721,0.00794575,0.00794575,0.00794575
417,10063.1,0.55261,0.41673,0.92477,0.84588,0.84314,0.88447,0.60962,1.25978,1.80427,1.31805,0.0079408,0.0079408,0.0079408
418,10087.5,0.53647,0.41076,0.91184,0.83628,0.83824,0.88445,0.60857,1.26349,1.94329,1.32841,0.00793585,0.00793585,0.00793585
419,10111.8,0.54214,0.41069,0.90317,0.82902,0.82353,0.88133,0.60388,1.2847,1.8162,1.35823,0.0079309,0.0079309,0.0079309
420,10136.1,0.55689,0.42546,0.91781,0.84884,0.82843,0.88184,0.60267,1.29349,1.82037,1.37212,0.00792595,0.00792595,0.00792595
421,10160.5,0.53374,0.40893,0.90792,0.86914,0.81373,0.88337,0.59955,1.30578,2.20035,1.3886,0.007921,0.007921,0.007921
422,10184.8,0.53462,0.41817,0.90138,0.84888,0.82843,0.88508,0.60384,1.27674,2.04517,1.35717,0.00791605,0.00791605,0.00791605
423,10209.2,0.56241,0.43464,0.9268,0.86603,0.78922,0.88418,0.59833,1.27714,1.97511,1.36043,0.0079111,0.0079111,0.0079111
424,10233.6,0.53091,0.39801,0.90593,0.88268,0.78922,0.88973,0.59917,1.29049,1.81368,1.37083,0.00790615,0.00790615,0.00790615
425,10258,0.53072,0.39366,0.90042,0.84876,0.82528,0.88712,0.59665,1.30682,1.80928,1.3797,0.0079012,0.0079012,0.0079012
426,10282.3,0.5272,0.41767,0.91367,0.85395,0.81863,0.8731,0.5914,1.30494,1.62465,1.37172,0.00789625,0.00789625,0.00789625
427,10306.6,0.52786,0.39504,0.89726,0.84074,0.82811,0.87126,0.5901,1.298,1.7031,1.35389,0.0078913,0.0078913,0.0078913
428,10330.9,0.53592,0.40906,0.89711,0.86057,0.81687,0.8747,0.59744,1.28062,1.70434,1.33053,0.00788635,0.00788635,0.00788635
429,10355.3,0.51657,0.407,0.89659,0.86104,0.82008,0.88003,0.59614,1.30732,1.47784,1.35664,0.0078814,0.0078814,0.0078814
430,10379.6,0.52815,0.4118,0.91076,0.85679,0.82118,0.87522,0.59149,1.33364,1.12822,1.39285,0.00787645,0.00787645,0.00787645
431,10403.9,0.53495,0.41802,0.90818,0.83937,0.83333,0.88208,0.59718,1.34547,1.05106,1.41772,0.0078715,0.0078715,0.0078715
432,10428.3,0.52739,0.39799,0.90207,0.85426,0.83323,0.88574,0.60117,1.33548,1.08101,1.41389,0.00786655,0.00786655,0.00786655
433,10452.7,0.52902,0.39981,0.90743,0.88695,0.80768,0.88284,0.59763,1.34986,1.15562,1.41726,0.0078616,0.0078616,0.0078616
434,10477,0.53683,0.41155,0.90434,0.894,0.79412,0.8813,0.59653,1.28216,1.06753,1.35692,0.00785665,0.00785665,0.00785665
435,10501.3,0.53075,0.4161,0.91295,0.87435,0.79412,0.87835,0.59331,1.29671,1.0666,1.37739,0.0078517,0.0078517,0.0078517
436,10525.6,0.53155,0.40438,0.90231,0.90242,0.7707,0.87693,0.58972,1.31746,1.16696,1.40695,0.00784675,0.00784675,0.00784675
437,10550,0.53765,0.40297,0.91181,0.83303,0.80706,0.87131,0.58923,1.30977,1.43711,1.40522,0.0078418,0.0078418,0.0078418
438,10574.4,0.53733,0.41268,0.90894,0.82107,0.81863,0.87571,0.59528,1.30116,1.85903,1.38027,0.00783685,0.00783685,0.00783685
439,10598.7,0.51927,0.39659,0.8995,0.82334,0.82353,0.87938,0.59758,1.29439,1.58757,1.3684,0.0078319,0.0078319,0.0078319
440,10623,0.52027,0.41751,0.89998,0.84631,0.80979,0.88217,0.60241,1.30582,1.50778,1.39251,0.00782695,0.00782695,0.00782695
441,10647.4,0.53556,0.42273,0.91042,0.90032,0.79902,0.8886,0.60659,1.34471,1.53602,1.4429,0.007822,0.007822,0.007822
442,10671.7,0.52144,0.39548,0.89324,0.89819,0.79902,0.88775,0.61141,1.3205,1.47459,1.4256,0.00781705,0.00781705,0.00781705
443,10696.1,0.5327,0.40962,0.90101,0.91821,0.78922,0.88338,0.6083,1.29933,1.46267,1.42064,0.0078121,0.0078121,0.0078121
444,10720.5,0.52964,0.4063,0.91479,0.88632,0.80882,0.87678,0.60052,1.29632,1.44821,1.43052,0.00780715,0.00780715,0.00780715
445,10744.9,0.52829,0.39494,0.90464,0.90821,0.76961,0.88296,0.59855,1.28713,1.38213,1.42922,0.0078022,0.0078022,0.0078022
446,10769.2,0.53067,0.40879,0.90299,0.86553,0.82035,0.88565,0.59631,1.29756,1.41335,1.44165,0.00779725,0.00779725,0.00779725
447,10793.5,0.54126,0.41083,0.91866,0.92254,0.79412,0.89061,0.59962,1.3076,1.40988,1.45059,0.0077923,0.0077923,0.0077923
448,10817.8,0.53285,0.40454,0.90846,0.91035,0.80882,0.88675,0.59956,1.31466,1.59959,1.45337,0.00778735,0.00778735,0.00778735
449,10842.2,0.52825,0.39769,0.91221,0.88586,0.79894,0.88061,0.59451,1.31761,1.51167,1.425,0.0077824,0.0077824,0.0077824
450,10866.6,0.54057,0.42001,0.91049,0.87489,0.80882,0.88271,0.59383,1.30696,1.35868,1.39523,0.00777745,0.00777745,0.00777745
451,10891,0.53571,0.42755,0.90608,0.86943,0.81603,0.8843,0.59871,1.28483,1.20901,1.38817,0.0077725,0.0077725,0.0077725
452,10915.4,0.52984,0.41535,0.89666,0.88669,0.81373,0.88043,0.59971,1.3009,1.14452,1.40688,0.00776755,0.00776755,0.00776755
453,10939.7,0.52648,0.40309,0.90168,0.89053,0.79902,0.88214,0.59942,1.28204,1.13041,1.39289,0.0077626,0.0077626,0.0077626
454,10964,0.52487,0.40127,0.90508,0.85915,0.80732,0.8869,0.6125,1.26682,1.2056,1.37827,0.00775765,0.00775765,0.00775765
455,10988.3,0.538,0.4188,0.91954,0.86406,0.82353,0.89477,0.61748,1.24638,1.1509,1.35922,0.0077527,0.0077527,0.0077527
456,11013.3,0.5095,0.40168,0.89263,0.88447,0.82565,0.89475,0.62628,1.23337,1.0886,1.353,0.00774775,0.00774775,0.00774775
457,11038.2,0.53388,0.39925,0.9081,0.87565,0.84804,0.89769,0.63037,1.22773,1.15933,1.32945,0.0077428,0.0077428,0.0077428
458,11063.2,0.51212,0.39034,0.88848,0.88381,0.82032,0.89567,0.62197,1.20232,1.1608,1.30561,0.00773785,0.00773785,0.00773785
459,11087.5,0.53879,0.40749,0.90955,0.88001,0.82687,0.89474,0.6206,1.16853,1.08408,1.28837,0.0077329,0.0077329,0.0077329
460,11111.8,0.52814,0.40853,0.91061,0.88009,0.8275,0.89419,0.62269,1.16033,1.04029,1.28816,0.00772795,0.00772795,0.00772795
461,11136.1,0.51467,0.39102,0.90336,0.88764,0.81325,0.89348,0.6199,1.17304,1.07311,1.28841,0.007723,0.007723,0.007723
462,11160.5,0.52472,0.40608,0.90611,0.86884,0.81179,0.8857,0.61426,1.15608,1.08258,1.26768,0.00771805,0.00771805,0.00771805
463,11184.8,0.52848,0.42083,0.91026,0.88599,0.79996,0.87815,0.60243,1.17078,1.18761,1.27112,0.0077131,0.0077131,0.0077131
464,11209.2,0.52819,0.40219,0.90682,0.88939,0.78833,0.87357,0.60385,1.1929,1.2845,1.28466,0.00770815,0.00770815,0.00770815
465,11233.4,0.50316,0.39373,0.89779,0.89213,0.79902,0.87554,0.60862,1.21197,1.31,1.30318,0.0077032,0.0077032,0.0077032
466,11257.8,0.54803,0.40853,0.90593,0.8873,0.80392,0.87544,0.60725,1.21944,1.39934,1.32829,0.00769825,0.00769825,0.00769825
467,11282.1,0.51666,0.39678,0.89704,0.88287,0.81286,0.88161,0.60248,1.23433,1.30687,1.34581,0.0076933,0.0076933,0.0076933
468,11306.5,0.50276,0.39429,0.89417,0.88266,0.81124,0.88188,0.60478,1.2178,1.26847,1.32344,0.00768835,0.00768835,0.00768835
469,11330.8,0.51886,0.41281,0.90093,0.90031,0.7969,0.88248,0.59964,1.22056,1.2145,1.34294,0.0076834,0.0076834,0.0076834
470,11355.1,0.51745,0.40801,0.90652,0.91049,0.79902,0.8826,0.59881,1.21862,1.11995,1.36327,0.00767845,0.00767845,0.00767845
471,11379.4,0.536,0.41329,0.90908,0.89223,0.80392,0.88495,0.60338,1.22592,1.23723,1.39567,0.0076735,0.0076735,0.0076735
472,11403.8,0.50682,0.38862,0.8923,0.85651,0.81929,0.88171,0.60026,1.25058,1.4582,1.40615,0.00766855,0.00766855,0.00766855
473,11428.1,0.52663,0.41022,0.90259,0.8542,0.80882,0.88468,0.60452,1.27945,1.37597,1.46341,0.0076636,0.0076636,0.0076636
474,11452.5,0.50799,0.3857,0.89662,0.87185,0.79902,0.89037,0.6037,1.30828,1.21137,1.49784,0.00765865,0.00765865,0.00765865
475,11476.8,0.52422,0.40305,0.90009,0.89112,0.80242,0.89442,0.61131,1.3006,1.11108,1.49239,0.0076537,0.0076537,0.0076537
476,11501.1,0.50089,0.38061,0.89452,0.85652,0.81936,0.8982,0.61922,1.29342,1.10197,1.47,0.00764875,0.00764875,0.00764875
477,11525.4,0.52221,0.40431,0.89884,0.90587,0.80195,0.90525,0.62383,1.30054,1.12357,1.44708,0.0076438,0.0076438,0.0076438
478,11549.7,0.51507,0.39313,0.89642,0.91089,0.80392,0.90397,0.62399,1.29864,1.14422,1.44466,0.00763885,0.00763885,0.00763885
479,11574,0.53406,0.40818,0.91474,0.91218,0.78922,0.89488,0.61867,1.29449,1.22841,1.42457,0.0076339,0.0076339,0.0076339
480,11598.3,0.53358,0.41619,0.90716,0.90448,0.78912,0.8911,0.61563,1.28882,1.2246,1.41798,0.00762895,0.00762895,0.00762895
481,11622.7,0.51001,0.40474,0.90582,0.89292,0.80392,0.88592,0.61195,1.27163,1.15755,1.40749,0.007624,0.007624,0.007624
482,11647,0.51234,0.39395,0.89524,0.88497,0.79194,0.88661,0.62029,1.25437,1.14848,1.38823,0.00761905,0.00761905,0.00761905
483,11671.3,0.49282,0.3941,0.88672,0.88303,0.77713,0.88463,0.61819,1.24462,1.20146,1.3641,0.0076141,0.0076141,0.0076141
484,11695.6,0.5112,0.40502,0.89259,0.84735,0.8163,0.89385,0.61865,1.25084,1.2765,1.36475,0.00760915,0.00760915,0.00760915
485,11719.9,0.5038,0.37816,0.90408,0.85177,0.81687,0.89139,0.62086,1.26669,1.39533,1.38524,0.0076042,0.0076042,0.0076042
486,11744.2,0.52219,0.40085,0.90095,0.85851,0.82353,0.8915,0.62065,1.28304,1.48348,1.40602,0.00759925,0.00759925,0.00759925
487,11768.5,0.49893,0.39243,0.89369,0.88633,0.80269,0.89142,0.61966,1.30442,1.51213,1.42384,0.0075943,0.0075943,0.0075943
488,11792.8,0.5263,0.39715,0.90931,0.8655,0.81863,0.89521,0.62507,1.30831,1.32676,1.42476,0.00758935,0.00758935,0.00758935
489,11817.1,0.49791,0.37911,0.89188,0.85968,0.82353,0.89418,0.62251,1.31695,1.30285,1.4369,0.0075844,0.0075844,0.0075844
490,11841.5,0.49596,0.3857,0.89465,0.87237,0.81863,0.89762,0.62724,1.34809,1.29245,1.48385,0.00757945,0.00757945,0.00757945
491,11865.8,0.51599,0.41057,0.89906,0.87228,0.80351,0.88711,0.62217,1.35163,1.31083,1.50078,0.0075745,0.0075745,0.0075745
492,11890.1,0.50813,0.39935,0.89341,0.87683,0.8026,0.88897,0.62395,1.34621,1.36067,1.50063,0.00756955,0.00756955,0.00756955
493,11914.3,0.50096,0.39791,0.89389,0.88554,0.78431,0.88905,0.62068,1.32838,1.4786,1.47919,0.0075646,0.0075646,0.0075646
494,11938.7,0.51529,0.38789,0.90018,0.8627,0.80079,0.89025,0.62043,1.30607,1.45119,1.437,0.00755965,0.00755965,0.00755965
495,11962.9,0.49476,0.38079,0.88749,0.90376,0.7598,0.88745,0.61985,1.29434,1.37282,1.40326,0.0075547,0.0075547,0.0075547
496,11987.3,0.50998,0.38118,0.89752,0.90804,0.7598,0.88427,0.62332,1.29772,1.53535,1.38163,0.00754975,0.00754975,0.00754975
497,12011.6,0.51071,0.38694,0.89564,0.90654,0.7549,0.89069,0.62267,1.29894,1.6111,1.39677,0.0075448,0.0075448,0.0075448
498,12036,0.50526,0.38385,0.89794,0.86243,0.80392,0.89216,0.62464,1.30172,1.45481,1.41032,0.00753985,0.00753985,0.00753985
499,12060.3,0.52092,0.41944,0.90802,0.90966,0.75,0.88587,0.62115,1.3174,1.30343,1.42343,0.0075349,0.0075349,0.0075349
500,12084.6,0.49692,0.38343,0.89635,0.85771,0.79778,0.8823,0.61873,1.34485,1.30609,1.42476,0.00752995,0.00752995,0.00752995
501,12108.9,0.50249,0.36926,0.89354,0.85585,0.78581,0.88084,0.61143,1.29957,1.28233,1.40493,0.007525,0.007525,0.007525
502,12133.2,0.50678,0.37158,0.89497,0.88334,0.78431,0.88432,0.61465,1.29981,1.32652,1.40258,0.00752005,0.00752005,0.00752005
503,12157.5,0.49086,0.36188,0.88888,0.85298,0.79632,0.88558,0.61945,1.32031,1.34914,1.41109,0.0075151,0.0075151,0.0075151
504,12181.9,0.49966,0.38204,0.8906,0.83437,0.81373,0.8866,0.61871,1.31907,1.3796,1.44921,0.00751015,0.00751015,0.00751015
505,12206.2,0.52105,0.39211,0.91364,0.84946,0.80215,0.88155,0.61545,1.3245,1.59955,1.46339,0.0075052,0.0075052,0.0075052
506,12230.6,0.5178,0.40605,0.90518,0.85673,0.79148,0.88045,0.61346,1.31365,1.86836,1.44968,0.00750025,0.00750025,0.00750025
507,12254.8,0.50791,0.3897,0.90018,0.86185,0.7951,0.88314,0.61503,1.29782,2.02068,1.43206,0.0074953,0.0074953,0.0074953
508,12279.2,0.507,0.39144,0.90118,0.8736,0.78431,0.87885,0.60695,1.31733,1.85745,1.45698,0.00749035,0.00749035,0.00749035
509,12303.5,0.50348,0.37953,0.89789,0.85039,0.78431,0.87614,0.60019,1.31388,1.58006,1.44614,0.0074854,0.0074854,0.0074854
510,12328,0.51524,0.39505,0.9,0.89172,0.767,0.88233,0.60505,1.28726,1.37,1.4217,0.00748045,0.00748045,0.00748045
511,12352.3,0.51628,0.3901,0.90029,0.90409,0.76961,0.88242,0.60391,1.2727,1.29514,1.40994,0.0074755,0.0074755,0.0074755
512,12376.6,0.51611,0.39509,0.90973,0.9015,0.7451,0.87547,0.6003,1.26864,1.43549,1.40984,0.00747055,0.00747055,0.00747055
513,12401,0.50406,0.38125,0.89816,0.90994,0.7429,0.87049,0.59788,1.26944,1.52234,1.38988,0.0074656,0.0074656,0.0074656
514,12425.3,0.49356,0.37505,0.89085,0.89379,0.74253,0.86659,0.59829,1.26812,1.47776,1.37018,0.00746065,0.00746065,0.00746065
515,12449.6,0.48157,0.37644,0.89236,0.89097,0.7451,0.86457,0.59597,1.26106,1.40122,1.35164,0.0074557,0.0074557,0.0074557
516,12473.9,0.49747,0.38901,0.89517,0.89454,0.74846,0.8632,0.59322,1.26843,1.35719,1.36044,0.00745075,0.00745075,0.00745075
517,12498.2,0.49334,0.37083,0.88665,0.90989,0.74246,0.86679,0.59271,1.27951,1.33319,1.37687,0.0074458,0.0074458,0.0074458
518,12522.5,0.4988,0.39444,0.89445,0.92764,0.73039,0.86492,0.59274,1.27974,1.26024,1.3938,0.00744085,0.00744085,0.00744085
519,12546.8,0.52826,0.40235,0.90941,0.91088,0.7549,0.87544,0.60722,1.27566,1.21586,1.38685,0.0074359,0.0074359,0.0074359
520,12571.2,0.49937,0.38938,0.89419,0.89706,0.76471,0.87757,0.60938,1.28175,1.19714,1.38747,0.00743095,0.00743095,0.00743095
521,12595.5,0.4988,0.38172,0.89458,0.89635,0.76305,0.88115,0.60988,1.27861,1.20789,1.39107,0.007426,0.007426,0.007426
522,12619.9,0.50095,0.38888,0.89357,0.898,0.77451,0.88458,0.6132,1.27769,1.22224,1.39349,0.00742105,0.00742105,0.00742105
523,12644.2,0.49512,0.3853,0.89085,0.94129,0.7598,0.88588,0.61568,1.27594,1.14044,1.39763,0.0074161,0.0074161,0.0074161
524,12668.5,0.47671,0.36638,0.88493,0.93404,0.76356,0.88463,0.61205,1.28086,1.12194,1.39152,0.00741115,0.00741115,0.00741115
525,12692.9,0.50468,0.38469,0.89781,0.90985,0.77451,0.88725,0.60965,1.27525,1.04122,1.3853,0.0074062,0.0074062,0.0074062
526,12717.2,0.49092,0.36945,0.89191,0.88934,0.78791,0.88525,0.60935,1.2678,1.03693,1.37323,0.00740125,0.00740125,0.00740125
527,12741.5,0.51142,0.39778,0.90852,0.94957,0.73845,0.88068,0.60766,1.28676,1.05895,1.39433,0.0073963,0.0073963,0.0073963
528,12765.9,0.50775,0.4082,0.90757,0.88558,0.78431,0.88064,0.60383,1.29955,1.05472,1.39233,0.00739135,0.00739135,0.00739135
529,12790.2,0.50845,0.39351,0.90683,0.88497,0.79902,0.88058,0.60923,1.30543,1.03763,1.40578,0.0073864,0.0073864,0.0073864
530,12814.5,0.49958,0.39578,0.90057,0.88385,0.78331,0.88282,0.61105,1.29613,1.00892,1.40472,0.00738145,0.00738145,0.00738145
531,12838.9,0.47289,0.3629,0.87899,0.88138,0.77941,0.88183,0.60877,1.29351,1.02501,1.39885,0.0073765,0.0073765,0.0073765
532,12863.2,0.48131,0.3903,0.88638,0.86426,0.78027,0.88349,0.61206,1.29979,1.0473,1.40423,0.00737155,0.00737155,0.00737155
533,12887.5,0.49332,0.37758,0.89059,0.87101,0.79445,0.88222,0.60749,1.31556,1.03712,1.42186,0.0073666,0.0073666,0.0073666
534,12911.8,0.48349,0.3794,0.88179,0.87917,0.79902,0.88167,0.60242,1.31666,1.06009,1.42517,0.00736165,0.00736165,0.00736165
535,12936.1,0.49397,0.38608,0.89854,0.89448,0.78951,0.87991,0.60085,1.33491,1.11252,1.43693,0.0073567,0.0073567,0.0073567
536,12960.4,0.50208,0.38874,0.8922,0.89405,0.78431,0.87451,0.59534,1.3563,1.17316,1.43945,0.00735175,0.00735175,0.00735175
537,12984.8,0.50194,0.38766,0.89771,0.8934,0.78061,0.87688,0.59813,1.36688,1.19337,1.44768,0.0073468,0.0073468,0.0073468
538,13009.1,0.50565,0.39892,0.9042,0.88841,0.7805,0.87838,0.59743,1.35908,1.22286,1.44894,0.00734185,0.00734185,0.00734185
539,13033.4,0.49107,0.37596,0.89209,0.88833,0.77991,0.88146,0.5985,1.3577,1.23487,1.4564,0.0073369,0.0073369,0.0073369
540,13057.7,0.49756,0.401,0.89979,0.88498,0.79209,0.88478,0.60047,1.34056,1.20947,1.45755,0.00733195,0.00733195,0.00733195
541,13082,0.50357,0.38472,0.90431,0.87693,0.78922,0.88278,0.59992,1.33427,1.23876,1.44823,0.007327,0.007327,0.007327
542,13106.3,0.49023,0.39419,0.8904,0.87579,0.79498,0.87918,0.60151,1.32686,1.21194,1.44002,0.00732205,0.00732205,0.00732205
543,13130.6,0.49578,0.37451,0.90158,0.88461,0.78916,0.88015,0.60247,1.31377,1.19402,1.42178,0.0073171,0.0073171,0.0073171
544,13155,0.49893,0.37138,0.8951,0.88543,0.79554,0.88492,0.60785,1.2995,1.21151,1.41028,0.00731215,0.00731215,0.00731215
545,13179.3,0.47613,0.36632,0.88984,0.87639,0.79902,0.88253,0.6027,1.30098,1.27507,1.41974,0.0073072,0.0073072,0.0073072
546,13203.7,0.50655,0.38935,0.89376,0.887,0.79412,0.8754,0.59912,1.31392,1.38493,1.42997,0.00730225,0.00730225,0.00730225
547,13228,0.51188,0.38987,0.90514,0.89476,0.79412,0.87113,0.59303,1.31107,1.31641,1.43103,0.0072973,0.0072973,0.0072973
548,13252.3,0.48615,0.3689,0.89878,0.89412,0.78655,0.87907,0.60007,1.3121,1.34153,1.42948,0.00729235,0.00729235,0.00729235
549,13276.6,0.48513,0.38643,0.89469,0.88492,0.79159,0.87639,0.60325,1.30734,1.3942,1.41746,0.0072874,0.0072874,0.0072874
550,13300.9,0.49891,0.38044,0.91498,0.86743,0.78922,0.8745,0.60563,1.31142,1.32715,1.41594,0.00728245,0.00728245,0.00728245
551,13325.3,0.49719,0.38692,0.90211,0.87084,0.79322,0.87533,0.60632,1.32287,1.3165,1.42391,0.0072775,0.0072775,0.0072775
552,13349.5,0.48709,0.37424,0.89325,0.8692,0.78183,0.87661,0.60672,1.32447,1.28906,1.42291,0.00727255,0.00727255,0.00727255
553,13373.8,0.50228,0.40226,0.90563,0.86563,0.7895,0.8774,0.6078,1.31897,1.26736,1.41778,0.0072676,0.0072676,0.0072676
554,13398.1,0.49212,0.3659,0.88749,0.88127,0.78431,0.87602,0.60468,1.32232,1.27079,1.42177,0.00726265,0.00726265,0.00726265
555,13422.4,0.4693,0.35325,0.88415,0.8837,0.7822,0.87787,0.60472,1.3254,1.26433,1.41729,0.0072577,0.0072577,0.0072577
556,13446.8,0.48079,0.35909,0.88986,0.87815,0.77451,0.88004,0.60926,1.30467,1.29613,1.38505,0.00725275,0.00725275,0.00725275
557,13471.1,0.47944,0.37497,0.89056,0.89343,0.78082,0.88455,0.61223,1.27346,1.21618,1.38052,0.0072478,0.0072478,0.0072478
558,13495.4,0.49434,0.38306,0.89364,0.89387,0.78445,0.88405,0.61248,1.28147,1.2038,1.40244,0.00724285,0.00724285,0.00724285
559,13519.7,0.47867,0.37177,0.88528,0.87466,0.80392,0.88457,0.61061,1.29037,1.23358,1.40782,0.0072379,0.0072379,0.0072379
560,13544.1,0.48356,0.36646,0.88869,0.86547,0.79902,0.88345,0.61392,1.28958,1.27104,1.41042,0.00723295,0.00723295,0.00723295
561,13568.5,0.47943,0.36726,0.88618,0.92958,0.7549,0.88254,0.61482,1.29451,1.27069,1.42121,0.007228,0.007228,0.007228
562,13592.8,0.49137,0.3761,0.89591,0.92189,0.75215,0.88293,0.61513,1.28672,1.26135,1.42732,0.00722305,0.00722305,0.00722305
563,13617.5,0.48288,0.36544,0.88861,0.92993,0.75,0.88194,0.61578,1.27622,1.20833,1.42082,0.0072181,0.0072181,0.0072181
564,13641.3,0.474,0.35988,0.88596,0.88846,0.78095,0.88214,0.61695,1.27634,1.19548,1.41566,0.00721315,0.00721315,0.00721315
565,13665.6,0.48487,0.37934,0.89002,0.9125,0.76682,0.87631,0.61702,1.27384,1.18812,1.40762,0.0072082,0.0072082,0.0072082
566,13689.4,0.4754,0.36887,0.88612,0.88952,0.78939,0.87944,0.62141,1.26737,1.16945,1.40705,0.00720325,0.00720325,0.00720325
567,13713.2,0.47018,0.36006,0.89013,0.88353,0.78089,0.87636,0.62062,1.27623,1.1632,1.42166,0.0071983,0.0071983,0.0071983
568,13737,0.46915,0.36016,0.87651,0.87652,0.77941,0.87345,0.62175,1.26649,1.15953,1.41779,0.00719335,0.00719335,0.00719335
569,13760.9,0.48258,0.35895,0.89133,0.88325,0.77941,0.87152,0.62157,1.26973,1.17096,1.42762,0.0071884,0.0071884,0.0071884
570,13784.7,0.50079,0.37275,0.90015,0.88358,0.77941,0.87457,0.61783,1.28318,1.14308,1.44439,0.00718345,0.00718345,0.00718345
571,13808.5,0.49506,0.38039,0.89562,0.90141,0.78431,0.87527,0.61686,1.28698,1.14927,1.44725,0.0071785,0.0071785,0.0071785
572,13832.4,0.48998,0.37783,0.89794,0.90322,0.78922,0.87366,0.61464,1.29345,1.14412,1.45479,0.00717355,0.00717355,0.00717355
573,13856.4,0.49027,0.3661,0.89578,0.89891,0.78463,0.8715,0.61155,1.3064,1.10831,1.46793,0.0071686,0.0071686,0.0071686
574,13880.2,0.5027,0.39453,0.89913,0.89583,0.78431,0.87256,0.61749,1.30707,1.12405,1.46079,0.00716365,0.00716365,0.00716365
575,13904,0.46269,0.36279,0.88619,0.892,0.79412,0.87197,0.61824,1.30475,1.08867,1.45299,0.0071587,0.0071587,0.0071587
576,13927.9,0.47028,0.36809,0.88543,0.89333,0.78922,0.87698,0.61645,1.31355,1.08253,1.44884,0.00715375,0.00715375,0.00715375
577,13951.7,0.48397,0.36931,0.89699,0.8804,0.78922,0.87549,0.61363,1.3167,1.12256,1.45123,0.0071488,0.0071488,0.0071488
578,13975.6,0.48443,0.37449,0.88596,0.88512,0.79311,0.87769,0.6118,1.33163,1.12334,1.47904,0.00714385,0.00714385,0.00714385
579,13999.4,0.48047,0.3707,0.88473,0.87944,0.78668,0.87608,0.61128,1.33507,1.09929,1.49171,0.0071389,0.0071389,0.0071389
580,14023.3,0.48573,0.35126,0.88846,0.87961,0.78922,0.87621,0.61183,1.32435,1.12011,1.4911,0.00713395,0.00713395,0.00713395
581,14047.1,0.47076,0.34118,0.8825,0.88421,0.78609,0.87584,0.61152,1.31427,1.13884,1.49128,0.007129,0.007129,0.007129
582,14070.9,0.47464,0.35369,0.89262,0.88823,0.77914,0.87689,0.61675,1.31097,1.13009,1.49734,0.00712405,0.00712405,0.00712405
583,14094.8,0.47246,0.35291,0.88389,0.89343,0.78084,0.87629,0.61945,1.31614,1.13374,1.50835,0.0071191,0.0071191,0.0071191
584,14118.6,0.47516,0.36038,0.8833,0.89296,0.77701,0.87575,0.61981,1.31206,1.12888,1.50364,0.00711415,0.00711415,0.00711415
585,14142.5,0.47801,0.35923,0.88942,0.89258,0.77387,0.88187,0.61917,1.30859,1.12645,1.49568,0.0071092,0.0071092,0.0071092
586,14166.3,0.4895,0.39,0.89437,0.88902,0.7854,0.87988,0.61999,1.30777,1.14243,1.48735,0.00710425,0.00710425,0.00710425
587,14190.1,0.48668,0.36787,0.89025,0.88363,0.78168,0.87765,0.62268,1.30814,1.16794,1.48297,0.0070993,0.0070993,0.0070993
588,14213.9,0.47907,0.35479,0.88536,0.88325,0.77876,0.87924,0.62459,1.30493,1.20193,1.46845,0.00709435,0.00709435,0.00709435
589,14237.8,0.4788,0.37247,0.89616,0.87271,0.77299,0.87807,0.62579,1.29259,1.18862,1.45536,0.0070894,0.0070894,0.0070894
590,14261.6,0.47672,0.3573,0.88532,0.88551,0.76961,0.87619,0.62297,1.28467,1.22722,1.44527,0.00708445,0.00708445,0.00708445
591,14285.5,0.4845,0.35912,0.88558,0.88709,0.76961,0.87709,0.62266,1.26817,1.25367,1.42571,0.0070795,0.0070795,0.0070795
592,14309.4,0.47123,0.34655,0.88743,0.88001,0.76471,0.87474,0.62158,1.26879,1.21975,1.4373,0.00707455,0.00707455,0.00707455
593,14333.2,0.49462,0.36953,0.89264,0.89118,0.76471,0.87342,0.62304,1.27233,1.23526,1.43808,0.0070696,0.0070696,0.0070696
594,14357.1,0.46706,0.361,0.88273,0.88683,0.76471,0.87194,0.62183,1.26781,1.24939,1.42957,0.00706465,0.00706465,0.00706465
595,14380.9,0.47887,0.36778,0.89595,0.8845,0.76471,0.86993,0.62065,1.26984,1.28853,1.4281,0.0070597,0.0070597,0.0070597
596,14404.8,0.46798,0.35624,0.8799,0.88202,0.7598,0.87241,0.62246,1.27362,1.31679,1.4204,0.00705475,0.00705475,0.00705475
597,14428.6,0.47351,0.37799,0.89035,0.87234,0.7704,0.87075,0.62336,1.27564,1.30277,1.41965,0.0070498,0.0070498,0.0070498
598,14452.5,0.46721,0.36623,0.884,0.87774,0.77451,0.87192,0.62377,1.2729,1.27039,1.4185,0.00704485,0.00704485,0.00704485
599,14476.3,0.48381,0.35817,0.89193,0.87672,0.76961,0.87324,0.62418,1.27237,1.26194,1.40791,0.0070399,0.0070399,0.0070399
600,14500.2,0.48202,0.37981,0.88989,0.88552,0.75835,0.875,0.62588,1.27351,1.30056,1.39835,0.00703495,0.00703495,0.00703495
601,14524,0.47321,0.35669,0.88703,0.89299,0.77724,0.87356,0.62389,1.2773,1.29737,1.40077,0.00703,0.00703,0.00703
602,14548,0.47809,0.3821,0.88986,0.89115,0.77941,0.87295,0.62446,1.2765,1.2929,1.40145,0.00702505,0.00702505,0.00702505
603,14571.8,0.46533,0.37357,0.88086,0.87417,0.77451,0.87941,0.63037,1.2806,1.29623,1.40479,0.0070201,0.0070201,0.0070201
604,14595.6,0.45029,0.34974,0.87834,0.87064,0.77451,0.8805,0.62741,1.2771,1.31615,1.40161,0.00701515,0.00701515,0.00701515
605,14619.5,0.46624,0.35339,0.88455,0.87344,0.77812,0.88847,0.63268,1.28143,1.35469,1.40375,0.0070102,0.0070102,0.0070102
606,14644.1,0.45823,0.35461,0.88215,0.86827,0.77543,0.8868,0.6304,1.27113,1.33564,1.39875,0.00700525,0.00700525,0.00700525
607,14667.9,0.48237,0.36633,0.89576,0.86383,0.76961,0.88438,0.62989,1.2714,1.31273,1.40389,0.0070003,0.0070003,0.0070003
608,14691.8,0.48075,0.37587,0.88449,0.8676,0.7709,0.881,0.62774,1.27561,1.29794,1.41052,0.00699535,0.00699535,0.00699535
609,14715.6,0.47468,0.36892,0.88984,0.87781,0.78431,0.87866,0.62781,1.29011,1.28583,1.42271,0.0069904,0.0069904,0.0069904
610,14739.5,0.46074,0.36935,0.88473,0.8858,0.77941,0.87918,0.62716,1.28967,1.28246,1.42464,0.00698545,0.00698545,0.00698545
611,14762.8,0.46593,0.35926,0.88221,0.88585,0.78431,0.88109,0.6255,1.29529,1.27317,1.43295,0.0069805,0.0069805,0.0069805
612,14786.1,0.47549,0.36619,0.88284,0.89479,0.79412,0.883,0.62668,1.30699,1.27714,1.44726,0.00697555,0.00697555,0.00697555
613,14809.4,0.47168,0.36372,0.88818,0.89436,0.78851,0.88376,0.62574,1.31087,1.29305,1.45096,0.0069706,0.0069706,0.0069706
614,14832.7,0.44782,0.34776,0.87687,0.89333,0.78431,0.88361,0.6268,1.31966,1.30296,1.45891,0.00696565,0.00696565,0.00696565
615,14856,0.4643,0.35412,0.87963,0.89348,0.78126,0.88289,0.6271,1.31426,1.2999,1.45444,0.0069607,0.0069607,0.0069607
616,14879.3,0.47258,0.37618,0.90276,0.89508,0.77941,0.88289,0.62502,1.30836,1.36338,1.4462,0.00695575,0.00695575,0.00695575
617,14902.7,0.47709,0.36936,0.89543,0.90193,0.78431,0.88178,0.62468,1.30004,1.42964,1.43787,0.0069508,0.0069508,0.0069508
618,14926,0.46509,0.36925,0.87856,0.90576,0.78431,0.8814,0.624,1.29929,1.4611,1.44122,0.00694585,0.00694585,0.00694585
619,14949.3,0.48846,0.37694,0.89105,0.91509,0.79249,0.88514,0.62916,1.28827,1.51139,1.4381,0.0069409,0.0069409,0.0069409
620,14972.7,0.45581,0.35698,0.87131,0.91502,0.79902,0.88788,0.62862,1.28465,1.42222,1.437,0.00693595,0.00693595,0.00693595
621,14996,0.47602,0.37271,0.89127,0.91431,0.79902,0.8913,0.62914,1.28429,1.39685,1.43588,0.006931,0.006931,0.006931
622,15019.3,0.47123,0.36362,0.88672,0.9146,0.78748,0.89162,0.63318,1.2822,1.35891,1.43089,0.00692605,0.00692605,0.00692605
623,15043.4,0.46242,0.36329,0.89408,0.91827,0.78922,0.89109,0.62969,1.28474,1.37255,1.42725,0.0069211,0.0069211,0.0069211
624,15066.6,0.46825,0.34877,0.87792,0.91798,0.78922,0.89257,0.63169,1.28241,1.37508,1.43076,0.00691615,0.00691615,0.00691615
625,15090,0.47988,0.37615,0.89073,0.92035,0.79299,0.89233,0.62894,1.28353,1.3839,1.43305,0.0069112,0.0069112,0.0069112
626,15113.3,0.46082,0.34601,0.89077,0.91,0.79305,0.88936,0.62747,1.28389,1.35894,1.43083,0.00690625,0.00690625,0.00690625
627,15136.6,0.48281,0.36902,0.89355,0.91006,0.78922,0.8896,0.62551,1.2916,1.38687,1.43159,0.0069013,0.0069013,0.0069013
628,15159.9,0.48594,0.35992,0.89427,0.91215,0.79412,0.88896,0.62576,1.29334,1.41014,1.43219,0.00689635,0.00689635,0.00689635
629,15183.2,0.48396,0.36779,0.89765,0.90956,0.79412,0.88531,0.62417,1.29536,1.43198,1.42977,0.0068914,0.0068914,0.0068914
630,15206.6,0.4823,0.35977,0.89422,0.9075,0.79412,0.88425,0.62326,1.29248,1.49287,1.42657,0.00688645,0.00688645,0.00688645
631,15229.9,0.47827,0.36265,0.88438,0.90921,0.78922,0.88507,0.62608,1.29531,1.51665,1.42746,0.0068815,0.0068815,0.0068815
632,15253.2,0.44914,0.34122,0.87622,0.90152,0.78922,0.87953,0.62174,1.30366,1.51424,1.43966,0.00687655,0.00687655,0.00687655
633,15276.5,0.45705,0.35051,0.8753,0.89683,0.78922,0.87987,0.62438,1.29477,1.54292,1.43632,0.0068716,0.0068716,0.0068716
634,15299.8,0.45088,0.35261,0.88132,0.90152,0.78922,0.88061,0.62481,1.29621,1.54474,1.44029,0.00686665,0.00686665,0.00686665
635,15323.2,0.44659,0.3394,0.88194,0.90475,0.7916,0.88144,0.62571,1.29762,1.44236,1.44621,0.0068617,0.0068617,0.0068617
636,15346.5,0.46123,0.36043,0.8877,0.90646,0.78922,0.88182,0.62523,1.30295,1.48248,1.45092,0.00685675,0.00685675,0.00685675
637,15369.8,0.45809,0.35713,0.87501,0.9039,0.78384,0.88164,0.62754,1.30932,1.55749,1.46566,0.0068518,0.0068518,0.0068518
638,15393.1,0.46603,0.35014,0.88312,0.8936,0.78431,0.88363,0.62514,1.31156,1.58317,1.47617,0.00684685,0.00684685,0.00684685
639,15416.4,0.46667,0.3603,0.8852,0.88376,0.78265,0.88479,0.62486,1.3091,1.64508,1.47485,0.0068419,0.0068419,0.0068419
640,15439.7,0.45928,0.34696,0.88576,0.88336,0.77961,0.88378,0.62558,1.32256,1.70889,1.4883,0.00683695,0.00683695,0.00683695
641,15463,0.46108,0.34441,0.88424,0.88354,0.781,0.88243,0.62407,1.3227,1.7513,1.49298,0.006832,0.006832,0.006832
642,15486.3,0.47081,0.36412,0.88778,0.88845,0.78081,0.88195,0.62289,1.3268,1.73432,1.50467,0.00682705,0.00682705,0.00682705
643,15509.6,0.45448,0.34316,0.88364,0.89325,0.77933,0.87936,0.618,1.32326,1.69755,1.50767,0.0068221,0.0068221,0.0068221
644,15532.9,0.46815,0.35973,0.8902,0.89149,0.77451,0.87831,0.61949,1.32778,1.69471,1.51972,0.00681715,0.00681715,0.00681715
645,15556.3,0.466,0.35341,0.88349,0.89596,0.76961,0.8787,0.61926,1.32845,1.61269,1.5206,0.0068122,0.0068122,0.0068122
646,15579.6,0.44737,0.34294,0.88116,0.89161,0.76613,0.87864,0.61844,1.34007,1.55455,1.52291,0.00680725,0.00680725,0.00680725
647,15602.9,0.44638,0.34586,0.87576,0.89434,0.76471,0.87673,0.61694,1.34733,1.55598,1.51774,0.0068023,0.0068023,0.0068023
648,15626.3,0.45156,0.34609,0.87545,0.89802,0.76471,0.87795,0.6203,1.35187,1.54382,1.50315,0.00679735,0.00679735,0.00679735
649,15649.6,0.45579,0.34995,0.87988,0.89729,0.7598,0.8784,0.62327,1.35185,1.52285,1.49197,0.0067924,0.0067924,0.0067924
650,15672.9,0.4642,0.36759,0.88879,0.90149,0.76261,0.87591,0.62226,1.34829,1.48531,1.49015,0.00678745,0.00678745,0.00678745
651,15696.3,0.45385,0.34683,0.88199,0.90172,0.76456,0.87567,0.62268,1.34699,1.49822,1.48689,0.0067825,0.0067825,0.0067825
652,15719.6,0.46359,0.35782,0.88207,0.9014,0.7598,0.87501,0.62405,1.35038,1.49024,1.49626,0.00677755,0.00677755,0.00677755
653,15742.9,0.4694,0.35501,0.88148,0.90075,0.75,0.87646,0.62635,1.34754,1.48307,1.49818,0.0067726,0.0067726,0.0067726
654,15766.2,0.44499,0.33864,0.87185,0.90257,0.7598,0.87857,0.62685,1.34808,1.45369,1.50524,0.00676765,0.00676765,0.00676765
655,15789.6,0.44497,0.33093,0.86887,0.89849,0.7598,0.87426,0.62607,1.35041,1.42475,1.51354,0.0067627,0.0067627,0.0067627
656,15813,0.45798,0.35113,0.88297,0.90208,0.76961,0.87561,0.62665,1.35543,1.39983,1.52148,0.00675775,0.00675775,0.00675775
657,15836.3,0.46813,0.34583,0.88503,0.90265,0.77451,0.87498,0.62596,1.36144,1.41745,1.52277,0.0067528,0.0067528,0.0067528
658,15859.6,0.46292,0.35464,0.8773,0.89751,0.77273,0.86999,0.62111,1.37037,1.43147,1.52274,0.00674785,0.00674785,0.00674785
659,15882.9,0.46248,0.35045,0.87463,0.94366,0.739,0.86586,0.61908,1.37845,1.41132,1.53016,0.0067429,0.0067429,0.0067429
660,15906.2,0.45855,0.35743,0.88355,0.93799,0.74145,0.865,0.61843,1.38682,1.36692,1.541,0.00673795,0.00673795,0.00673795
661,15929.7,0.45123,0.34334,0.87376,0.93801,0.74173,0.86491,0.61982,1.39511,1.35393,1.54484,0.006733,0.006733,0.006733
662,15953,0.46149,0.35612,0.88951,0.93716,0.7451,0.86517,0.61804,1.40379,1.33317,1.55136,0.00672805,0.00672805,0.00672805
663,15976.3,0.4692,0.36582,0.89539,0.91721,0.7598,0.86821,0.62257,1.41309,1.32031,1.56247,0.0067231,0.0067231,0.0067231
664,15999.6,0.46041,0.33867,0.88308,0.9333,0.75445,0.86982,0.62371,1.41329,1.30933,1.56776,0.00671815,0.00671815,0.00671815
665,16022.9,0.4561,0.35567,0.88226,0.92795,0.75764,0.86998,0.62305,1.41318,1.29399,1.57048,0.0067132,0.0067132,0.0067132
666,16046.3,0.4689,0.35836,0.88642,0.9279,0.75707,0.8649,0.62214,1.40715,1.28344,1.56922,0.00670825,0.00670825,0.00670825
667,16069.5,0.46388,0.3633,0.88299,0.9278,0.7549,0.86747,0.62432,1.39699,1.28618,1.56361,0.0067033,0.0067033,0.0067033
668,16092.8,0.4347,0.32606,0.86347,0.92906,0.7549,0.8727,0.62902,1.39115,1.27624,1.55372,0.00669835,0.00669835,0.00669835
669,16116.2,0.45121,0.34244,0.87321,0.93564,0.7549,0.87368,0.62776,1.38943,1.27073,1.55473,0.0066934,0.0066934,0.0066934
670,16139.5,0.44222,0.34256,0.87426,0.91702,0.76961,0.87196,0.62545,1.38912,1.25649,1.55854,0.00668845,0.00668845,0.00668845
671,16162.8,0.45455,0.34287,0.88202,0.91882,0.77674,0.87631,0.62744,1.38763,1.24886,1.56141,0.0066835,0.0066835,0.0066835
672,16186.1,0.43586,0.33347,0.87113,0.91652,0.77451,0.87937,0.62675,1.38064,1.23304,1.55868,0.00667855,0.00667855,0.00667855
673,16209.4,0.45491,0.34758,0.8823,0.91338,0.77537,0.87758,0.62492,1.38099,1.23083,1.56055,0.0066736,0.0066736,0.0066736
674,16232.7,0.46057,0.34391,0.87928,0.91802,0.77941,0.88042,0.62621,1.3734,1.24008,1.55467,0.00666865,0.00666865,0.00666865
675,16256.1,0.44738,0.33842,0.87811,0.91278,0.78431,0.87987,0.62623,1.3676,1.22118,1.54747,0.0066637,0.0066637,0.0066637
676,16279.4,0.45161,0.33748,0.88211,0.91122,0.77941,0.88277,0.62831,1.36603,1.20241,1.54465,0.00665875,0.00665875,0.00665875
677,16302.7,0.45921,0.35196,0.89146,0.9055,0.77451,0.88352,0.63007,1.36682,1.18325,1.54643,0.0066538,0.0066538,0.0066538
678,16326,0.45085,0.34328,0.87807,0.90479,0.77451,0.88423,0.63022,1.3613,1.16285,1.53999,0.00664885,0.00664885,0.00664885
679,16349.3,0.44185,0.32036,0.86461,0.90468,0.77451,0.88944,0.63126,1.35722,1.1612,1.5371,0.0066439,0.0066439,0.0066439
680,16372.6,0.45828,0.34103,0.88176,0.90232,0.7698,0.88777,0.63013,1.35386,1.16369,1.53042,0.00663895,0.00663895,0.00663895
681,16395.9,0.45327,0.34513,0.87771,0.91225,0.76444,0.88221,0.62715,1.34449,1.1334,1.51457,0.006634,0.006634,0.006634
682,16419.2,0.44516,0.33484,0.87413,0.91207,0.76268,0.88127,0.62837,1.34151,1.13196,1.51126,0.00662905,0.00662905,0.00662905
683,16442.5,0.44846,0.34784,0.88125,0.9122,0.76398,0.88133,0.62902,1.34265,1.12399,1.51,0.0066241,0.0066241,0.0066241
684,16465.8,0.44597,0.34613,0.88359,0.91209,0.76289,0.88102,0.62914,1.34222,1.12047,1.50464,0.00661915,0.00661915,0.00661915
685,16489.1,0.44819,0.34345,0.87729,0.91242,0.76609,0.88002,0.62715,1.33854,1.11575,1.50039,0.0066142,0.0066142,0.0066142
686,16512.4,0.46291,0.35481,0.88827,0.91759,0.76416,0.88343,0.62737,1.33867,1.12034,1.49834,0.00660925,0.00660925,0.00660925
687,16535.8,0.44072,0.34837,0.87578,0.92299,0.76379,0.88032,0.62812,1.34035,1.12943,1.50111,0.0066043,0.0066043,0.0066043
688,16559.2,0.46652,0.35895,0.88811,0.92378,0.7598,0.87786,0.62655,1.3405,1.13212,1.50297,0.00659935,0.00659935,0.00659935
689,16582.5,0.45145,0.34895,0.87902,0.91929,0.76471,0.87739,0.62793,1.33965,1.13883,1.50112,0.0065944,0.0065944,0.0065944
690,16605.9,0.45026,0.35203,0.8816,0.91992,0.76471,0.87833,0.62644,1.34464,1.14534,1.50506,0.00658945,0.00658945,0.00658945
691,16629.2,0.45781,0.35102,0.88516,0.92013,0.76471,0.87793,0.62533,1.34697,1.14582,1.50693,0.0065845,0.0065845,0.0065845
692,16652.5,0.45195,0.34717,0.88274,0.91763,0.76454,0.87752,0.62536,1.34499,1.14298,1.50346,0.00657955,0.00657955,0.00657955
693,16675.9,0.45143,0.34226,0.87629,0.91602,0.76961,0.87488,0.62384,1.3519,1.15293,1.50501,0.0065746,0.0065746,0.0065746
694,16699.2,0.43924,0.33164,0.86942,0.90809,0.76961,0.87846,0.62414,1.35345,1.13512,1.50179,0.00656965,0.00656965,0.00656965
695,16722.5,0.44966,0.34136,0.88234,0.90982,0.76961,0.87815,0.62428,1.3621,1.14661,1.50864,0.0065647,0.0065647,0.0065647
696,16745.8,0.45252,0.35389,0.88261,0.91043,0.76961,0.87802,0.62505,1.3732,1.16768,1.51887,0.00655975,0.00655975,0.00655975
697,16769.2,0.45267,0.34999,0.87607,0.90739,0.76844,0.87614,0.62711,1.3795,1.17158,1.52958,0.0065548,0.0065548,0.0065548
698,16792.5,0.44012,0.32611,0.87443,0.90458,0.76471,0.87596,0.62569,1.39226,1.20328,1.53529,0.00654985,0.00654985,0.00654985
699,16815.8,0.42411,0.32817,0.86979,0.9043,0.76471,0.87563,0.62546,1.39976,1.23192,1.54049,0.0065449,0.0065449,0.0065449
700,16839.1,0.44552,0.33655,0.88081,0.89861,0.76471,0.87536,0.62556,1.39915,1.24295,1.53782,0.00653995,0.00653995,0.00653995
701,16862.4,0.44662,0.32992,0.87795,0.90191,0.76624,0.87581,0.62625,1.3971,1.27471,1.53073,0.006535,0.006535,0.006535
702,16885.9,0.43274,0.32219,0.87381,0.90184,0.76563,0.87448,0.62246,1.40087,1.2629,1.53716,0.00653005,0.00653005,0.00653005
703,16909.2,0.44406,0.34279,0.87813,0.90681,0.76961,0.87457,0.62172,1.39808,1.27892,1.53357,0.0065251,0.0065251,0.0065251
704,16932.5,0.43102,0.34154,0.86538,0.90889,0.76961,0.87484,0.62348,1.39044,1.27149,1.5311,0.00652015,0.00652015,0.00652015
705,16955.9,0.45561,0.36647,0.88224,0.9073,0.77941,0.87559,0.62399,1.38661,1.27491,1.52997,0.0065152,0.0065152,0.0065152
706,16979.2,0.44781,0.34511,0.88558,0.90421,0.78431,0.87935,0.62491,1.3704,1.24378,1.51923,0.00651025,0.00651025,0.00651025
707,17002.5,0.42927,0.3316,0.87463,0.90402,0.78922,0.88176,0.62564,1.36876,1.23244,1.52054,0.0065053,0.0065053,0.0065053
708,17025.8,0.43398,0.33108,0.86517,0.90477,0.79177,0.8797,0.62367,1.36935,1.23858,1.51777,0.00650035,0.00650035,0.00650035
709,17049.2,0.43746,0.32937,0.8687,0.90507,0.79451,0.8813,0.62422,1.36962,1.24329,1.51484,0.0064954,0.0064954,0.0064954
710,17072.5,0.43706,0.33759,0.8743,0.90453,0.78956,0.87495,0.62328,1.3697,1.25713,1.51104,0.00649045,0.00649045,0.00649045
711,17095.8,0.43662,0.33678,0.86671,0.9046,0.79016,0.87818,0.62403,1.36806,1.25384,1.50467,0.0064855,0.0064855,0.0064855
712,17119.2,0.43229,0.3216,0.87773,0.90444,0.7887,0.87885,0.62341,1.36083,1.24885,1.4959,0.00648055,0.00648055,0.00648055
713,17142.5,0.4453,0.34881,0.8814,0.90949,0.78813,0.88197,0.62765,1.35511,1.24945,1.48697,0.0064756,0.0064756,0.0064756
714,17165.8,0.43711,0.33508,0.8747,0.90779,0.78431,0.88129,0.62624,1.35695,1.24352,1.48554,0.00647065,0.00647065,0.00647065
715,17189.2,0.42725,0.34036,0.8691,0.90872,0.78081,0.8814,0.62704,1.36406,1.24065,1.48995,0.0064657,0.0064657,0.0064657
716,17212.5,0.43861,0.33402,0.88037,0.90425,0.77451,0.87902,0.62761,1.37001,1.24792,1.49668,0.00646075,0.00646075,0.00646075
717,17235.8,0.46385,0.35683,0.88979,0.90297,0.77555,0.8816,0.62818,1.37309,1.25447,1.49658,0.0064558,0.0064558,0.0064558
718,17259,0.44687,0.34184,0.88665,0.90506,0.77451,0.88487,0.62889,1.37098,1.25688,1.49503,0.00645085,0.00645085,0.00645085
719,17282.3,0.43146,0.33516,0.86922,0.90807,0.77475,0.88558,0.62888,1.37249,1.25691,1.49679,0.0064459,0.0064459,0.0064459
720,17305.6,0.45363,0.35963,0.88167,0.90353,0.77941,0.88606,0.62879,1.37473,1.26758,1.4946,0.00644095,0.00644095,0.00644095
721,17329,0.42372,0.31703,0.86674,0.8953,0.78431,0.88783,0.6292,1.37159,1.26012,1.49498,0.006436,0.006436,0.006436
722,17352.3,0.44962,0.33968,0.88027,0.90413,0.77941,0.88811,0.6304,1.36576,1.25534,1.48944,0.00643105,0.00643105,0.00643105
723,17375.5,0.43917,0.33652,0.87627,0.91834,0.77173,0.88516,0.63083,1.36332,1.24714,1.48635,0.0064261,0.0064261,0.0064261
724,17398.9,0.44817,0.33836,0.87811,0.91359,0.76961,0.88697,0.6324,1.35806,1.23886,1.48131,0.00642115,0.00642115,0.00642115
725,17422.1,0.42698,0.31953,0.87089,0.9119,0.76961,0.88709,0.63254,1.35627,1.22878,1.48039,0.0064162,0.0064162,0.0064162
726,17445.4,0.43535,0.34318,0.87726,0.91069,0.76961,0.88713,0.63245,1.35188,1.2106,1.47916,0.00641125,0.00641125,0.00641125
727,17468.8,0.43921,0.34712,0.87339,0.91015,0.76961,0.88761,0.63334,1.34985,1.21211,1.47942,0.0064063,0.0064063,0.0064063
728,17492.1,0.44015,0.33338,0.88297,0.91215,0.76961,0.88739,0.63371,1.3532,1.2087,1.48424,0.00640135,0.00640135,0.00640135
729,17516.2,0.42597,0.32679,0.87204,0.91283,0.76995,0.88766,0.63266,1.35897,1.21744,1.48885,0.0063964,0.0063964,0.0063964
730,17539.5,0.44283,0.33523,0.87172,0.91323,0.77384,0.88772,0.63337,1.36092,1.21706,1.49347,0.00639145,0.00639145,0.00639145
731,17562.8,0.43679,0.33786,0.87124,0.91253,0.76961,0.88719,0.63204,1.36054,1.21003,1.4939,0.0063865,0.0063865,0.0063865
732,17586.1,0.44703,0.33857,0.87195,0.91248,0.76664,0.8888,0.63209,1.36086,1.21344,1.49922,0.00638155,0.00638155,0.00638155
733,17609.5,0.44303,0.33441,0.8719,0.91223,0.76421,0.88547,0.63201,1.35811,1.21161,1.49964,0.0063766,0.0063766,0.0063766
734,17632.8,0.42835,0.32193,0.86555,0.91238,0.76567,0.88294,0.6317,1.3503,1.19416,1.49245,0.00637165,0.00637165,0.00637165
735,17656.1,0.42291,0.32096,0.87253,0.91272,0.76896,0.88569,0.63013,1.34711,1.1911,1.48958,0.0063667,0.0063667,0.0063667
736,17679.4,0.42963,0.33003,0.87776,0.91338,0.77531,0.88591,0.63165,1.34286,1.19126,1.48244,0.00636175,0.00636175,0.00636175
737,17702.8,0.43473,0.33612,0.87695,0.90846,0.76961,0.88563,0.63028,1.33803,1.18269,1.47612,0.0063568,0.0063568,0.0063568
738,17726.1,0.44933,0.33613,0.88295,0.90778,0.77208,0.88428,0.63007,1.33704,1.1851,1.47298,0.00635185,0.00635185,0.00635185
739,17749.4,0.42547,0.3187,0.86877,0.90783,0.77251,0.88275,0.62752,1.34132,1.188,1.47715,0.0063469,0.0063469,0.0063469
740,17772.7,0.4324,0.33543,0.86968,0.9078,0.77225,0.88183,0.627,1.33673,1.1859,1.47366,0.00634195,0.00634195,0.00634195
741,17796.1,0.41865,0.3224,0.8674,0.90733,0.76791,0.88228,0.62727,1.33266,1.18077,1.46928,0.006337,0.006337,0.006337
742,17819.4,0.44566,0.35568,0.87633,0.91316,0.77316,0.88235,0.6269,1.33055,1.17643,1.4682,0.00633205,0.00633205,0.00633205
743,17842.7,0.43279,0.33956,0.87034,0.91387,0.77451,0.87999,0.62805,1.32706,1.1694,1.46626,0.0063271,0.0063271,0.0063271
744,17866,0.43756,0.33841,0.875,0.91368,0.77831,0.87871,0.6268,1.3337,1.17871,1.47261,0.00632215,0.00632215,0.00632215
745,17889.3,0.42724,0.3258,0.8744,0.91924,0.78111,0.87871,0.62584,1.33558,1.18316,1.47455,0.0063172,0.0063172,0.0063172
746,17912.7,0.43367,0.33077,0.86886,0.9173,0.77941,0.87926,0.62687,1.33577,1.17929,1.47493,0.00631225,0.00631225,0.00631225
747,17936,0.43636,0.34286,0.88292,0.91901,0.77941,0.87903,0.62713,1.33175,1.17225,1.47205,0.0063073,0.0063073,0.0063073
748,17959.3,0.44106,0.35359,0.88203,0.91855,0.77941,0.87688,0.62487,1.33468,1.17767,1.47631,0.00630235,0.00630235,0.00630235
749,17982.7,0.42042,0.32425,0.85974,0.91704,0.77451,0.87954,0.6246,1.33306,1.18046,1.47614,0.0062974,0.0062974,0.0062974
750,18006,0.42641,0.33931,0.87087,0.91218,0.77451,0.87899,0.62388,1.33266,1.16894,1.47734,0.00629245,0.00629245,0.00629245
751,18029.4,0.44478,0.35103,0.8786,0.90861,0.76961,0.8788,0.62426,1.32947,1.17278,1.47582,0.0062875,0.0062875,0.0062875
752,18052.7,0.43366,0.33229,0.87327,0.90903,0.76961,0.87857,0.62542,1.32736,1.18145,1.47452,0.00628255,0.00628255,0.00628255
753,18076,0.43464,0.33375,0.87182,0.90701,0.76961,0.87871,0.62718,1.3285,1.17811,1.47481,0.0062776,0.0062776,0.0062776
754,18099.3,0.43673,0.34168,0.87439,0.90331,0.76961,0.87906,0.62545,1.32986,1.18964,1.47637,0.00627265,0.00627265,0.00627265
755,18122.7,0.4173,0.31465,0.86626,0.90519,0.76961,0.87937,0.62588,1.33281,1.19057,1.47999,0.0062677,0.0062677,0.0062677
756,18146,0.43428,0.33396,0.87566,0.90339,0.76961,0.87908,0.62638,1.33651,1.19402,1.48517,0.00626275,0.00626275,0.00626275
757,18169.4,0.42116,0.31763,0.86221,0.90218,0.76855,0.87849,0.62433,1.33738,1.19751,1.48778,0.0062578,0.0062578,0.0062578
758,18192.7,0.42131,0.31662,0.86626,0.9026,0.77223,0.87606,0.62455,1.33633,1.19729,1.48764,0.00625285,0.00625285,0.00625285
759,18216.1,0.43118,0.31952,0.86202,0.90253,0.77164,0.87829,0.62478,1.33843,1.20202,1.48949,0.0062479,0.0062479,0.0062479
760,18239.4,0.43062,0.32633,0.8719,0.9025,0.77141,0.8781,0.62678,1.33986,1.20964,1.49116,0.00624295,0.00624295,0.00624295
761,18262.8,0.42201,0.31965,0.86703,0.90011,0.76961,0.87835,0.62884,1.33877,1.21397,1.49057,0.006238,0.006238,0.006238
762,18286.1,0.41469,0.31805,0.86688,0.89995,0.76961,0.87852,0.62844,1.33919,1.21466,1.49078,0.00623305,0.00623305,0.00623305
763,18309.4,0.44044,0.32493,0.88183,0.89895,0.76961,0.87866,0.62943,1.34237,1.22191,1.49272,0.0062281,0.0062281,0.0062281
764,18332.8,0.40908,0.31709,0.86758,0.89869,0.76961,0.87829,0.62773,1.34374,1.22451,1.49103,0.00622315,0.00622315,0.00622315
765,18356.2,0.44366,0.34534,0.87227,0.89716,0.76972,0.87832,0.62845,1.34025,1.21661,1.4886,0.0062182,0.0062182,0.0062182
766,18379.6,0.43549,0.33913,0.8799,0.89734,0.7713,0.87751,0.62703,1.3388,1.21402,1.48776,0.00621325,0.00621325,0.00621325
767,18402.9,0.42532,0.32445,0.87448,0.89738,0.77164,0.8774,0.6266,1.33941,1.21754,1.48883,0.0062083,0.0062083,0.0062083
768,18426.2,0.43029,0.34397,0.87989,0.89739,0.77451,0.87798,0.62755,1.33761,1.21685,1.4862,0.00620335,0.00620335,0.00620335
769,18449.6,0.42722,0.32892,0.87392,0.89523,0.77451,0.87825,0.62763,1.33696,1.21773,1.48615,0.0061984,0.0061984,0.0061984
770,18472.9,0.43945,0.33539,0.87019,0.89275,0.77529,0.87844,0.62776,1.33707,1.21584,1.4868,0.00619345,0.00619345,0.00619345
771,18496.4,0.4353,0.3419,0.86709,0.89324,0.77929,0.87838,0.62603,1.33527,1.20862,1.48757,0.0061885,0.0061885,0.0061885
772,18519.7,0.40696,0.30761,0.86637,0.89286,0.78431,0.87855,0.62597,1.32891,1.19674,1.48296,0.00618355,0.00618355,0.00618355
773,18543.6,0.42883,0.32166,0.88114,0.89063,0.78431,0.87781,0.62508,1.33313,1.21865,1.49065,0.0061786,0.0061786,0.0061786
774,18567.2,0.41888,0.32921,0.86292,0.88999,0.78431,0.87551,0.62566,1.32821,1.21196,1.48591,0.00617365,0.00617365,0.00617365
775,18590.6,0.4235,0.32219,0.86639,0.88902,0.78431,0.87594,0.62592,1.32468,1.21269,1.4838,0.0061687,0.0061687,0.0061687
776,18613.8,0.40999,0.32942,0.86252,0.88895,0.78431,0.87761,0.62844,1.32535,1.21798,1.4861,0.00616375,0.00616375,0.00616375
777,18637.3,0.40911,0.30708,0.87679,0.88976,0.78431,0.87465,0.62655,1.32193,1.22005,1.48419,0.0061588,0.0061588,0.0061588
778,18660.6,0.42145,0.32196,0.87664,0.88919,0.77941,0.87682,0.62462,1.3222,1.22444,1.48446,0.00615385,0.00615385,0.00615385
779,18683.9,0.41718,0.31989,0.86823,0.89298,0.77941,0.87695,0.62541,1.32095,1.23069,1.48256,0.0061489,0.0061489,0.0061489
780,18707.2,0.40899,0.31267,0.86368,0.88722,0.77124,0.87732,0.62618,1.31634,1.23502,1.47552,0.00614395,0.00614395,0.00614395
781,18730.5,0.40764,0.32305,0.87174,0.88688,0.76862,0.87875,0.62753,1.31476,1.22851,1.4745,0.006139,0.006139,0.006139
782,18753.9,0.42755,0.33548,0.86492,0.88681,0.76812,0.8811,0.62945,1.31081,1.22511,1.46988,0.00613405,0.00613405,0.00613405
783,18777.2,0.434,0.34099,0.87311,0.88636,0.76467,0.88175,0.62967,1.3099,1.22694,1.4666,0.0061291,0.0061291,0.0061291
784,18800.5,0.44691,0.33822,0.88055,0.88642,0.76516,0.88166,0.6284,1.30999,1.22362,1.46758,0.00612415,0.00612415,0.00612415
785,18823.8,0.42193,0.33265,0.86579,0.88633,0.76445,0.88295,0.63024,1.30952,1.22384,1.46598,0.0061192,0.0061192,0.0061192
786,18847.1,0.41642,0.32984,0.86709,0.88639,0.76487,0.88336,0.63024,1.31437,1.24292,1.46998,0.00611425,0.00611425,0.00611425
787,18870.4,0.41934,0.32063,0.8715,0.88642,0.76513,0.88319,0.62922,1.31378,1.24582,1.4682,0.0061093,0.0061093,0.0061093
788,18893.7,0.41393,0.32325,0.8724,0.88647,0.76549,0.88263,0.62876,1.31482,1.25844,1.46774,0.00610435,0.00610435,0.00610435
789,18917.1,0.42453,0.33267,0.87706,0.88649,0.7657,0.87869,0.62569,1.3143,1.25832,1.46653,0.0060994,0.0060994,0.0060994
790,18940.4,0.40619,0.3164,0.86255,0.88643,0.76523,0.87624,0.62467,1.31551,1.2686,1.46876,0.00609445,0.00609445,0.00609445
791,18963.7,0.42936,0.32734,0.88382,0.88644,0.76528,0.87618,0.62288,1.31887,1.27632,1.47272,0.0060895,0.0060895,0.0060895
792,18987.1,0.42489,0.33491,0.86983,0.88642,0.76512,0.87309,0.62302,1.32177,1.28018,1.47534,0.00608455,0.00608455,0.00608455
793,19010.5,0.42886,0.33564,0.87048,0.88643,0.76519,0.87467,0.62138,1.32282,1.28283,1.476,0.0060796,0.0060796,0.0060796
794,19033.9,0.42376,0.32819,0.85923,0.88642,0.76513,0.87364,0.62069,1.32546,1.29576,1.47826,0.00607465,0.00607465,0.00607465
795,19057.2,0.42129,0.32575,0.87488,0.8864,0.765,0.87161,0.62142,1.32756,1.29272,1.48179,0.0060697,0.0060697,0.0060697
796,19080.6,0.41926,0.32892,0.86426,0.88642,0.76517,0.87209,0.62239,1.32261,1.27913,1.47582,0.00606475,0.00606475,0.00606475
797,19103.9,0.41947,0.31594,0.86996,0.88646,0.76547,0.87197,0.62119,1.32244,1.28657,1.4755,0.0060598,0.0060598,0.0060598
798,19127.3,0.41075,0.31201,0.87195,0.88649,0.76565,0.87209,0.62403,1.32336,1.28816,1.47935,0.00605485,0.00605485,0.00605485
799,19150.6,0.41838,0.31701,0.86944,0.88649,0.76566,0.87152,0.62403,1.32544,1.28808,1.48185,0.0060499,0.0060499,0.0060499
800,19174,0.42457,0.32817,0.86894,0.88151,0.76581,0.871,0.62439,1.33012,1.29596,1.48456,0.00604495,0.00604495,0.00604495
801,19197.4,0.40612,0.31852,0.86754,0.87985,0.76471,0.8702,0.62339,1.33111,1.29325,1.48694,0.00604,0.00604,0.00604
802,19220.7,0.42725,0.32943,0.87187,0.88161,0.76654,0.86983,0.62139,1.33212,1.29681,1.48804,0.00603505,0.00603505,0.00603505
803,19244,0.41086,0.31511,0.866,0.88171,0.7673,0.8699,0.62126,1.3318,1.30051,1.48997,0.0060301,0.0060301,0.0060301
804,19267.4,0.40502,0.31017,0.86379,0.88172,0.76736,0.87067,0.62339,1.335,1.29978,1.49261,0.00602515,0.00602515,0.00602515
805,19290.7,0.40581,0.31395,0.86475,0.87871,0.76471,0.87095,0.62255,1.33472,1.29676,1.49389,0.0060202,0.0060202,0.0060202
806,19314,0.40942,0.32207,0.86929,0.88174,0.76753,0.87128,0.62499,1.33315,1.29027,1.49031,0.00601525,0.00601525,0.00601525
807,19337.3,0.41955,0.32109,0.86454,0.88179,0.76793,0.87099,0.62581,1.33362,1.28719,1.49013,0.0060103,0.0060103,0.0060103
808,19360.7,0.40522,0.31673,0.86542,0.88188,0.76859,0.87349,0.62551,1.33385,1.28615,1.49022,0.00600535,0.00600535,0.00600535
809,19384.1,0.41071,0.30954,0.86946,0.88194,0.76898,0.87311,0.62319,1.33565,1.28077,1.49319,0.0060004,0.0060004,0.0060004
810,19407.4,0.42877,0.32683,0.87524,0.88639,0.77451,0.87329,0.62344,1.33934,1.28791,1.49467,0.00599545,0.00599545,0.00599545
811,19430.7,0.41354,0.32469,0.87938,0.88628,0.77451,0.87371,0.62392,1.34044,1.28411,1.49604,0.0059905,0.0059905,0.0059905
812,19454.1,0.44257,0.34807,0.88763,0.88674,0.77451,0.87267,0.6255,1.3416,1.285,1.49685,0.00598555,0.00598555,0.00598555
813,19477.4,0.41549,0.31534,0.86438,0.91574,0.75,0.87311,0.62741,1.34256,1.28878,1.49837,0.0059806,0.0059806,0.0059806
814,19500.7,0.40383,0.30625,0.86206,0.91605,0.74882,0.87289,0.62732,1.34395,1.28981,1.49836,0.00597565,0.00597565,0.00597565
815,19524.1,0.41643,0.31811,0.87051,0.91593,0.74773,0.87242,0.62653,1.34212,1.28207,1.50081,0.0059707,0.0059707,0.0059707
816,19547.5,0.40346,0.31482,0.86677,0.91591,0.74753,0.87269,0.626,1.34193,1.28201,1.49975,0.00596575,0.00596575,0.00596575
817,19570.8,0.41527,0.31831,0.86834,0.91595,0.74785,0.8722,0.62566,1.34295,1.28269,1.50191,0.0059608,0.0059608,0.0059608
818,19594.1,0.41164,0.31139,0.86849,0.91604,0.74876,0.87262,0.62599,1.34202,1.2837,1.49949,0.00595585,0.00595585,0.00595585
819,19617.4,0.42332,0.31389,0.87411,0.9213,0.74597,0.87259,0.6259,1.34119,1.28277,1.49829,0.0059509,0.0059509,0.0059509
820,19640.7,0.41329,0.32086,0.86916,0.92126,0.74562,0.87327,0.6268,1.3397,1.28074,1.49624,0.00594595,0.00594595,0.00594595
821,19664.1,0.40953,0.30997,0.86718,0.92227,0.7451,0.87303,0.62675,1.3383,1.27249,1.49416,0.005941,0.005941,0.005941
822,19687.5,0.39589,0.30611,0.85831,0.88635,0.76457,0.87327,0.62745,1.3385,1.26391,1.49334,0.00593605,0.00593605,0.00593605
823,19710.8,0.4059,0.31521,0.8671,0.88658,0.76634,0.87343,0.62728,1.33784,1.26344,1.49216,0.0059311,0.0059311,0.0059311
824,19734.1,0.41571,0.32175,0.8698,0.88693,0.76906,0.87515,0.62631,1.33947,1.26836,1.49306,0.00592615,0.00592615,0.00592615
825,19757.5,0.40584,0.30569,0.8627,0.88585,0.76961,0.87541,0.62618,1.33995,1.27384,1.49409,0.0059212,0.0059212,0.0059212
826,19780.9,0.41585,0.32189,0.87351,0.88779,0.76961,0.87585,0.62555,1.33962,1.27564,1.49501,0.00591625,0.00591625,0.00591625
827,19804.2,0.40988,0.31678,0.86765,0.8897,0.76961,0.87559,0.62571,1.33997,1.27659,1.49512,0.0059113,0.0059113,0.0059113
828,19827.6,0.41361,0.31265,0.86036,0.88605,0.76961,0.87566,0.62606,1.34217,1.28279,1.49557,0.00590635,0.00590635,0.00590635
829,19851,0.41869,0.32154,0.86458,0.88619,0.76961,0.87585,0.62594,1.34371,1.28581,1.49683,0.0059014,0.0059014,0.0059014
830,19874.4,0.4041,0.30378,0.8677,0.87822,0.77769,0.87772,0.62537,1.3437,1.28955,1.49577,0.00589645,0.00589645,0.00589645
831,19897.7,0.4156,0.30927,0.8604,0.8832,0.7784,0.87834,0.62637,1.34416,1.28875,1.49667,0.0058915,0.0058915,0.0058915
832,19921.1,0.39971,0.31031,0.86266,0.88741,0.77275,0.87635,0.62407,1.34413,1.29472,1.49618,0.00588655,0.00588655,0.00588655
833,19944.5,0.40958,0.3153,0.86799,0.88742,0.77279,0.87603,0.62424,1.34537,1.30083,1.4968,0.0058816,0.0058816,0.0058816
834,19967.8,0.40666,0.32371,0.8644,0.88205,0.76982,0.87466,0.62341,1.34674,1.30707,1.4974,0.00587665,0.00587665,0.00587665
835,19991.1,0.39039,0.30505,0.86206,0.88292,0.7763,0.8749,0.62374,1.34575,1.31072,1.49751,0.0058717,0.0058717,0.0058717
836,20014.5,0.41047,0.30956,0.86452,0.88697,0.7693,0.87244,0.62284,1.34642,1.31919,1.49749,0.00586675,0.00586675,0.00586675
837,20037.8,0.42845,0.32304,0.87489,0.887,0.76954,0.87224,0.62214,1.34877,1.31996,1.50085,0.0058618,0.0058618,0.0058618
838,20061.2,0.41245,0.31326,0.86866,0.88485,0.77451,0.87274,0.62229,1.34844,1.31837,1.50138,0.00585685,0.00585685,0.00585685
839,20084.5,0.41231,0.32443,0.87613,0.88751,0.77352,0.87206,0.62251,1.3494,1.31734,1.50319,0.0058519,0.0058519,0.0058519
840,20107.8,0.41355,0.31585,0.87409,0.88693,0.77451,0.87132,0.62051,1.35041,1.31495,1.50534,0.00584695,0.00584695,0.00584695
841,20131.1,0.40072,0.3046,0.85739,0.88655,0.77451,0.87084,0.61906,1.35208,1.31728,1.50614,0.005842,0.005842,0.005842
842,20154.6,0.40531,0.31362,0.86932,0.89146,0.77451,0.87202,0.62001,1.3547,1.3167,1.50883,0.00583705,0.00583705,0.00583705
843,20178,0.38772,0.30177,0.8562,0.89276,0.77539,0.87226,0.62106,1.3581,1.32485,1.51351,0.0058321,0.0058321,0.0058321
844,20201.2,0.40901,0.31852,0.86704,0.89272,0.77501,0.86909,0.62046,1.36046,1.3306,1.51609,0.00582715,0.00582715,0.00582715
845,20224.6,0.38689,0.30039,0.85618,0.89269,0.77482,0.86957,0.62081,1.3631,1.33197,1.51918,0.0058222,0.0058222,0.0058222
846,20247.9,0.39128,0.30611,0.85035,0.89215,0.77043,0.86939,0.62025,1.36209,1.33985,1.51868,0.00581725,0.00581725,0.00581725
847,20271.3,0.40452,0.30735,0.85848,0.89202,0.7694,0.87174,0.62046,1.3613,1.3398,1.51795,0.0058123,0.0058123,0.0058123
848,20294.7,0.40095,0.31997,0.86153,0.89197,0.76899,0.86947,0.62002,1.3634,1.34795,1.52062,0.00580735,0.00580735,0.00580735
849,20318,0.41288,0.31687,0.85986,0.89199,0.76914,0.87175,0.62169,1.35858,1.33129,1.51589,0.0058024,0.0058024,0.0058024
850,20341.3,0.38881,0.31093,0.85944,0.89209,0.76999,0.87019,0.62208,1.35922,1.33211,1.51612,0.00579745,0.00579745,0.00579745
851,20364.6,0.42627,0.32544,0.8766,0.89193,0.7687,0.86834,0.62103,1.35864,1.33234,1.51681,0.0057925,0.0057925,0.0057925
852,20388,0.39153,0.30519,0.8595,0.89205,0.76963,0.86824,0.62141,1.35802,1.33296,1.51779,0.00578755,0.00578755,0.00578755
853,20411.3,0.41014,0.31562,0.87231,0.89676,0.76645,0.86874,0.62124,1.35695,1.33341,1.51895,0.0057826,0.0057826,0.0057826
854,20434.6,0.39389,0.30162,0.86235,0.89643,0.76368,0.86857,0.62014,1.35934,1.32748,1.52315,0.00577765,0.00577765,0.00577765
855,20458,0.40805,0.31898,0.86771,0.89634,0.76301,0.8689,0.61978,1.35773,1.32673,1.52295,0.0057727,0.0057727,0.0057727
856,20481.3,0.40616,0.31511,0.87233,0.896,0.76015,0.86851,0.61897,1.35693,1.32727,1.52303,0.00576775,0.00576775,0.00576775
857,20504.7,0.39766,0.30844,0.85885,0.89582,0.75869,0.8686,0.61909,1.35731,1.32334,1.52409,0.0057628,0.0057628,0.0057628
858,20528,0.4131,0.30956,0.87326,0.89575,0.75816,0.86944,0.61954,1.3586,1.32595,1.52421,0.00575785,0.00575785,0.00575785
859,20551.3,0.38358,0.29121,0.85618,0.89573,0.75799,0.8674,0.62059,1.35401,1.32029,1.51807,0.0057529,0.0057529,0.0057529
860,20574.6,0.39349,0.28929,0.86696,0.89565,0.75738,0.86532,0.61975,1.35468,1.31738,1.51832,0.00574795,0.00574795,0.00574795
861,20597.9,0.41109,0.31005,0.86551,0.89555,0.75652,0.86519,0.621,1.35548,1.31878,1.51874,0.005743,0.005743,0.005743
862,20621.2,0.40651,0.32165,0.859,0.89543,0.75553,0.86722,0.61877,1.3564,1.32192,1.51982,0.00573805,0.00573805,0.00573805
863,20644.5,0.39146,0.3058,0.86223,0.8948,0.75049,0.86329,0.61843,1.35762,1.31986,1.52169,0.0057331,0.0057331,0.0057331
864,20667.7,0.40604,0.31191,0.86427,0.89602,0.75,0.86344,0.61666,1.36252,1.32749,1.52557,0.00572815,0.00572815,0.00572815
865,20691.1,0.40388,0.3072,0.86936,0.89645,0.75,0.86338,0.61635,1.36336,1.33231,1.52503,0.0057232,0.0057232,0.0057232
866,20714.4,0.40912,0.31243,0.86643,0.89653,0.75,0.86336,0.61706,1.36267,1.3306,1.52623,0.00571825,0.00571825,0.00571825
867,20737.8,0.41007,0.32402,0.87505,0.89647,0.75,0.8636,0.61677,1.36516,1.33426,1.52785,0.0057133,0.0057133,0.0057133
868,20761.2,0.3988,0.29786,0.85654,0.89658,0.75,0.86367,0.61429,1.36634,1.33247,1.52937,0.00570835,0.00570835,0.00570835
869,20784.5,0.40601,0.311,0.8601,0.89691,0.75,0.86101,0.61528,1.36757,1.33862,1.52916,0.0057034,0.0057034,0.0057034
870,20807.9,0.3878,0.29421,0.85318,0.89745,0.75,0.86066,0.61552,1.36911,1.34199,1.52975,0.00569845,0.00569845,0.00569845
871,20831.2,0.39732,0.31162,0.86063,0.90025,0.75213,0.86297,0.61558,1.36876,1.33975,1.53044,0.0056935,0.0056935,0.0056935
872,20854.6,0.38452,0.28683,0.84767,0.90026,0.75217,0.8632,0.61609,1.3696,1.34368,1.53015,0.00568855,0.00568855,0.00568855
873,20877.9,0.38239,0.30645,0.85539,0.90027,0.75224,0.86266,0.61472,1.36954,1.34452,1.53067,0.0056836,0.0056836,0.0056836
874,20901.2,0.40075,0.30409,0.86407,0.90026,0.7522,0.86245,0.61597,1.36938,1.33991,1.53146,0.00567865,0.00567865,0.00567865
875,20924.5,0.39301,0.29469,0.85611,0.90025,0.75211,0.86256,0.61615,1.37197,1.35004,1.53261,0.0056737,0.0056737,0.0056737
876,20947.8,0.39567,0.29373,0.85413,0.90028,0.75234,0.86285,0.61648,1.37195,1.35217,1.53265,0.00566875,0.00566875,0.00566875
877,20971.1,0.38642,0.30249,0.85464,0.90036,0.75299,0.86318,0.61669,1.37201,1.35338,1.53396,0.0056638,0.0056638,0.0056638
878,20994.4,0.40051,0.30604,0.86073,0.90045,0.75376,0.86343,0.6178,1.37223,1.35368,1.53422,0.00565885,0.00565885,0.00565885
879,21017.8,0.40976,0.30548,0.86796,0.9032,0.7549,0.8636,0.618,1.37316,1.35719,1.53448,0.0056539,0.0056539,0.0056539
880,21041.2,0.39592,0.29453,0.86908,0.9029,0.7549,0.86379,0.61859,1.3729,1.35872,1.53558,0.00564895,0.00564895,0.00564895
881,21064.5,0.39762,0.30989,0.86997,0.90408,0.7549,0.86416,0.6175,1.37401,1.36483,1.53673,0.005644,0.005644,0.005644
882,21087.9,0.4097,0.32348,0.87379,0.90539,0.7549,0.86444,0.61673,1.37401,1.36062,1.53829,0.00563905,0.00563905,0.00563905
883,21111.2,0.40366,0.31033,0.86099,0.90637,0.7549,0.86458,0.61942,1.37574,1.3632,1.5404,0.0056341,0.0056341,0.0056341
884,21134.5,0.39157,0.29639,0.86147,0.90781,0.7549,0.86436,0.61859,1.37309,1.3658,1.53883,0.00562915,0.00562915,0.00562915
885,21157.9,0.3971,0.31117,0.8671,0.9115,0.7549,0.86673,0.61866,1.37354,1.36314,1.54073,0.0056242,0.0056242,0.0056242
886,21181.2,0.38474,0.30049,0.86545,0.91244,0.7549,0.86612,0.61844,1.37496,1.36581,1.54189,0.00561925,0.00561925,0.00561925
887,21204.6,0.39723,0.31339,0.86371,0.91277,0.7549,0.86625,0.6186,1.37507,1.36592,1.54183,0.0056143,0.0056143,0.0056143
888,21227.9,0.39284,0.29365,0.86973,0.91271,0.7549,0.86592,0.61658,1.37415,1.36383,1.54022,0.00560935,0.00560935,0.00560935
889,21251.2,0.39468,0.301,0.85825,0.91256,0.7549,0.86609,0.61696,1.37393,1.36924,1.53932,0.0056044,0.0056044,0.0056044
890,21274.6,0.40208,0.31356,0.86729,0.91219,0.7549,0.86608,0.61802,1.37334,1.37196,1.5397,0.00559945,0.00559945,0.00559945
891,21297.8,0.41118,0.3115,0.86296,0.91094,0.7549,0.86597,0.61697,1.37236,1.36543,1.54015,0.0055945,0.0055945,0.0055945
892,21321.2,0.38824,0.29879,0.85176,0.91009,0.7549,0.86577,0.61764,1.36435,1.35331,1.53257,0.00558955,0.00558955,0.00558955
893,21344.6,0.38808,0.29741,0.85194,0.91028,0.7549,0.86599,0.61734,1.37115,1.36817,1.54062,0.0055846,0.0055846,0.0055846
894,21367.9,0.39623,0.29738,0.85324,0.9117,0.75916,0.86622,0.61808,1.36407,1.34777,1.53506,0.00557965,0.00557965,0.00557965
895,21391.1,0.3973,0.31075,0.86159,0.91143,0.75666,0.86456,0.61594,1.36911,1.35811,1.5423,0.0055747,0.0055747,0.0055747
896,21414.5,0.3885,0.29428,0.85948,0.91151,0.75739,0.8647,0.6182,1.36223,1.34898,1.53528,0.00556975,0.00556975,0.00556975
897,21437.9,0.3957,0.30512,0.8665,0.91152,0.75748,0.8649,0.61807,1.36118,1.3477,1.5359,0.0055648,0.0055648,0.0055648
898,21461.2,0.40114,0.31618,0.86815,0.91145,0.75683,0.86532,0.6183,1.36476,1.36683,1.53744,0.00555985,0.00555985,0.00555985
899,21484.5,0.39395,0.30213,0.8634,0.91128,0.75525,0.86538,0.61817,1.36545,1.36831,1.5377,0.0055549,0.0055549,0.0055549
900,21507.8,0.39832,0.31166,0.86877,0.9102,0.7598,0.86608,0.6191,1.36621,1.3672,1.53883,0.00554995,0.00554995,0.00554995
901,21531.2,0.38453,0.30191,0.86132,0.9106,0.7598,0.86571,0.61953,1.36673,1.3644,1.54032,0.005545,0.005545,0.005545
902,21554.5,0.41389,0.30547,0.87149,0.90645,0.76,0.86557,0.619,1.36904,1.35906,1.54251,0.00554005,0.00554005,0.00554005
903,21577.8,0.40623,0.31893,0.86753,0.90652,0.76058,0.86559,0.61726,1.36981,1.36034,1.54247,0.0055351,0.0055351,0.0055351
904,21601.2,0.38582,0.29946,0.85899,0.90124,0.76048,0.8674,0.61773,1.37001,1.35957,1.54381,0.00553015,0.00553015,0.00553015
905,21624.3,0.40429,0.29853,0.86514,0.9012,0.76015,0.86726,0.6178,1.37021,1.36155,1.54416,0.0055252,0.0055252,0.0055252
906,21647.5,0.39568,0.30047,0.86552,0.90119,0.76,0.86776,0.61866,1.37139,1.36267,1.54514,0.00552025,0.00552025,0.00552025
907,21670.8,0.39407,0.30394,0.86098,0.90117,0.75984,0.86807,0.619,1.37173,1.3639,1.54563,0.0055153,0.0055153,0.0055153
908,21694.1,0.39127,0.30054,0.85469,0.91017,0.7549,0.86883,0.61999,1.37132,1.35985,1.54762,0.00551035,0.00551035,0.00551035
909,21717.3,0.39319,0.30527,0.86015,0.90617,0.7549,0.86852,0.61983,1.37226,1.3619,1.54841,0.0055054,0.0055054,0.0055054
910,21740.7,0.38126,0.29353,0.85883,0.90636,0.7549,0.86834,0.61952,1.37383,1.36017,1.55061,0.00550045,0.00550045,0.00550045
911,21764.1,0.37768,0.28991,0.85847,0.90615,0.7549,0.86776,0.61828,1.37514,1.35588,1.55229,0.0054955,0.0054955,0.0054955
912,21787.4,0.3768,0.28565,0.85455,0.90546,0.7549,0.86588,0.61726,1.37667,1.35995,1.55318,0.00549055,0.00549055,0.00549055
913,21810.4,0.38412,0.29394,0.86013,0.90407,0.7549,0.86556,0.61859,1.37919,1.35878,1.5554,0.0054856,0.0054856,0.0054856
914,21833.7,0.39954,0.30577,0.8597,0.90401,0.7549,0.86558,0.61615,1.38191,1.35345,1.55935,0.00548065,0.00548065,0.00548065
915,21857,0.39708,0.30994,0.8724,0.90393,0.7549,0.86551,0.61589,1.38215,1.35848,1.56009,0.0054757,0.0054757,0.0054757
916,21880.3,0.38547,0.28993,0.86218,0.90421,0.7549,0.86557,0.6168,1.38227,1.35643,1.56147,0.00547075,0.00547075,0.00547075
917,21903.6,0.40472,0.32058,0.86462,0.90461,0.7549,0.86552,0.6168,1.38218,1.35569,1.5624,0.0054658,0.0054658,0.0054658
918,21926.9,0.39329,0.29225,0.85921,0.9051,0.7549,0.86345,0.61579,1.38365,1.35714,1.56452,0.00546085,0.00546085,0.00546085
919,21950.1,0.39369,0.29782,0.86785,0.90511,0.7549,0.86122,0.61377,1.38405,1.35643,1.56531,0.0054559,0.0054559,0.0054559
920,21973.4,0.39027,0.30622,0.8637,0.90632,0.7549,0.86133,0.61528,1.38499,1.35971,1.56628,0.00545095,0.00545095,0.00545095
921,21996.7,0.38784,0.30106,0.85765,0.90657,0.7549,0.86113,0.61531,1.38419,1.35702,1.56644,0.005446,0.005446,0.005446
922,22020,0.38299,0.29339,0.85505,0.9067,0.7549,0.86303,0.61623,1.38412,1.35461,1.56745,0.00544105,0.00544105,0.00544105
923,22043.3,0.39502,0.30291,0.86385,0.90763,0.7549,0.86298,0.61544,1.38318,1.35038,1.56749,0.0054361,0.0054361,0.0054361
924,22066.7,0.38756,0.29461,0.85796,0.90759,0.7549,0.863,0.61578,1.38329,1.3506,1.56851,0.00543115,0.00543115,0.00543115
925,22090,0.3789,0.29253,0.85603,0.90784,0.7549,0.86301,0.61612,1.38191,1.34651,1.56871,0.0054262,0.0054262,0.0054262
926,22113.1,0.37513,0.28672,0.84652,0.90802,0.7549,0.86515,0.61686,1.38231,1.34698,1.56911,0.00542125,0.00542125,0.00542125
927,22136.3,0.37777,0.29135,0.85836,0.90794,0.7549,0.86722,0.61844,1.38218,1.34699,1.57067,0.0054163,0.0054163,0.0054163
928,22159.6,0.39098,0.30171,0.86481,0.90804,0.7549,0.86744,0.61799,1.3825,1.34556,1.57244,0.00541135,0.00541135,0.00541135
929,22182.9,0.39256,0.28936,0.86119,0.90825,0.7549,0.86815,0.61956,1.38195,1.34311,1.57329,0.0054064,0.0054064,0.0054064
930,22206.3,0.38802,0.29053,0.85923,0.90872,0.7549,0.86818,0.61925,1.38133,1.34214,1.57367,0.00540145,0.00540145,0.00540145
931,22229.5,0.39095,0.28853,0.86013,0.90895,0.7549,0.86847,0.61888,1.38194,1.34443,1.57515,0.0053965,0.0053965,0.0053965
932,22252.9,0.38987,0.30729,0.86308,0.90913,0.7549,0.86847,0.61947,1.38144,1.34585,1.57534,0.00539155,0.00539155,0.00539155
933,22276.2,0.38946,0.30373,0.85879,0.90084,0.75705,0.86867,0.61857,1.38197,1.34731,1.57596,0.0053866,0.0053866,0.0053866
934,22299.4,0.3707,0.28528,0.8477,0.91119,0.75442,0.86678,0.61804,1.38247,1.35018,1.57694,0.00538165,0.00538165,0.00538165
935,22322.7,0.38996,0.29712,0.86242,0.91121,0.75458,0.86661,0.61851,1.37743,1.34556,1.57325,0.0053767,0.0053767,0.0053767
936,22346.1,0.36396,0.28203,0.85217,0.91119,0.75438,0.86679,0.61853,1.37683,1.34435,1.57305,0.00537175,0.00537175,0.00537175
937,22369.4,0.38784,0.28961,0.85861,0.91067,0.7549,0.86459,0.61807,1.37651,1.34654,1.57281,0.0053668,0.0053668,0.0053668
938,22392.8,0.39943,0.30622,0.86709,0.91007,0.7549,0.86481,0.61867,1.37646,1.34424,1.57356,0.00536185,0.00536185,0.00536185
939,22416.1,0.39722,0.29377,0.86285,0.90538,0.7549,0.86481,0.61917,1.37616,1.34427,1.57384,0.0053569,0.0053569,0.0053569
940,22439.4,0.37837,0.29872,0.85549,0.90061,0.75509,0.86524,0.6189,1.37617,1.34458,1.57421,0.00535195,0.00535195,0.00535195
941,22462.7,0.39334,0.30889,0.86509,0.9008,0.75673,0.86583,0.61834,1.37534,1.34261,1.57417,0.005347,0.005347,0.005347
942,22486,0.39082,0.29882,0.86708,0.91492,0.7549,0.86324,0.61694,1.37503,1.34308,1.57397,0.00534205,0.00534205,0.00534205
943,22509.4,0.3884,0.28918,0.86289,0.9111,0.75355,0.86316,0.61731,1.37506,1.34107,1.57438,0.0053371,0.0053371,0.0053371
944,22532.6,0.38776,0.28693,0.86171,0.91077,0.7549,0.86298,0.61764,1.37259,1.33271,1.57303,0.00533215,0.00533215,0.00533215
945,22555.9,0.39593,0.30871,0.86547,0.91149,0.75723,0.86372,0.61749,1.3724,1.33042,1.57316,0.0053272,0.0053272,0.0053272
946,22579.3,0.3809,0.28232,0.85754,0.91128,0.7598,0.86364,0.61827,1.37233,1.33481,1.5738,0.00532225,0.00532225,0.00532225
947,22602.7,0.38025,0.28389,0.85289,0.91052,0.7598,0.86385,0.61793,1.37114,1.33217,1.57363,0.0053173,0.0053173,0.0053173
948,22626,0.37561,0.28991,0.85779,0.91023,0.7598,0.86354,0.61656,1.36835,1.32718,1.57177,0.00531235,0.00531235,0.00531235
949,22649.3,0.3812,0.29209,0.85824,0.91057,0.7598,0.86394,0.61811,1.36604,1.32163,1.5709,0.0053074,0.0053074,0.0053074
950,22672.6,0.37048,0.28701,0.84928,0.91032,0.7598,0.86354,0.61852,1.36435,1.3173,1.57053,0.00530245,0.00530245,0.00530245
951,22695.9,0.39191,0.31724,0.86059,0.91015,0.7598,0.86589,0.62105,1.36287,1.31665,1.56966,0.0052975,0.0052975,0.0052975
952,22719.2,0.379,0.29401,0.85632,0.8993,0.7598,0.86798,0.62068,1.36162,1.31239,1.56941,0.00529255,0.00529255,0.00529255
953,22742.5,0.37904,0.29941,0.85763,0.89957,0.7598,0.86832,0.62242,1.36171,1.31359,1.56961,0.0052876,0.0052876,0.0052876
954,22765.8,0.36826,0.27631,0.84428,0.905,0.7598,0.86617,0.62084,1.36102,1.31752,1.56851,0.00528265,0.00528265,0.00528265
955,22789.1,0.38324,0.28803,0.86489,0.90165,0.76397,0.86871,0.6238,1.36041,1.31769,1.56812,0.0052777,0.0052777,0.0052777
956,22812.4,0.3878,0.29977,0.85603,0.90149,0.76471,0.86852,0.62351,1.36016,1.3126,1.56801,0.00527275,0.00527275,0.00527275
957,22835.8,0.3801,0.29727,0.85119,0.89405,0.76471,0.86865,0.62334,1.36228,1.31828,1.56905,0.0052678,0.0052678,0.0052678
958,22859,0.38787,0.2942,0.8592,0.8968,0.76675,0.86831,0.6235,1.36177,1.31615,1.56921,0.00526285,0.00526285,0.00526285
959,22882.3,0.39917,0.30553,0.86217,0.89687,0.76471,0.86826,0.62308,1.36191,1.31442,1.56921,0.0052579,0.0052579,0.0052579
960,22905.6,0.38202,0.28117,0.86064,0.89877,0.76471,0.8684,0.62148,1.36303,1.31822,1.56998,0.00525295,0.00525295,0.00525295
961,22928.9,0.38342,0.28787,0.84975,0.89911,0.76471,0.8681,0.62157,1.36258,1.31653,1.57064,0.005248,0.005248,0.005248
962,22952.2,0.39106,0.29792,0.85606,0.89107,0.76961,0.86855,0.62075,1.36079,1.31437,1.5698,0.00524305,0.00524305,0.00524305
963,22975.5,0.38631,0.29695,0.86043,0.88192,0.76961,0.86901,0.62168,1.36154,1.31703,1.57031,0.0052381,0.0052381,0.0052381
964,22998.8,0.37919,0.28916,0.85091,0.89001,0.76961,0.86878,0.62122,1.36432,1.32283,1.57295,0.00523315,0.00523315,0.00523315
965,23022.2,0.40742,0.31775,0.87181,0.87743,0.77203,0.86875,0.62102,1.35946,1.31046,1.57073,0.0052282,0.0052282,0.0052282
966,23045.5,0.38289,0.29445,0.85698,0.87741,0.77185,0.86832,0.62151,1.36371,1.32104,1.57326,0.00522325,0.00522325,0.00522325
967,23068.8,0.3964,0.2963,0.85588,0.88802,0.76961,0.86841,0.62195,1.36427,1.32348,1.5737,0.0052183,0.0052183,0.0052183
968,23092.1,0.3802,0.29374,0.8607,0.87813,0.76961,0.86841,0.62053,1.36128,1.31454,1.57249,0.00521335,0.00521335,0.00521335
969,23115.4,0.3751,0.28944,0.84909,0.87564,0.77451,0.86933,0.62223,1.36388,1.32352,1.57351,0.0052084,0.0052084,0.0052084
970,23138.7,0.3866,0.29924,0.86393,0.87306,0.77451,0.8688,0.62163,1.36244,1.31973,1.57317,0.00520345,0.00520345,0.00520345
971,23162,0.37386,0.28163,0.85934,0.87448,0.78547,0.86931,0.62147,1.36384,1.32362,1.57371,0.0051985,0.0051985,0.0051985
972,23185.3,0.37992,0.28815,0.85954,0.87517,0.79041,0.86933,0.62182,1.3645,1.32142,1.57474,0.00519355,0.00519355,0.00519355
973,23208.7,0.3754,0.28241,0.85579,0.87557,0.79332,0.86957,0.62117,1.36496,1.32636,1.57473,0.0051886,0.0051886,0.0051886
974,23231.9,0.36592,0.28677,0.85583,0.87511,0.78998,0.86898,0.62142,1.36576,1.32939,1.575,0.00518365,0.00518365,0.00518365
975,23255.3,0.39144,0.29111,0.86276,0.86458,0.79412,0.86928,0.62393,1.36664,1.32484,1.57559,0.0051787,0.0051787,0.0051787
976,23278.6,0.37968,0.30227,0.85954,0.85915,0.79902,0.86921,0.62293,1.36685,1.32357,1.5764,0.00517375,0.00517375,0.00517375
977,23301.9,0.37685,0.28495,0.85568,0.85399,0.80278,0.86922,0.62419,1.36594,1.32052,1.57681,0.0051688,0.0051688,0.0051688
978,23325.2,0.38547,0.29213,0.86266,0.85941,0.79902,0.86937,0.62289,1.36509,1.32177,1.57707,0.00516385,0.00516385,0.00516385
979,23348.5,0.37649,0.28298,0.85039,0.85964,0.79902,0.86933,0.62344,1.36443,1.32234,1.57734,0.0051589,0.0051589,0.0051589
980,23371.8,0.36906,0.28655,0.85908,0.85374,0.80882,0.8693,0.6234,1.36514,1.32206,1.57871,0.00515395,0.00515395,0.00515395
981,23395.2,0.38449,0.29075,0.86008,0.85116,0.81294,0.86928,0.62419,1.36498,1.32136,1.57864,0.005149,0.005149,0.005149
982,23418.5,0.37848,0.29378,0.85674,0.82353,0.82353,0.86939,0.62575,1.36435,1.32323,1.57838,0.00514405,0.00514405,0.00514405
983,23441.8,0.3704,0.29728,0.85447,0.82353,0.82353,0.86962,0.62466,1.36355,1.32472,1.57811,0.0051391,0.0051391,0.0051391
984,23465.1,0.3797,0.2908,0.85988,0.82353,0.82353,0.86933,0.62411,1.36366,1.32503,1.57842,0.00513415,0.00513415,0.00513415
985,23488.5,0.36808,0.28423,0.853,0.82353,0.82353,0.86954,0.62327,1.36352,1.32624,1.57879,0.0051292,0.0051292,0.0051292
986,23511.8,0.38366,0.28777,0.85495,0.82353,0.82353,0.86962,0.62314,1.36359,1.32792,1.57886,0.00512425,0.00512425,0.00512425
987,23535.1,0.3743,0.28093,0.84721,0.82353,0.82353,0.86962,0.62343,1.36536,1.33543,1.57945,0.0051193,0.0051193,0.0051193
988,23558.4,0.36688,0.27851,0.84205,0.82039,0.82843,0.87158,0.62386,1.36441,1.33416,1.57999,0.00511435,0.00511435,0.00511435
989,23581.7,0.3775,0.28415,0.85061,0.82039,0.82843,0.87186,0.62334,1.36484,1.33463,1.58097,0.0051094,0.0051094,0.0051094
990,23605,0.39111,0.30389,0.8658,0.82439,0.82843,0.87226,0.62496,1.36375,1.33994,1.5795,0.00510445,0.00510445,0.00510445
991,23628.2,0.37436,0.29267,0.85931,0.82439,0.82843,0.87225,0.62642,1.36457,1.34193,1.58009,0.0050995,0.0050995,0.0050995
992,23651.5,0.36004,0.26558,0.84851,0.82439,0.82843,0.87236,0.62569,1.36457,1.3456,1.58076,0.00509455,0.00509455,0.00509455
993,23674.9,0.36192,0.27409,0.84366,0.82843,0.82843,0.87256,0.62682,1.36327,1.34804,1.5798,0.0050896,0.0050896,0.0050896
994,23698.2,0.38298,0.28904,0.86057,0.82843,0.82843,0.87252,0.62683,1.36236,1.35168,1.57958,0.00508465,0.00508465,0.00508465
995,23721.5,0.38014,0.2848,0.85774,0.82843,0.82843,0.87278,0.6261,1.36007,1.34892,1.57892,0.0050797,0.0050797,0.0050797
996,23744.8,0.37362,0.28002,0.85256,0.82843,0.82843,0.8727,0.6266,1.36028,1.34984,1.57914,0.00507475,0.00507475,0.00507475
997,23768.1,0.37187,0.2661,0.85533,0.82843,0.82843,0.87265,0.62699,1.35976,1.34824,1.57918,0.0050698,0.0050698,0.0050698
998,23791.4,0.36794,0.27916,0.85895,0.82843,0.82843,0.87273,0.626,1.35933,1.34709,1.57892,0.00506485,0.00506485,0.00506485
999,23814.7,0.37219,0.28304,0.85758,0.82843,0.82843,0.87263,0.6263,1.3582,1.34663,1.57892,0.0050599,0.0050599,0.0050599
1000,23838,0.36909,0.28438,0.84963,0.82843,0.82843,0.87266,0.62701,1.35631,1.34406,1.57839,0.00505495,0.00505495,0.00505495
1001,23861.3,0.38386,0.29065,0.86081,0.82439,0.82843,0.87238,0.62696,1.35524,1.34241,1.57821,0.00505,0.00505,0.00505
1002,23884.7,0.35694,0.27638,0.84135,0.82439,0.82843,0.87233,0.62812,1.35467,1.34138,1.57802,0.00504505,0.00504505,0.00504505
1003,23908,0.36999,0.27636,0.84738,0.82439,0.82843,0.87234,0.6274,1.35442,1.33965,1.57889,0.0050401,0.0050401,0.0050401
1004,23931.4,0.37429,0.28553,0.85983,0.82439,0.82843,0.87242,0.62719,1.35279,1.33899,1.57806,0.00503515,0.00503515,0.00503515
1005,23954.7,0.37108,0.28341,0.85535,0.82439,0.82843,0.87234,0.62819,1.35171,1.3396,1.5773,0.0050302,0.0050302,0.0050302
1006,23978,0.38719,0.28339,0.85817,0.82439,0.82843,0.8723,0.62752,1.35144,1.33935,1.57788,0.00502525,0.00502525,0.00502525
1007,24001.4,0.37427,0.28729,0.85595,0.82439,0.82843,0.87234,0.62746,1.35057,1.34045,1.57781,0.0050203,0.0050203,0.0050203
1008,24024.7,0.36762,0.27868,0.85097,0.82439,0.82843,0.87219,0.62495,1.3505,1.34045,1.57815,0.00501535,0.00501535,0.00501535
1009,24048.1,0.37069,0.28379,0.85453,0.82439,0.82843,0.87228,0.62666,1.35065,1.33947,1.57917,0.0050104,0.0050104,0.0050104
1010,24071.4,0.36792,0.28551,0.85729,0.82843,0.82843,0.87267,0.62734,1.35057,1.33448,1.5799,0.00500545,0.00500545,0.00500545
1011,24094.7,0.3683,0.2855,0.8512,0.82843,0.82843,0.87275,0.62762,1.34956,1.33051,1.57994,0.0050005,0.0050005,0.0050005
1012,24118,0.3652,0.28238,0.8441,0.82843,0.82843,0.87279,0.62754,1.34883,1.33122,1.57976,0.00499555,0.00499555,0.00499555
1013,24141.3,0.37785,0.30423,0.86559,0.82759,0.82353,0.87067,0.6269,1.34949,1.33403,1.58002,0.0049906,0.0049906,0.0049906
1014,24164.6,0.38369,0.29406,0.86085,0.82759,0.82353,0.87067,0.62575,1.34995,1.33571,1.58046,0.00498565,0.00498565,0.00498565
1015,24187.9,0.37543,0.28014,0.84814,0.82759,0.82353,0.87061,0.62666,1.34919,1.33449,1.57983,0.0049807,0.0049807,0.0049807
1016,24211.2,0.37677,0.29087,0.85466,0.82759,0.82353,0.87057,0.62561,1.34804,1.332,1.579,0.00497575,0.00497575,0.00497575
1017,24234.5,0.38241,0.2984,0.85856,0.82759,0.82353,0.87077,0.62495,1.3489,1.33397,1.57884,0.0049708,0.0049708,0.0049708
1018,24257.8,0.37243,0.28834,0.85002,0.82759,0.82353,0.8707,0.62601,1.35023,1.33637,1.57857,0.00496585,0.00496585,0.00496585
1019,24281.1,0.37981,0.2914,0.85462,0.82759,0.82353,0.8707,0.62461,1.35114,1.34092,1.57861,0.0049609,0.0049609,0.0049609
1020,24304.4,0.37475,0.29513,0.85485,0.82759,0.82353,0.8707,0.62523,1.35224,1.34287,1.57892,0.00495595,0.00495595,0.00495595
1021,24327.8,0.38409,0.29221,0.85978,0.82759,0.82353,0.87066,0.62431,1.35157,1.34109,1.57873,0.004951,0.004951,0.004951
1022,24351.1,0.36916,0.27782,0.8498,0.82759,0.82353,0.87066,0.62387,1.35212,1.34489,1.57803,0.00494605,0.00494605,0.00494605
1023,24374.4,0.38368,0.28247,0.85707,0.82759,0.82353,0.87055,0.62412,1.3523,1.34487,1.57863,0.0049411,0.0049411,0.0049411
1024,24397.7,0.36811,0.28712,0.85007,0.82759,0.82353,0.87091,0.62381,1.35273,1.35058,1.57748,0.00493615,0.00493615,0.00493615
1025,24421,0.37184,0.29327,0.85433,0.82759,0.82353,0.87107,0.62422,1.35161,1.34335,1.57688,0.0049312,0.0049312,0.0049312
1026,24444.4,0.38396,0.29141,0.86207,0.82759,0.82353,0.87108,0.62418,1.35187,1.34507,1.57629,0.00492625,0.00492625,0.00492625
1027,24467.7,0.37013,0.28235,0.85127,0.82759,0.82353,0.87117,0.62456,1.35122,1.3431,1.57573,0.0049213,0.0049213,0.0049213
1028,24491,0.37393,0.29597,0.85694,0.82759,0.82353,0.87125,0.62458,1.35182,1.34475,1.57521,0.00491635,0.00491635,0.00491635
