epoch,time,train/box_loss,train/cls_loss,train/dfl_loss,metrics/precision(B),metrics/recall(B),metrics/mAP50(B),metrics/mAP50-95(B),val/box_loss,val/cls_loss,val/dfl_loss,lr/pg0,lr/pg1,lr/pg2
1,34.1714,0.98233,3.84787,1.23594,0.38787,0.36291,0.22666,0.16981,0.69208,2.54881,0.93927,0.00326923,0.00326923,0.00326923
2,52.1591,1.02259,2.37755,1.3576,0.17558,0.78116,0.22165,0.17241,0.67302,3.79517,1.04263,0.00659603,0.00659603,0.00659603
3,71.1537,0.96748,1.8089,1.23,0.1603,0.71021,0.26459,0.2036,0.69279,5.4631,0.96625,0.00991622,0.00991622,0.00991622
4,88.6196,1.03706,1.69967,1.24759,0.45572,0.50519,0.33264,0.24607,0.7001,3.31392,0.94201,0.0099703,0.0099703,0.0099703
5,106.496,0.96797,1.63591,1.18817,0.45214,0.58116,0.32787,0.2261,0.74586,8.28986,0.96491,0.0099604,0.0099604,0.0099604
6,123.331,0.99554,1.57639,1.20554,0.23652,0.65224,0.35866,0.25778,0.748,4.53757,0.94337,0.0099505,0.0099505,0.0099505
7,140.837,1.01595,1.55849,1.1924,0.49587,0.55462,0.41277,0.29844,0.74802,5.07132,0.93644,0.0099406,0.0099406,0.0099406
8,158.712,1.03041,1.46967,1.2133,0.47196,0.53291,0.41392,0.29623,0.77238,6.28293,0.96573,0.0099307,0.0099307,0.0099307
9,175.771,1.02193,1.45774,1.20905,0.56232,0.41708,0.42335,0.29867,0.78157,7.07523,0.93823,0.0099208,0.0099208,0.0099208
10,193.64,1.00123,1.39245,1.19617,0.31687,0.66603,0.41609,0.29479,0.76632,6.08751,0.93638,0.0099109,0.0099109,0.0099109
11,211.562,0.96937,1.35281,1.14909,0.56058,0.44023,0.42689,0.31658,0.77531,4.68753,0.92345,0.009901,0.009901,0.009901
12,229.655,0.95081,1.29214,1.16157,0.41483,0.61011,0.44581,0.32489,0.76246,5.73426,0.92266,0.0098911,0.0098911,0.0098911
13,247.68,1.0003,1.29901,1.1733,0.34198,0.68725,0.47294,0.33216,0.79828,2.57634,0.97092,0.0098812,0.0098812,0.0098812
14,265.596,0.94559,1.29459,1.14531,0.38742,0.64286,0.47293,0.33304,0.80133,3.29654,0.95138,0.0098713,0.0098713,0.0098713
15,283.608,0.96208,1.22837,1.15067,0.4255,0.57915,0.47129,0.34428,0.79443,2.61762,0.93804,0.0098614,0.0098614,0.0098614
16,301.581,0.95094,1.19607,1.14226,0.38963,0.7097,0.48254,0.35263,0.78155,7.48096,0.96431,0.0098515,0.0098515,0.0098515
17,319.61,0.93044,1.20293,1.11131,0.40707,0.6954,0.51207,0.36602,0.83108,5.86125,0.99669,0.0098416,0.0098416,0.0098416
18,337.671,0.87648,1.18363,1.09866,0.41476,0.55614,0.45341,0.31929,0.83586,3.00255,1.02505,0.0098317,0.0098317,0.0098317
19,354.969,0.91905,1.19856,1.11266,0.4129,0.62735,0.50692,0.37105,0.77948,2.77956,0.96595,0.0098218,0.0098218,0.0098218
20,373.052,0.88095,1.11353,1.09309,0.44612,0.65533,0.48362,0.35739,0.77009,3.51388,0.94875,0.0098119,0.0098119,0.0098119
21,390.526,0.8857,1.11354,1.10581,0.43656,0.61019,0.46396,0.33637,0.78603,5.17112,0.949,0.009802,0.009802,0.009802
22,407.868,0.89257,1.12923,1.11512,0.4223,0.61014,0.47703,0.34813,0.80283,3.3077,0.97231,0.0097921,0.0097921,0.0097921
23,425.219,0.82484,1.0697,1.05908,0.42721,0.6637,0.49421,0.36268,0.78198,3.91641,0.96389,0.0097822,0.0097822,0.0097822
24,442.555,0.84819,1.03977,1.07349,0.4599,0.58917,0.49205,0.36536,0.77988,4.13199,0.93917,0.0097723,0.0097723,0.0097723
25,459.943,0.85201,1.11231,1.09096,0.49502,0.52284,0.48744,0.35944,0.77406,6.65119,0.95006,0.0097624,0.0097624,0.0097624
26,477.267,0.82601,1.02285,1.07676,0.46055,0.57791,0.48632,0.35398,0.77797,5.06992,0.95501,0.0097525,0.0097525,0.0097525
27,494.569,0.84384,1.00567,1.05685,0.5633,0.4929,0.53061,0.39352,0.79844,3.90774,0.95851,0.0097426,0.0097426,0.0097426
28,512.608,0.86357,1.00055,1.07314,0.51892,0.57132,0.51465,0.38461,0.78501,7.03719,0.95293,0.0097327,0.0097327,0.0097327
29,529.92,0.8374,0.96021,1.06797,0.58798,0.45573,0.49079,0.34265,0.79496,7.20639,0.97797,0.0097228,0.0097228,0.0097228
30,547.339,0.82658,0.97323,1.04658,0.53654,0.51215,0.51441,0.36949,0.80148,3.89983,0.95505,0.0097129,0.0097129,0.0097129
31,564.729,0.83488,0.96572,1.06366,0.47533,0.57604,0.48796,0.35785,0.78752,6.72186,0.93328,0.009703,0.009703,0.009703
32,582.119,0.79734,0.94139,1.03842,0.59004,0.49163,0.48094,0.36454,0.77136,2.97461,0.95699,0.0096931,0.0096931,0.0096931
33,599.492,0.77636,0.8682,1.0269,0.54264,0.53577,0.49769,0.37842,0.76377,7.72065,0.95586,0.0096832,0.0096832,0.0096832
34,616.913,0.81726,0.91477,1.06108,0.57903,0.50615,0.50637,0.37782,0.79003,8.57191,0.97592,0.0096733,0.0096733,0.0096733
35,634.368,0.81926,0.88445,1.0566,0.48572,0.56005,0.51169,0.36758,0.79508,6.49087,0.95294,0.0096634,0.0096634,0.0096634
36,651.736,0.79676,0.86178,1.05179,0.5907,0.51487,0.55193,0.40951,0.79135,7.96814,0.95985,0.0096535,0.0096535,0.0096535
37,669.912,0.77927,0.85718,1.03055,0.53955,0.53406,0.51415,0.38348,0.78514,7.12619,0.96257,0.0096436,0.0096436,0.0096436
38,687.364,0.82105,0.89142,1.07335,0.5716,0.48534,0.52207,0.36507,0.86811,4.91401,1.02541,0.0096337,0.0096337,0.0096337
39,704.825,0.79779,0.82064,1.04124,0.63991,0.46367,0.53361,0.3828,0.83967,4.52685,1.02505,0.0096238,0.0096238,0.0096238
40,722.294,0.80476,0.91133,1.04809,0.58912,0.50583,0.51541,0.3727,0.8303,5.67834,0.99447,0.0096139,0.0096139,0.0096139
41,739.722,0.76809,0.81852,1.03026,0.59205,0.63695,0.57448,0.40908,0.7903,6.19506,0.97719,0.009604,0.009604,0.009604
42,757.824,0.77561,0.81147,1.02039,0.57117,0.55085,0.52692,0.39022,0.77327,5.36855,0.95442,0.0095941,0.0095941,0.0095941
43,775.295,0.74441,0.75685,1.02881,0.53489,0.6127,0.52165,0.37921,0.81734,6.15709,1.00814,0.0095842,0.0095842,0.0095842
44,792.768,0.78353,0.85983,1.04478,0.50824,0.56247,0.52101,0.37742,0.83216,4.0659,1.00017,0.0095743,0.0095743,0.0095743
45,810.255,0.72436,0.76531,0.99479,0.52641,0.53183,0.48026,0.35475,0.82679,4.60776,1.00749,0.0095644,0.0095644,0.0095644
46,827.683,0.7626,0.78051,1.02291,0.52709,0.51585,0.48917,0.36882,0.80338,3.05956,0.98372,0.0095545,0.0095545,0.0095545
47,845.159,0.73453,0.72631,1.00182,0.62469,0.4164,0.46192,0.3409,0.83127,2.55693,1.00008,0.0095446,0.0095446,0.0095446
48,862.546,0.74584,0.8114,1.01838,0.54811,0.59239,0.55743,0.40727,0.8077,5.17666,1.01478,0.0095347,0.0095347,0.0095347
49,879.986,0.73089,0.73113,1.00338,0.53453,0.60586,0.52596,0.37958,0.80291,5.96169,1.00585,0.0095248,0.0095248,0.0095248
50,897.491,0.76025,0.76754,1.01839,0.53704,0.56808,0.51347,0.37525,0.82205,7.57583,1.03111,0.0095149,0.0095149,0.0095149
51,914.893,0.73388,0.72891,1.01583,0.55877,0.54812,0.51333,0.36381,0.82158,6.66407,0.99396,0.009505,0.009505,0.009505
52,932.316,0.74178,0.73384,1.00642,0.46062,0.58556,0.50793,0.36445,0.83106,5.8994,1.0022,0.0094951,0.0094951,0.0094951
53,949.762,0.73145,0.72534,1.0031,0.5266,0.54474,0.52764,0.39497,0.80874,7.54732,1.02264,0.0094852,0.0094852,0.0094852
54,967.211,0.71279,0.716,0.99062,0.52755,0.58993,0.53347,0.38497,0.77769,8.01617,0.98287,0.0094753,0.0094753,0.0094753
55,984.641,0.73395,0.72975,1.00492,0.54526,0.54353,0.51251,0.37924,0.79447,4.30589,0.98946,0.0094654,0.0094654,0.0094654
56,1001.98,0.73491,0.76092,1.00024,0.56866,0.57646,0.51115,0.38311,0.79466,4.22901,0.97696,0.0094555,0.0094555,0.0094555
57,1019.36,0.72236,0.73883,1.01273,0.54418,0.55276,0.52981,0.39368,0.81253,5.25839,1.00711,0.0094456,0.0094456,0.0094456
58,1036.78,0.73243,0.7241,1.00165,0.61702,0.52542,0.52356,0.3834,0.85076,4.3427,1.02288,0.0094357,0.0094357,0.0094357
59,1054.29,0.72762,0.73691,1.00936,0.57092,0.61666,0.5503,0.40087,0.84101,6.65751,1.00752,0.0094258,0.0094258,0.0094258
60,1071.69,0.70698,0.69376,0.99413,0.54978,0.561,0.51857,0.37812,0.85061,7.15951,1.03115,0.0094159,0.0094159,0.0094159
61,1089.16,0.6995,0.70619,0.99558,0.56827,0.5837,0.54093,0.39052,0.8794,4.53509,1.08498,0.009406,0.009406,0.009406
62,1106.57,0.70941,0.66899,0.98901,0.53761,0.56238,0.50878,0.37238,0.87243,5.46476,1.0915,0.0093961,0.0093961,0.0093961
63,1124.06,0.70949,0.67016,1.01254,0.59909,0.53731,0.5563,0.42373,0.81955,3.19893,1.02239,0.0093862,0.0093862,0.0093862
64,1142.22,0.6827,0.64206,0.98313,0.66527,0.4846,0.55704,0.39315,0.86821,6.42002,1.06976,0.0093763,0.0093763,0.0093763
65,1159.66,0.70955,0.73669,0.99361,0.49383,0.52742,0.50444,0.3725,0.8388,4.33735,1.00993,0.0093664,0.0093664,0.0093664
66,1177.12,0.71742,0.72817,0.99797,0.55125,0.55367,0.52463,0.37935,0.86138,4.7514,1.05412,0.0093565,0.0093565,0.0093565
67,1194.63,0.7021,0.67297,0.98299,0.62681,0.46021,0.52358,0.3956,0.79999,1.98809,0.99313,0.0093466,0.0093466,0.0093466
68,1212.1,0.65669,0.6373,0.96503,0.66557,0.4826,0.55219,0.40415,0.83091,3.63395,1.0276,0.0093367,0.0093367,0.0093367
69,1229.61,0.67629,0.63705,0.95053,0.66039,0.53804,0.59671,0.4505,0.80586,4.03565,1.0222,0.0093268,0.0093268,0.0093268
70,1247.69,0.68991,0.6458,0.97543,0.55728,0.5402,0.54609,0.41609,0.7974,4.90664,0.99848,0.0093169,0.0093169,0.0093169
71,1265.07,0.69131,0.661,0.99213,0.57181,0.57208,0.52678,0.39792,0.79392,4.8735,0.98809,0.009307,0.009307,0.009307
72,1282.53,0.68318,0.67561,0.98178,0.58625,0.501,0.51641,0.35705,0.85774,9.60385,1.02696,0.0092971,0.0092971,0.0092971
73,1299.96,0.69786,0.67799,0.99093,0.60903,0.47095,0.5395,0.39593,0.83491,5.03433,1.01658,0.0092872,0.0092872,0.0092872
74,1317.4,0.69112,0.67073,0.98343,0.59692,0.45365,0.52755,0.36761,0.92309,4.07582,1.0786,0.0092773,0.0092773,0.0092773
75,1334.91,0.67616,0.64706,0.97803,0.50301,0.57142,0.48811,0.36322,0.87278,3.84748,1.05484,0.0092674,0.0092674,0.0092674
76,1352.35,0.66428,0.66314,0.97734,0.66582,0.48736,0.52641,0.37572,0.83494,4.57399,1.02573,0.0092575,0.0092575,0.0092575
77,1369.79,0.66068,0.62868,0.97117,0.5861,0.5104,0.515,0.38947,0.79613,8.71975,1.01833,0.0092476,0.0092476,0.0092476
78,1387.25,0.67417,0.63931,0.95659,0.57876,0.53873,0.53026,0.40302,0.79962,5.23164,1.0132,0.0092377,0.0092377,0.0092377
79,1404.76,0.71278,0.69814,0.99329,0.59769,0.51378,0.54112,0.39738,0.79759,4.70382,1.00974,0.0092278,0.0092278,0.0092278
80,1422.18,0.65988,0.64892,0.97835,0.62278,0.51593,0.54912,0.39882,0.82231,3.45251,1.04026,0.0092179,0.0092179,0.0092179
81,1439.62,0.64739,0.62306,0.96398,0.63736,0.46802,0.53017,0.38688,0.84483,6.83182,1.07437,0.009208,0.009208,0.009208
82,1457.14,0.65609,0.59711,0.95588,0.69042,0.45652,0.54188,0.41283,0.83327,2.44976,1.02585,0.0091981,0.0091981,0.0091981
83,1474.61,0.66018,0.61166,0.96689,0.59176,0.54839,0.56927,0.4221,0.80977,5.57673,1.04722,0.0091882,0.0091882,0.0091882
84,1492.17,0.63186,0.61973,0.96173,0.49097,0.62913,0.55391,0.40422,0.79326,6.25018,1.01978,0.0091783,0.0091783,0.0091783
85,1509.67,0.63858,0.59806,0.96818,0.55207,0.5218,0.50202,0.37546,0.82894,4.38233,1.04284,0.0091684,0.0091684,0.0091684
86,1527.17,0.66359,0.61529,0.975,0.52082,0.55762,0.53208,0.3748,0.85408,4.6771,1.06098,0.0091585,0.0091585,0.0091585
87,1544.63,0.64919,0.63968,0.98359,0.55961,0.51704,0.53254,0.37447,0.81107,7.08355,1.00845,0.0091486,0.0091486,0.0091486
88,1562.11,0.66006,0.5946,0.97009,0.59796,0.51683,0.54414,0.3779,0.86012,6.18568,1.05556,0.0091387,0.0091387,0.0091387
89,1579.57,0.64803,0.58491,0.96214,0.59415,0.55183,0.54321,0.39322,0.85936,7.36134,1.08567,0.0091288,0.0091288,0.0091288
90,1596.99,0.65233,0.60884,0.96173,0.59763,0.55011,0.5297,0.39463,0.81945,7.92542,1.02898,0.0091189,0.0091189,0.0091189
91,1614.41,0.65324,0.59048,0.96006,0.55277,0.57459,0.5412,0.41239,0.82817,2.86661,1.01835,0.009109,0.009109,0.009109
92,1631.87,0.64027,0.60309,0.96178,0.67621,0.51376,0.58567,0.41861,0.83568,6.7695,1.05011,0.0090991,0.0090991,0.0090991
93,1649.39,0.62263,0.56234,0.95448,0.51622,0.56672,0.52715,0.38031,0.85439,4.45549,1.06873,0.0090892,0.0090892,0.0090892
94,1666.9,0.64185,0.62757,0.96271,0.55732,0.5773,0.54382,0.40127,0.83094,4.91916,1.04863,0.0090793,0.0090793,0.0090793
95,1684.38,0.65251,0.60722,0.96671,0.56154,0.61511,0.56866,0.4183,0.84622,3.5942,1.09228,0.0090694,0.0090694,0.0090694
96,1701.79,0.64826,0.65491,0.99074,0.71418,0.51918,0.58502,0.43807,0.79756,5.73265,1.03102,0.0090595,0.0090595,0.0090595
97,1719.19,0.65837,0.6009,0.9746,0.56438,0.59122,0.59058,0.45395,0.80927,4.20865,1.04034,0.0090496,0.0090496,0.0090496
98,1737.36,0.64584,0.58261,0.97051,0.66397,0.47939,0.57521,0.43194,0.83894,5.63485,1.07798,0.0090397,0.0090397,0.0090397
99,1754.94,0.63313,0.58932,0.95914,0.66406,0.51013,0.57312,0.43961,0.7799,4.70354,1.01018,0.0090298,0.0090298,0.0090298
100,1772.4,0.62447,0.56071,0.9512,0.66431,0.47746,0.5466,0.41835,0.79631,3.44253,1.01837,0.0090199,0.0090199,0.0090199
101,1789.83,0.63133,0.58185,0.95797,0.62956,0.57688,0.59526,0.43967,0.81864,4.35698,1.03595,0.00901,0.00901,0.00901
102,1807.27,0.63519,0.60273,0.96245,0.58149,0.55624,0.5498,0.41772,0.8432,7.14449,1.05754,0.0090001,0.0090001,0.0090001
103,1824.69,0.66778,0.60403,0.97471,0.56907,0.52845,0.49033,0.3571,0.83821,3.37651,1.06832,0.0089902,0.0089902,0.0089902
104,1842.13,0.62998,0.55424,0.95494,0.53953,0.56713,0.50321,0.38364,0.80562,5.26819,1.03377,0.0089803,0.0089803,0.0089803
105,1859.61,0.65974,0.60635,0.98701,0.53461,0.55849,0.50268,0.38006,0.80447,4.88182,1.00119,0.0089704,0.0089704,0.0089704
106,1877.1,0.63728,0.60777,0.96599,0.49647,0.5754,0.52463,0.39622,0.80084,5.55157,1.00984,0.0089605,0.0089605,0.0089605
107,1894.58,0.62629,0.58001,0.95719,0.61434,0.53878,0.55212,0.40847,0.8264,4.68515,1.05402,0.0089506,0.0089506,0.0089506
108,1912.01,0.64499,0.58452,0.96531,0.55365,0.56609,0.55136,0.40931,0.82804,4.63983,1.05038,0.0089407,0.0089407,0.0089407
109,1929.57,0.60262,0.5531,0.93832,0.5303,0.58371,0.54525,0.41103,0.84066,5.63846,1.06422,0.0089308,0.0089308,0.0089308
110,1947.13,0.62355,0.55741,0.95959,0.58537,0.57795,0.54226,0.39634,0.8436,3.77162,1.05895,0.0089209,0.0089209,0.0089209
111,1964.55,0.60887,0.54526,0.95672,0.59704,0.51963,0.52469,0.3999,0.85214,4.02515,1.07271,0.008911,0.008911,0.008911
112,1982.07,0.6166,0.54249,0.94531,0.5573,0.56132,0.50764,0.38896,0.79463,5.68455,1.03249,0.0089011,0.0089011,0.0089011
113,1999.5,0.61701,0.5457,0.95691,0.56124,0.53563,0.51287,0.38846,0.80631,5.2597,1.05035,0.0088912,0.0088912,0.0088912
114,2017,0.61322,0.53144,0.95061,0.50695,0.61767,0.54953,0.41205,0.81569,5.65336,1.05033,0.0088813,0.0088813,0.0088813
115,2034.44,0.61319,0.57891,0.95512,0.58558,0.51739,0.53071,0.39129,0.83471,5.20832,1.05814,0.0088714,0.0088714,0.0088714
116,2051.94,0.63207,0.56777,0.95235,0.62893,0.45534,0.5076,0.38633,0.82367,3.94693,1.06912,0.0088615,0.0088615,0.0088615
117,2069.31,0.60364,0.537,0.94029,0.55771,0.55168,0.56482,0.43107,0.83223,3.68942,1.05642,0.0088516,0.0088516,0.0088516
118,2086.77,0.59234,0.53371,0.9416,0.69888,0.43575,0.54495,0.40943,0.8245,3.47264,1.03799,0.0088417,0.0088417,0.0088417
119,2104.24,0.61136,0.54895,0.95281,0.61924,0.5354,0.56128,0.42106,0.83876,4.35344,1.06676,0.0088318,0.0088318,0.0088318
120,2121.69,0.59621,0.50795,0.94535,0.6182,0.52836,0.55158,0.414,0.83707,4.55379,1.08831,0.0088219,0.0088219,0.0088219
121,2139.19,0.61718,0.55823,0.94858,0.76708,0.44302,0.51687,0.40026,0.82256,5.80885,1.05405,0.008812,0.008812,0.008812
122,2156.59,0.60108,0.54366,0.94456,0.59527,0.52494,0.53846,0.40697,0.82087,5.24156,1.05951,0.0088021,0.0088021,0.0088021
123,2173.99,0.57934,0.53093,0.93436,0.61241,0.57473,0.55976,0.4155,0.80646,4.16549,1.03574,0.0087922,0.0087922,0.0087922
124,2191.42,0.57995,0.51049,0.92378,0.6075,0.54251,0.56139,0.42847,0.81251,3.80334,1.05044,0.0087823,0.0087823,0.0087823
125,2208.81,0.60091,0.56158,0.94628,0.60004,0.59665,0.55347,0.40729,0.83405,5.96254,1.09786,0.0087724,0.0087724,0.0087724
126,2225.97,0.59018,0.52225,0.92922,0.53804,0.61023,0.57419,0.426,0.81579,8.76756,1.07345,0.0087625,0.0087625,0.0087625
127,2243.32,0.62124,0.57958,0.95074,0.64387,0.49852,0.55058,0.40989,0.83459,5.72403,1.07201,0.0087526,0.0087526,0.0087526
128,2260.72,0.58638,0.53213,0.93343,0.61559,0.54933,0.5307,0.40472,0.79322,3.71764,1.03389,0.0087427,0.0087427,0.0087427
129,2278.16,0.58647,0.53498,0.94768,0.58495,0.49339,0.49605,0.38238,0.79851,2.98204,1.03762,0.0087328,0.0087328,0.0087328
130,2295.64,0.5914,0.5226,0.94308,0.63823,0.50393,0.55303,0.42536,0.79403,6.1003,1.04642,0.0087229,0.0087229,0.0087229
131,2313.1,0.5733,0.52087,0.93844,0.57914,0.52688,0.51604,0.40613,0.81808,5.30961,1.04879,0.008713,0.008713,0.008713
132,2330.56,0.59243,0.54443,0.93814,0.573,0.54537,0.55999,0.44014,0.78169,3.44534,1.01258,0.0087031,0.0087031,0.0087031
133,2347.94,0.56841,0.51912,0.92379,0.5613,0.55006,0.5262,0.40299,0.80979,6.31262,1.06295,0.0086932,0.0086932,0.0086932
134,2365.39,0.58577,0.5241,0.93865,0.56932,0.56603,0.56001,0.41321,0.81683,6.83962,1.05699,0.0086833,0.0086833,0.0086833
135,2382.86,0.57114,0.49686,0.92479,0.64086,0.5569,0.57226,0.43338,0.7617,5.63161,1.00496,0.0086734,0.0086734,0.0086734
136,2400.31,0.58868,0.52046,0.93486,0.57206,0.50042,0.50484,0.38083,0.81002,4.53909,1.04123,0.0086635,0.0086635,0.0086635
137,2417.79,0.5884,0.53563,0.9372,0.63512,0.47584,0.51198,0.38912,0.8108,3.09532,1.02091,0.0086536,0.0086536,0.0086536
138,2435.26,0.58537,0.51791,0.93379,0.61246,0.51376,0.56664,0.43244,0.84191,4.44148,1.08714,0.0086437,0.0086437,0.0086437
139,2452.65,0.58697,0.51685,0.95042,0.62124,0.50042,0.56245,0.41933,0.85055,4.72664,1.06474,0.0086338,0.0086338,0.0086338
140,2470.07,0.58197,0.51535,0.93473,0.63949,0.55685,0.55708,0.41748,0.84222,4.83999,1.07247,0.0086239,0.0086239,0.0086239
141,2487.44,0.56207,0.49722,0.92707,0.6959,0.49618,0.56827,0.43534,0.81416,5.11147,1.06938,0.008614,0.008614,0.008614
142,2504.84,0.59764,0.53935,0.93826,0.58744,0.54101,0.56969,0.42384,0.83376,5.70024,1.11322,0.0086041,0.0086041,0.0086041
143,2522.35,0.58621,0.51633,0.94494,0.62328,0.4982,0.56661,0.43931,0.83937,4.87642,1.10886,0.0085942,0.0085942,0.0085942
144,2539.83,0.59142,0.50963,0.93432,0.5808,0.55313,0.55657,0.41522,0.86049,5.00633,1.1302,0.0085843,0.0085843,0.0085843
145,2557.17,0.5644,0.492,0.92431,0.70646,0.48382,0.58395,0.43718,0.85444,4.55518,1.12546,0.0085744,0.0085744,0.0085744
146,2574.66,0.581,0.52599,0.94883,0.6764,0.48115,0.54072,0.40877,0.86075,3.77338,1.11898,0.0085645,0.0085645,0.0085645
147,2592.15,0.55792,0.50443,0.92424,0.64935,0.51704,0.52952,0.40215,0.8269,4.00394,1.05511,0.0085546,0.0085546,0.0085546
148,2609.59,0.59221,0.50501,0.93152,0.52544,0.5155,0.51729,0.3916,0.83784,4.65046,1.07197,0.0085447,0.0085447,0.0085447
149,2627.07,0.57318,0.51235,0.92963,0.49882,0.52918,0.48705,0.38045,0.84104,3.35448,1.05647,0.0085348,0.0085348,0.0085348
150,2644.45,0.55951,0.49147,0.92313,0.61286,0.45299,0.4947,0.38501,0.83057,3.49199,1.06132,0.0085249,0.0085249,0.0085249
151,2661.85,0.56748,0.49365,0.92606,0.49068,0.55406,0.4899,0.38585,0.82187,4.45031,1.07076,0.008515,0.008515,0.008515
152,2679.27,0.58051,0.5031,0.93599,0.51604,0.59177,0.54617,0.41594,0.83858,5.75204,1.05968,0.0085051,0.0085051,0.0085051
153,2696.72,0.56371,0.48973,0.93356,0.55131,0.53532,0.50579,0.37931,0.87861,4.44398,1.10894,0.0084952,0.0084952,0.0084952
154,2714.17,0.60791,0.55488,0.95656,0.61116,0.52117,0.53312,0.39862,0.86066,5.84284,1.09437,0.0084853,0.0084853,0.0084853
155,2731.62,0.59286,0.52396,0.95398,0.57877,0.52575,0.52728,0.39062,0.8676,3.54189,1.10153,0.0084754,0.0084754,0.0084754
156,2749.08,0.57791,0.51953,0.94105,0.59237,0.49386,0.52456,0.39642,0.85514,3.45877,1.07254,0.0084655,0.0084655,0.0084655
157,2766.49,0.58471,0.53147,0.94512,0.56376,0.52691,0.54493,0.41696,0.79141,4.05434,1.00074,0.0084556,0.0084556,0.0084556
158,2783.91,0.56143,0.49553,0.91706,0.67852,0.42186,0.52343,0.40417,0.8379,2.79062,1.06438,0.0084457,0.0084457,0.0084457
159,2801.33,0.58355,0.51055,0.93751,0.55981,0.50184,0.49676,0.37448,0.83077,3.15563,1.03986,0.0084358,0.0084358,0.0084358
160,2818.73,0.54361,0.48063,0.93541,0.56918,0.57406,0.55926,0.43026,0.81392,6.6585,1.05005,0.0084259,0.0084259,0.0084259
161,2836.12,0.56752,0.51228,0.93794,0.6659,0.48235,0.54138,0.41183,0.81812,2.64687,1.04613,0.008416,0.008416,0.008416
162,2853.49,0.542,0.47982,0.91706,0.56056,0.54756,0.5707,0.44164,0.78726,2.98631,1.03028,0.0084061,0.0084061,0.0084061
163,2870.93,0.56847,0.47233,0.92944,0.60579,0.54553,0.56447,0.44818,0.80832,1.96538,1.04379,0.0083962,0.0083962,0.0083962
164,2888.35,0.57926,0.47873,0.93073,0.60509,0.51636,0.55201,0.41969,0.7937,5.22137,1.02725,0.0083863,0.0083863,0.0083863
165,2905.77,0.54626,0.46166,0.92883,0.59671,0.55292,0.56035,0.43858,0.79473,5.89861,1.02475,0.0083764,0.0083764,0.0083764
166,2923.28,0.57352,0.50698,0.93221,0.59193,0.56896,0.54988,0.41741,0.81368,4.45273,1.03033,0.0083665,0.0083665,0.0083665
167,2940.64,0.56006,0.47169,0.93355,0.63656,0.53517,0.56223,0.42534,0.82911,4.76053,1.06826,0.0083566,0.0083566,0.0083566
168,2958.04,0.55916,0.50145,0.93192,0.5773,0.5718,0.56827,0.4361,0.82109,4.39898,1.03503,0.0083467,0.0083467,0.0083467
169,2975.46,0.56495,0.50786,0.92423,0.55033,0.56968,0.56846,0.43976,0.80198,4.10621,1.02603,0.0083368,0.0083368,0.0083368
170,2992.9,0.53146,0.44993,0.90832,0.57189,0.53549,0.54011,0.42803,0.79049,7.68802,1.0382,0.0083269,0.0083269,0.0083269
171,3010.27,0.5648,0.47435,0.93223,0.73485,0.47397,0.53521,0.41922,0.76397,6.62808,1.01386,0.008317,0.008317,0.008317
172,3027.61,0.5372,0.47805,0.92247,0.59248,0.55717,0.5456,0.42562,0.76803,5.81703,1.00571,0.0083071,0.0083071,0.0083071
173,3044.99,0.54844,0.46597,0.91871,0.64931,0.49211,0.54887,0.42737,0.79132,4.71769,1.03614,0.0082972,0.0082972,0.0082972
174,3062.4,0.5606,0.49078,0.91943,0.56318,0.5719,0.56712,0.4397,0.82279,2.03177,1.03728,0.0082873,0.0082873,0.0082873
175,3079.79,0.55916,0.47648,0.92243,0.63569,0.53367,0.58695,0.45944,0.79384,2.80352,1.02726,0.0082774,0.0082774,0.0082774
176,3097.69,0.53219,0.48358,0.91706,0.68372,0.54637,0.56539,0.44062,0.7899,3.60612,1.01602,0.0082675,0.0082675,0.0082675
177,3115.22,0.55374,0.48548,0.91508,0.62635,0.57607,0.59489,0.45247,0.79552,2.73701,1.03074,0.0082576,0.0082576,0.0082576
178,3132.63,0.53388,0.47508,0.90832,0.57793,0.56975,0.56473,0.42805,0.83615,2.87633,1.09047,0.0082477,0.0082477,0.0082477
179,3149.98,0.56684,0.49476,0.92858,0.63659,0.5185,0.57017,0.43052,0.80562,4.54437,1.04607,0.0082378,0.0082378,0.0082378
180,3167.39,0.55933,0.49118,0.93205,0.62497,0.51256,0.56443,0.43085,0.80876,2.86404,1.03464,0.0082279,0.0082279,0.0082279
181,3184.81,0.54249,0.4845,0.91201,0.55428,0.60101,0.57618,0.45135,0.78464,3.79204,1.02908,0.008218,0.008218,0.008218
182,3202.2,0.5383,0.49033,0.92005,0.67233,0.51197,0.55738,0.43892,0.78763,3.46714,1.0332,0.0082081,0.0082081,0.0082081
183,3219.59,0.55973,0.47231,0.92624,0.57658,0.55435,0.52694,0.41964,0.79422,4.82132,1.03562,0.0081982,0.0081982,0.0081982
184,3236.97,0.53465,0.4533,0.90597,0.65253,0.50426,0.55734,0.442,0.83223,9.08773,1.09867,0.0081883,0.0081883,0.0081883
185,3254.41,0.53832,0.47085,0.92251,0.61489,0.51683,0.57428,0.45631,0.7755,6.56705,1.03424,0.0081784,0.0081784,0.0081784
186,3271.84,0.5535,0.46808,0.92561,0.56811,0.49746,0.55117,0.43248,0.79972,3.45275,1.06506,0.0081685,0.0081685,0.0081685
187,3289.3,0.5445,0.47685,0.91615,0.57327,0.52053,0.52676,0.42245,0.77737,4.67359,1.04532,0.0081586,0.0081586,0.0081586
188,3306.74,0.53408,0.47109,0.91463,0.62398,0.51042,0.56374,0.43488,0.81693,4.66701,1.10577,0.0081487,0.0081487,0.0081487
189,3324.1,0.55164,0.46832,0.91638,0.55733,0.56915,0.5405,0.41241,0.83925,3.29548,1.10761,0.0081388,0.0081388,0.0081388
190,3341.48,0.53108,0.46255,0.91548,0.53867,0.58346,0.55458,0.41808,0.84321,3.73266,1.10819,0.0081289,0.0081289,0.0081289
191,3358.88,0.54023,0.48298,0.91768,0.58197,0.51952,0.52682,0.41133,0.80511,4.14003,1.0635,0.008119,0.008119,0.008119
192,3376.24,0.54869,0.4812,0.92091,0.54963,0.51624,0.52494,0.40758,0.78845,4.02232,1.03842,0.0081091,0.0081091,0.0081091
193,3393.61,0.5486,0.47689,0.91794,0.59943,0.48545,0.54064,0.42393,0.81797,2.5154,1.05731,0.0080992,0.0080992,0.0080992
194,3411,0.53505,0.47144,0.91326,0.56827,0.48975,0.52272,0.3993,0.80976,2.82712,1.06023,0.0080893,0.0080893,0.0080893
195,3428.43,0.53869,0.46231,0.92552,0.67664,0.48709,0.56294,0.42737,0.82924,2.60513,1.06395,0.0080794,0.0080794,0.0080794
196,3445.85,0.54527,0.47376,0.91102,0.7077,0.49821,0.59255,0.4458,0.82724,2.24803,1.06402,0.0080695,0.0080695,0.0080695
197,3463.33,0.52675,0.45645,0.91822,0.63683,0.52151,0.55564,0.41833,0.8444,3.17005,1.10838,0.0080596,0.0080596,0.0080596
198,3480.72,0.53307,0.45006,0.92594,0.62315,0.57062,0.5742,0.44123,0.83119,4.05186,1.0932,0.0080497,0.0080497,0.0080497
199,3498.09,0.5463,0.47034,0.92493,0.56395,0.54944,0.56319,0.43745,0.83315,5.51946,1.07021,0.0080398,0.0080398,0.0080398
200,3515.47,0.52741,0.46266,0.92846,0.60933,0.54119,0.58462,0.44649,0.84828,5.99947,1.09123,0.0080299,0.0080299,0.0080299
201,3532.87,0.5479,0.46601,0.91671,0.61406,0.51913,0.57364,0.43982,0.83948,4.25357,1.07612,0.00802,0.00802,0.00802
202,3550.32,0.5211,0.47911,0.91816,0.62958,0.53155,0.57336,0.44381,0.83681,5.70943,1.09427,0.0080101,0.0080101,0.0080101
203,3567.71,0.5467,0.46985,0.92845,0.63357,0.48222,0.53169,0.4146,0.81044,3.52293,1.06112,0.0080002,0.0080002,0.0080002
204,3585.13,0.53292,0.44335,0.91519,0.56786,0.52504,0.5227,0.42146,0.83082,4.09227,1.09125,0.0079903,0.0079903,0.0079903
205,3602.51,0.51129,0.42879,0.90697,0.59785,0.49486,0.53423,0.43071,0.80275,3.20845,1.05691,0.0079804,0.0079804,0.0079804
206,3619.88,0.52218,0.45281,0.90466,0.62884,0.51699,0.5506,0.42226,0.83742,5.0681,1.06842,0.0079705,0.0079705,0.0079705
207,3637.33,0.53769,0.45097,0.91674,0.5873,0.47362,0.52323,0.41116,0.82158,4.3952,1.02354,0.0079606,0.0079606,0.0079606
208,3654.67,0.56496,0.48269,0.93752,0.5811,0.53536,0.54545,0.42691,0.78995,4.40115,1.02278,0.0079507,0.0079507,0.0079507
209,3672.05,0.54069,0.47116,0.91889,0.71936,0.4264,0.52988,0.41983,0.80693,3.46807,1.0559,0.0079408,0.0079408,0.0079408
210,3689.39,0.52339,0.45368,0.91921,0.54803,0.57705,0.56885,0.42839,0.84401,4.30309,1.10079,0.0079309,0.0079309,0.0079309
211,3706.82,0.52697,0.46849,0.91588,0.6173,0.51566,0.53336,0.41163,0.81059,3.07878,1.05714,0.007921,0.007921,0.007921
212,3724.19,0.52785,0.44508,0.90343,0.58165,0.51185,0.51216,0.39132,0.81399,3.36168,1.10285,0.0079111,0.0079111,0.0079111
213,3741.5,0.5373,0.46532,0.9174,0.62317,0.43928,0.48931,0.36876,0.87373,3.52476,1.13805,0.0079012,0.0079012,0.0079012
214,3758.93,0.51366,0.42438,0.9005,0.55695,0.57593,0.54948,0.42388,0.83166,5.44253,1.07822,0.0078913,0.0078913,0.0078913
215,3776.4,0.51981,0.45155,0.91675,0.6805,0.46614,0.53852,0.42628,0.79247,5.29493,1.04511,0.0078814,0.0078814,0.0078814
216,3793.84,0.51083,0.43023,0.92077,0.58679,0.46085,0.50758,0.408,0.76511,5.30176,1.01053,0.0078715,0.0078715,0.0078715
217,3811.19,0.52228,0.46047,0.91277,0.55532,0.48175,0.51983,0.41311,0.77391,4.87244,1.01279,0.0078616,0.0078616,0.0078616
218,3828.58,0.52217,0.42237,0.91842,0.61801,0.503,0.55773,0.44345,0.83499,3.94978,1.0941,0.0078517,0.0078517,0.0078517
219,3846.05,0.50992,0.44707,0.90751,0.55672,0.56514,0.53064,0.40788,0.81485,3.75805,1.04768,0.0078418,0.0078418,0.0078418
220,3863.49,0.50302,0.44374,0.89619,0.61814,0.52599,0.55654,0.43613,0.79378,3.8644,1.03972,0.0078319,0.0078319,0.0078319
221,3880.81,0.49495,0.42338,0.89338,0.57563,0.56663,0.53865,0.42038,0.82485,4.49941,1.07946,0.007822,0.007822,0.007822
222,3898.19,0.51096,0.44042,0.90667,0.61197,0.52389,0.56468,0.43741,0.82984,3.46225,1.08743,0.0078121,0.0078121,0.0078121
223,3915.58,0.5176,0.4425,0.91236,0.6717,0.46207,0.55362,0.43524,0.80843,4.69107,1.08033,0.0078022,0.0078022,0.0078022
224,3933.02,0.53382,0.45307,0.91955,0.59198,0.53194,0.5457,0.42501,0.82879,4.30908,1.09726,0.0077923,0.0077923,0.0077923
225,3950.44,0.52282,0.43595,0.90284,0.62367,0.49138,0.52822,0.42015,0.82731,4.74187,1.07478,0.0077824,0.0077824,0.0077824
226,3967.87,0.49803,0.44159,0.90466,0.52683,0.51097,0.49748,0.39377,0.81537,4.00298,1.05216,0.0077725,0.0077725,0.0077725
227,3985.33,0.53316,0.46666,0.91808,0.66738,0.42038,0.51316,0.39659,0.82909,2.36171,1.058,0.0077626,0.0077626,0.0077626
228,4002.66,0.50583,0.44785,0.91502,0.67489,0.51716,0.53955,0.41998,0.77119,4.35928,1.01387,0.0077527,0.0077527,0.0077527
229,4020.05,0.52982,0.45095,0.92594,0.65391,0.53182,0.58513,0.44972,0.81091,3.10911,1.059,0.0077428,0.0077428,0.0077428
230,4037.43,0.50196,0.44813,0.91259,0.55116,0.57408,0.57893,0.44443,0.79282,2.68002,1.04009,0.0077329,0.0077329,0.0077329
231,4054.82,0.49478,0.43963,0.90215,0.60694,0.51667,0.56086,0.44524,0.81918,3.18929,1.05068,0.007723,0.007723,0.007723
232,4072.2,0.53608,0.47752,0.9266,0.64398,0.49928,0.56885,0.44408,0.79937,3.4296,1.04024,0.0077131,0.0077131,0.0077131
233,4089.58,0.51707,0.46054,0.91714,0.59167,0.52733,0.56282,0.43618,0.81964,2.89391,1.04994,0.0077032,0.0077032,0.0077032
234,4106.95,0.50138,0.4295,0.89367,0.56883,0.53652,0.55098,0.43564,0.76208,2.72551,1.01284,0.0076933,0.0076933,0.0076933
235,4124.26,0.49723,0.42128,0.9008,0.53827,0.49422,0.51736,0.41311,0.77507,2.4043,1.02955,0.0076834,0.0076834,0.0076834
236,4141.76,0.5191,0.44522,0.91283,0.70074,0.45008,0.53991,0.41954,0.80897,3.58754,1.09148,0.0076735,0.0076735,0.0076735
237,4159.16,0.51937,0.43971,0.9064,0.61749,0.53518,0.51717,0.39596,0.81069,6.59788,1.08891,0.0076636,0.0076636,0.0076636
238,4176.52,0.503,0.42557,0.90976,0.57317,0.51952,0.54141,0.41042,0.8188,3.33919,1.09694,0.0076537,0.0076537,0.0076537
239,4193.85,0.48614,0.41768,0.90181,0.57382,0.54701,0.54751,0.42038,0.84789,4.97689,1.11628,0.0076438,0.0076438,0.0076438
240,4211.24,0.49966,0.42858,0.90694,0.6401,0.51699,0.56536,0.43512,0.84135,3.58816,1.12041,0.0076339,0.0076339,0.0076339
241,4228.63,0.47976,0.41389,0.90166,0.61864,0.54585,0.53705,0.40932,0.78879,4.94267,1.04553,0.007624,0.007624,0.007624
242,4245.96,0.50008,0.45758,0.90314,0.59058,0.54354,0.55528,0.42612,0.78959,5.2164,1.05505,0.0076141,0.0076141,0.0076141
243,4263.31,0.51152,0.43013,0.91087,0.56125,0.5836,0.5727,0.437,0.76425,3.51904,1.03732,0.0076042,0.0076042,0.0076042
244,4280.66,0.48858,0.4194,0.91131,0.60926,0.54433,0.55473,0.43304,0.76846,5.09081,1.04118,0.0075943,0.0075943,0.0075943
245,4297.98,0.49128,0.41433,0.89559,0.59742,0.51342,0.5811,0.44515,0.77366,3.52537,1.03832,0.0075844,0.0075844,0.0075844
246,4315.38,0.5121,0.44536,0.90719,0.58377,0.57676,0.59476,0.46345,0.80385,2.86888,1.07083,0.0075745,0.0075745,0.0075745
247,4333.42,0.49626,0.41994,0.89466,0.65494,0.5063,0.56999,0.44554,0.78857,3.96182,1.05804,0.0075646,0.0075646,0.0075646
248,4350.83,0.50395,0.42961,0.90376,0.57374,0.54372,0.57917,0.43903,0.80951,4.08228,1.09218,0.0075547,0.0075547,0.0075547
249,4368.16,0.47853,0.41124,0.89701,0.57169,0.55746,0.54825,0.43486,0.79093,3.09111,1.03957,0.0075448,0.0075448,0.0075448
250,4385.59,0.51164,0.43491,0.91528,0.56231,0.59388,0.56955,0.44339,0.78014,4.77725,1.02288,0.0075349,0.0075349,0.0075349
251,4402.93,0.49606,0.4115,0.90214,0.63267,0.58366,0.57621,0.42832,0.79117,5.68509,1.04455,0.007525,0.007525,0.007525
252,4420.29,0.49943,0.417,0.90431,0.68501,0.53599,0.58904,0.44954,0.78998,3.90309,1.05586,0.0075151,0.0075151,0.0075151
253,4437.6,0.50801,0.44336,0.9048,0.74939,0.44103,0.57883,0.44644,0.79814,3.58732,1.04154,0.0075052,0.0075052,0.0075052
254,4454.94,0.50613,0.4443,0.90672,0.5676,0.55406,0.55357,0.42603,0.82739,4.53312,1.05591,0.0074953,0.0074953,0.0074953
255,4472.28,0.51769,0.42494,0.91984,0.59727,0.57441,0.59673,0.46045,0.80927,6.54216,1.07939,0.0074854,0.0074854,0.0074854
256,4489.67,0.50724,0.45013,0.90936,0.57861,0.55679,0.56873,0.43919,0.79829,5.40664,1.0631,0.0074755,0.0074755,0.0074755
257,4507.09,0.49249,0.42085,0.90696,0.59354,0.49323,0.55551,0.44427,0.78012,3.19675,1.03923,0.0074656,0.0074656,0.0074656
258,4524.45,0.47508,0.39679,0.89816,0.67801,0.49222,0.57792,0.4473,0.79749,4.68178,1.0346,0.0074557,0.0074557,0.0074557
259,4541.74,0.49954,0.41651,0.91419,0.66003,0.47413,0.5809,0.4562,0.80237,4.22694,1.05672,0.0074458,0.0074458,0.0074458
260,4559.16,0.50746,0.43992,0.9139,0.68842,0.43112,0.55468,0.44848,0.79694,4.16012,1.06776,0.0074359,0.0074359,0.0074359
261,4576.49,0.51822,0.43894,0.91292,0.53209,0.5659,0.57204,0.44539,0.77246,3.03429,1.05112,0.007426,0.007426,0.007426
262,4593.86,0.47947,0.39683,0.89358,0.52133,0.58632,0.575,0.45319,0.78918,3.8181,1.07462,0.0074161,0.0074161,0.0074161
263,4611.21,0.46255,0.39979,0.88818,0.54274,0.53818,0.57266,0.45508,0.79163,3.67748,1.06948,0.0074062,0.0074062,0.0074062
264,4628.61,0.48858,0.42514,0.90289,0.67467,0.47239,0.57276,0.45805,0.82748,3.28204,1.10228,0.0073963,0.0073963,0.0073963
265,4646.02,0.47414,0.39259,0.89131,0.64142,0.51547,0.56844,0.4464,0.81538,4.18796,1.10275,0.0073864,0.0073864,0.0073864
266,4663.37,0.49216,0.40917,0.90411,0.55709,0.53832,0.53527,0.42873,0.7981,2.46908,1.07043,0.0073765,0.0073765,0.0073765
267,4680.7,0.49779,0.40913,0.90132,0.56251,0.57873,0.55496,0.43844,0.79261,2.91104,1.04302,0.0073666,0.0073666,0.0073666
268,4698.15,0.52373,0.46324,0.91682,0.52142,0.5838,0.57867,0.43993,0.79281,3.05902,1.05643,0.0073567,0.0073567,0.0073567
269,4715.55,0.47041,0.38722,0.88928,0.64146,0.53032,0.56823,0.43672,0.79114,3.07699,1.05727,0.0073468,0.0073468,0.0073468
270,4732.9,0.46847,0.41195,0.89139,0.65672,0.49305,0.53955,0.42368,0.76971,2.57729,1.04603,0.0073369,0.0073369,0.0073369
271,4750.28,0.48706,0.40545,0.90136,0.61995,0.54144,0.55534,0.43601,0.79807,3.19212,1.08793,0.007327,0.007327,0.007327
272,4767.69,0.46424,0.40737,0.89252,0.64296,0.49356,0.54317,0.43329,0.7643,3.91483,1.05593,0.0073171,0.0073171,0.0073171
273,4785.01,0.49707,0.41135,0.90673,0.63866,0.51247,0.54644,0.43764,0.80187,2.259,1.08765,0.0073072,0.0073072,0.0073072
274,4802.39,0.47259,0.39199,0.89152,0.54976,0.5269,0.54729,0.44028,0.7944,3.55611,1.06567,0.0072973,0.0072973,0.0072973
275,4819.7,0.49562,0.41743,0.90732,0.68878,0.42424,0.54948,0.43365,0.7943,3.33506,1.0569,0.0072874,0.0072874,0.0072874
276,4837.05,0.47968,0.40496,0.89667,0.61155,0.43434,0.50093,0.40583,0.80977,3.30105,1.09083,0.0072775,0.0072775,0.0072775
277,4854.51,0.49165,0.41394,0.9088,0.54271,0.46074,0.49162,0.39916,0.80111,2.84028,1.06906,0.0072676,0.0072676,0.0072676
278,4871.84,0.48546,0.41489,0.89452,0.6284,0.46771,0.52486,0.41737,0.80472,2.95003,1.07085,0.0072577,0.0072577,0.0072577
279,4889.2,0.48774,0.42368,0.90312,0.57887,0.5068,0.54297,0.42811,0.80169,3.2971,1.0788,0.0072478,0.0072478,0.0072478
280,4906.57,0.47807,0.40539,0.90037,0.57036,0.48871,0.54952,0.44077,0.80656,2.02054,1.06414,0.0072379,0.0072379,0.0072379
281,4924.01,0.46288,0.41194,0.89462,0.51848,0.54067,0.54822,0.43423,0.7975,2.49571,1.04677,0.007228,0.007228,0.007228
282,4941.3,0.47962,0.40196,0.89492,0.54739,0.53484,0.55169,0.43819,0.81266,2.54658,1.08333,0.0072181,0.0072181,0.0072181
283,4958.64,0.48339,0.40548,0.89082,0.62882,0.50255,0.57776,0.45853,0.81166,2.67027,1.09979,0.0072082,0.0072082,0.0072082
284,4975.96,0.47252,0.40921,0.89863,0.59374,0.55004,0.55703,0.44598,0.82752,2.75337,1.10284,0.0071983,0.0071983,0.0071983
285,4993.24,0.48456,0.43395,0.90136,0.66558,0.43935,0.54784,0.44005,0.79829,2.68919,1.06999,0.0071884,0.0071884,0.0071884
286,5010.56,0.49793,0.4167,0.90832,0.6222,0.45683,0.54432,0.43729,0.77607,2.62939,1.0413,0.0071785,0.0071785,0.0071785
287,5027.88,0.46865,0.39413,0.88178,0.57268,0.52713,0.55577,0.44092,0.7819,3.23812,1.05868,0.0071686,0.0071686,0.0071686
288,5045.23,0.48854,0.40684,0.90001,0.56151,0.54995,0.54269,0.43214,0.80896,3.69898,1.10084,0.0071587,0.0071587,0.0071587
289,5062.58,0.48696,0.40521,0.89533,0.59514,0.51717,0.56541,0.44261,0.81645,3.50137,1.08076,0.0071488,0.0071488,0.0071488
290,5079.92,0.4558,0.38566,0.89033,0.71115,0.41995,0.56684,0.44789,0.80149,3.60049,1.08032,0.0071389,0.0071389,0.0071389
291,5097.28,0.47961,0.42635,0.90751,0.60411,0.49131,0.55316,0.43874,0.79961,2.7528,1.11209,0.007129,0.007129,0.007129
292,5114.61,0.49332,0.41041,0.9094,0.64272,0.48194,0.54781,0.42783,0.80777,2.09213,1.10271,0.0071191,0.0071191,0.0071191
293,5132,0.46723,0.37755,0.89394,0.64045,0.54274,0.56783,0.44139,0.79352,2.46507,1.06981,0.0071092,0.0071092,0.0071092
294,5149.35,0.50006,0.43491,0.90933,0.59764,0.5117,0.57674,0.44006,0.80797,2.28953,1.07587,0.0070993,0.0070993,0.0070993
295,5166.71,0.4908,0.41833,0.90209,0.70689,0.51047,0.58644,0.44599,0.80863,2.89885,1.07949,0.0070894,0.0070894,0.0070894
296,5184.03,0.48535,0.40984,0.91362,0.64251,0.5169,0.57909,0.45125,0.80556,3.10652,1.0665,0.0070795,0.0070795,0.0070795
297,5201.39,0.46266,0.39264,0.89206,0.66686,0.49541,0.57914,0.44423,0.80726,3.85936,1.09103,0.0070696,0.0070696,0.0070696
298,5218.7,0.48256,0.39609,0.90094,0.57312,0.53371,0.5757,0.44225,0.79883,3.10145,1.10492,0.0070597,0.0070597,0.0070597
299,5236.05,0.47934,0.41561,0.89902,0.73146,0.41682,0.55705,0.43948,0.77872,2.04503,1.07376,0.0070498,0.0070498,0.0070498
300,5253.38,0.44238,0.36944,0.87799,0.61339,0.5143,0.55572,0.43407,0.80103,3.56591,1.10328,0.0070399,0.0070399,0.0070399
301,5270.71,0.46668,0.40091,0.89482,0.61274,0.5129,0.55489,0.43304,0.78884,2.96679,1.07693,0.00703,0.00703,0.00703
302,5288.08,0.45593,0.3994,0.8935,0.62269,0.54777,0.5673,0.44844,0.77605,3.05556,1.04768,0.0070201,0.0070201,0.0070201
303,5305.44,0.46412,0.39425,0.89383,0.6171,0.52897,0.56945,0.45253,0.774,2.37983,1.03083,0.0070102,0.0070102,0.0070102
304,5322.77,0.47311,0.38721,0.89329,0.59181,0.54866,0.57209,0.44976,0.78206,3.36845,1.05761,0.0070003,0.0070003,0.0070003
305,5340.05,0.48661,0.41819,0.90091,0.58217,0.54423,0.5673,0.44188,0.77723,2.94714,1.04803,0.0069904,0.0069904,0.0069904
306,5357.4,0.45606,0.37944,0.89667,0.63372,0.49098,0.55795,0.44226,0.78833,3.54697,1.05594,0.0069805,0.0069805,0.0069805
307,5374.74,0.48309,0.42209,0.91246,0.57107,0.50796,0.56335,0.45475,0.76903,2.81832,1.03909,0.0069706,0.0069706,0.0069706
308,5392.07,0.4531,0.38193,0.89108,0.63839,0.45282,0.56253,0.44891,0.79866,1.70408,1.07605,0.0069607,0.0069607,0.0069607
309,5409.37,0.45554,0.38248,0.8934,0.6841,0.46896,0.54792,0.44361,0.79713,2.01557,1.08972,0.0069508,0.0069508,0.0069508
310,5426.67,0.46607,0.38628,0.88883,0.69348,0.47451,0.57551,0.45001,0.77622,3.04553,1.06714,0.0069409,0.0069409,0.0069409
311,5444.01,0.4758,0.39703,0.9129,0.58638,0.56058,0.55552,0.4366,0.79419,2.0661,1.09057,0.006931,0.006931,0.006931
312,5461.36,0.45259,0.36424,0.88625,0.64006,0.51884,0.56972,0.43667,0.8124,3.04621,1.10214,0.0069211,0.0069211,0.0069211
313,5478.7,0.47626,0.38649,0.90055,0.62745,0.49586,0.53955,0.43098,0.81301,2.67518,1.08111,0.0069112,0.0069112,0.0069112
314,5496.01,0.47445,0.38128,0.89504,0.59854,0.53687,0.54876,0.43923,0.80464,2.131,1.08738,0.0069013,0.0069013,0.0069013
315,5513.45,0.4659,0.38441,0.89144,0.61489,0.55947,0.58316,0.46121,0.80612,2.36304,1.08831,0.0068914,0.0068914,0.0068914
316,5530.78,0.4587,0.37406,0.8828,0.57935,0.57066,0.55972,0.43856,0.81374,3.04258,1.10068,0.0068815,0.0068815,0.0068815
317,5548.12,0.46706,0.3812,0.89354,0.62176,0.51347,0.57598,0.45947,0.80348,2.61126,1.08544,0.0068716,0.0068716,0.0068716
318,5565.44,0.46348,0.40573,0.88829,0.60037,0.55681,0.56183,0.45671,0.79103,2.53701,1.07524,0.0068617,0.0068617,0.0068617
319,5582.78,0.45769,0.36409,0.89435,0.61211,0.57711,0.56972,0.46092,0.78468,3.22571,1.06528,0.0068518,0.0068518,0.0068518
320,5600.17,0.45694,0.38951,0.88817,0.60459,0.50244,0.53413,0.43098,0.78565,3.18403,1.0398,0.0068419,0.0068419,0.0068419
321,5617.49,0.47182,0.39244,0.89409,0.61107,0.55915,0.55847,0.43764,0.8071,3.10755,1.10321,0.006832,0.006832,0.006832
322,5634.77,0.45627,0.36551,0.87837,0.60503,0.54538,0.5631,0.45386,0.79179,3.99462,1.07204,0.0068221,0.0068221,0.0068221
323,5652.18,0.44619,0.3745,0.87537,0.6143,0.54344,0.58451,0.4662,0.82614,3.49869,1.09871,0.0068122,0.0068122,0.0068122
324,5670.31,0.48685,0.393,0.91084,0.62079,0.53704,0.59197,0.46211,0.81786,3.45496,1.10496,0.0068023,0.0068023,0.0068023
325,5687.61,0.45507,0.36812,0.88293,0.5949,0.55228,0.58666,0.47245,0.79999,2.52433,1.08555,0.0067924,0.0067924,0.0067924
326,5705.73,0.45383,0.37088,0.87522,0.59849,0.52766,0.57104,0.46112,0.76698,2.46755,1.03539,0.0067825,0.0067825,0.0067825
327,5723.05,0.46163,0.37722,0.89494,0.60412,0.53782,0.60218,0.47231,0.77292,5.32845,1.07442,0.0067726,0.0067726,0.0067726
328,5741,0.4744,0.40941,0.89937,0.5892,0.54846,0.59663,0.47155,0.7896,4.25899,1.08791,0.0067627,0.0067627,0.0067627
329,5758.27,0.45156,0.38866,0.88952,0.62682,0.52794,0.59514,0.47488,0.76436,4.54658,1.05738,0.0067528,0.0067528,0.0067528
330,5776.57,0.45739,0.38347,0.89339,0.62792,0.47093,0.57812,0.45647,0.779,4.21669,1.06995,0.0067429,0.0067429,0.0067429
331,5793.83,0.45353,0.38531,0.89566,0.65836,0.50327,0.59573,0.46362,0.79281,3.76874,1.09542,0.006733,0.006733,0.006733
332,5811.17,0.45336,0.3613,0.88732,0.61476,0.55055,0.58484,0.45614,0.83446,4.11303,1.12508,0.0067231,0.0067231,0.0067231
333,5828.5,0.45376,0.38011,0.88793,0.62832,0.51037,0.57885,0.46005,0.83596,4.8761,1.12256,0.0067132,0.0067132,0.0067132
334,5845.83,0.4536,0.37021,0.89189,0.63369,0.54538,0.58677,0.46627,0.80327,4.5641,1.11691,0.0067033,0.0067033,0.0067033
335,5863.11,0.45654,0.37385,0.8861,0.64564,0.46694,0.55773,0.44949,0.79705,3.88614,1.08464,0.0066934,0.0066934,0.0066934
336,5880.41,0.44838,0.3647,0.89096,0.64556,0.47021,0.56017,0.44142,0.80732,3.07261,1.09926,0.0066835,0.0066835,0.0066835
337,5897.71,0.44232,0.36231,0.88045,0.63925,0.49208,0.56423,0.44859,0.80951,2.39218,1.10734,0.0066736,0.0066736,0.0066736
338,5915.03,0.44853,0.37247,0.88735,0.66955,0.46627,0.57108,0.45705,0.79939,3.22271,1.11655,0.0066637,0.0066637,0.0066637
339,5932.35,0.44222,0.3615,0.88557,0.65941,0.47143,0.54665,0.4382,0.79801,3.06959,1.09698,0.0066538,0.0066538,0.0066538
340,5949.6,0.44617,0.3542,0.88202,0.56646,0.47489,0.54049,0.42745,0.8086,2.532,1.08717,0.0066439,0.0066439,0.0066439
341,5966.95,0.44939,0.36962,0.87714,0.55371,0.4973,0.56002,0.43701,0.80953,3.04062,1.06255,0.006634,0.006634,0.006634
342,5984.25,0.43468,0.36113,0.88563,0.62787,0.48161,0.54835,0.44663,0.79144,2.94394,1.05791,0.0066241,0.0066241,0.0066241
343,6001.56,0.44705,0.37722,0.88685,0.60725,0.51789,0.56249,0.45075,0.79134,2.4468,1.07868,0.0066142,0.0066142,0.0066142
344,6018.87,0.45883,0.3787,0.89375,0.58065,0.50458,0.54974,0.44432,0.76449,2.60283,1.06059,0.0066043,0.0066043,0.0066043
345,6036.23,0.45636,0.38574,0.89478,0.65868,0.43825,0.54746,0.44994,0.77701,3.3467,1.05472,0.0065944,0.0065944,0.0065944
346,6053.53,0.44081,0.36679,0.88498,0.58441,0.4766,0.52918,0.41817,0.77536,2.76166,1.05238,0.0065845,0.0065845,0.0065845
347,6070.84,0.45691,0.37681,0.88502,0.61558,0.50203,0.58027,0.44891,0.81416,2.74233,1.11635,0.0065746,0.0065746,0.0065746
348,6088.13,0.47575,0.38506,0.90236,0.64718,0.5019,0.58384,0.45131,0.80833,4.96541,1.11135,0.0065647,0.0065647,0.0065647
349,6105.43,0.46181,0.38197,0.89916,0.60281,0.48533,0.56657,0.44262,0.80768,2.42087,1.09618,0.0065548,0.0065548,0.0065548
350,6122.84,0.44975,0.38163,0.89658,0.65962,0.42469,0.54144,0.43663,0.78943,3.66281,1.068,0.0065449,0.0065449,0.0065449
351,6140.18,0.43143,0.35543,0.88335,0.69593,0.41151,0.53594,0.43518,0.78414,3.71097,1.05836,0.006535,0.006535,0.006535
352,6157.55,0.45221,0.36756,0.89089,0.57055,0.49048,0.54028,0.43584,0.78943,3.77481,1.08641,0.0065251,0.0065251,0.0065251
353,6174.83,0.44642,0.38795,0.8863,0.52918,0.52042,0.54924,0.4399,0.79911,3.26084,1.10183,0.0065152,0.0065152,0.0065152
354,6192.11,0.45218,0.37692,0.88434,0.61776,0.51058,0.56797,0.45157,0.80082,2.69504,1.11226,0.0065053,0.0065053,0.0065053
355,6209.5,0.44201,0.36794,0.88799,0.62702,0.4618,0.56853,0.44391,0.7827,3.32649,1.09123,0.0064954,0.0064954,0.0064954
356,6226.77,0.43788,0.36378,0.88301,0.61469,0.46704,0.53211,0.41972,0.81846,3.06593,1.10856,0.0064855,0.0064855,0.0064855
357,6244.06,0.4486,0.35096,0.88824,0.58817,0.53875,0.55167,0.4273,0.81772,2.75557,1.11292,0.0064756,0.0064756,0.0064756
358,6261.4,0.44834,0.35894,0.89564,0.56182,0.55899,0.56883,0.44655,0.84273,2.63943,1.1422,0.0064657,0.0064657,0.0064657
359,6278.73,0.45863,0.37324,0.89682,0.69353,0.45982,0.55872,0.43516,0.82066,2.99084,1.10376,0.0064558,0.0064558,0.0064558
360,6296.02,0.44189,0.3791,0.88815,0.67773,0.44139,0.53996,0.43399,0.79853,2.66464,1.05378,0.0064459,0.0064459,0.0064459
361,6313.37,0.44423,0.36468,0.89438,0.56328,0.51097,0.55061,0.43013,0.79673,2.69311,1.05468,0.006436,0.006436,0.006436
362,6330.74,0.45271,0.3701,0.89014,0.59679,0.50005,0.55329,0.4307,0.81999,2.94185,1.08829,0.0064261,0.0064261,0.0064261
363,6348.03,0.42506,0.34341,0.87787,0.57783,0.5268,0.55597,0.43528,0.81865,3.06886,1.09863,0.0064162,0.0064162,0.0064162
364,6365.33,0.43483,0.35923,0.87518,0.5785,0.52635,0.54447,0.43187,0.81089,3.62736,1.1043,0.0064063,0.0064063,0.0064063
365,6382.59,0.43247,0.36118,0.87898,0.57796,0.48674,0.54423,0.42874,0.80934,3.7316,1.10718,0.0063964,0.0063964,0.0063964
366,6399.86,0.43382,0.35163,0.89212,0.61217,0.46705,0.5455,0.43586,0.81928,4.0054,1.10021,0.0063865,0.0063865,0.0063865
367,6417.12,0.44978,0.384,0.88397,0.65656,0.47677,0.56148,0.44618,0.82336,3.46512,1.10196,0.0063766,0.0063766,0.0063766
368,6434.44,0.4565,0.38136,0.90223,0.67039,0.48169,0.57341,0.45442,0.79512,3.45337,1.06249,0.0063667,0.0063667,0.0063667
369,6451.71,0.44207,0.37683,0.88842,0.66841,0.44,0.56577,0.45117,0.81155,3.37576,1.10066,0.0063568,0.0063568,0.0063568
370,6468.98,0.45362,0.37413,0.89896,0.59315,0.52454,0.56119,0.44309,0.78828,3.66447,1.07901,0.0063469,0.0063469,0.0063469
371,6486.3,0.45033,0.35282,0.88209,0.70184,0.46524,0.58188,0.46016,0.81118,3.1283,1.09564,0.006337,0.006337,0.006337
372,6503.66,0.45065,0.38293,0.89245,0.58894,0.53465,0.57729,0.45696,0.81546,3.0398,1.09159,0.0063271,0.0063271,0.0063271
373,6520.88,0.44716,0.38321,0.88852,0.60966,0.52391,0.58466,0.45254,0.80817,2.46032,1.09019,0.0063172,0.0063172,0.0063172
374,6538.15,0.44378,0.36522,0.88522,0.65793,0.50409,0.58172,0.45051,0.81176,2.95937,1.09526,0.0063073,0.0063073,0.0063073
375,6555.39,0.44917,0.37795,0.88672,0.58004,0.50844,0.56984,0.44821,0.7879,3.23986,1.06884,0.0062974,0.0062974,0.0062974
376,6572.74,0.40124,0.31757,0.86589,0.54234,0.56567,0.57567,0.44817,0.80679,3.79191,1.09121,0.0062875,0.0062875,0.0062875
377,6589.97,0.44893,0.36725,0.8917,0.57068,0.54761,0.59314,0.45426,0.80723,4.38833,1.0831,0.0062776,0.0062776,0.0062776
378,6607.34,0.44679,0.37168,0.8843,0.59994,0.50228,0.57378,0.44166,0.82982,3.30186,1.08807,0.0062677,0.0062677,0.0062677
379,6624.62,0.41931,0.34245,0.87484,0.58247,0.52017,0.58033,0.44095,0.81203,3.41683,1.08264,0.0062578,0.0062578,0.0062578
380,6641.95,0.42798,0.35468,0.87602,0.62845,0.52771,0.5708,0.43512,0.78995,2.75102,1.06231,0.0062479,0.0062479,0.0062479
381,6659.28,0.45007,0.37547,0.89026,0.66654,0.45368,0.55718,0.43867,0.79267,3.46441,1.06874,0.006238,0.006238,0.006238
382,6676.6,0.44189,0.35659,0.88604,0.76475,0.41236,0.56312,0.44738,0.81273,2.66411,1.07459,0.0062281,0.0062281,0.0062281
383,6693.84,0.42481,0.34384,0.87686,0.74812,0.40619,0.5448,0.43847,0.81782,2.658,1.08702,0.0062182,0.0062182,0.0062182
384,6711.16,0.4162,0.35335,0.87505,0.7312,0.44756,0.55996,0.44419,0.80196,2.63354,1.09377,0.0062083,0.0062083,0.0062083
385,6728.42,0.42235,0.34347,0.87693,0.69572,0.48422,0.56,0.445,0.79474,2.45848,1.09051,0.0061984,0.0061984,0.0061984
386,6745.68,0.42499,0.35407,0.8792,0.67915,0.45303,0.55524,0.4341,0.81045,3.26257,1.09913,0.0061885,0.0061885,0.0061885
387,6762.94,0.42524,0.35428,0.87821,0.68411,0.50095,0.57628,0.45081,0.79145,3.51436,1.06308,0.0061786,0.0061786,0.0061786
388,6780.26,0.42211,0.33532,0.8701,0.64379,0.50477,0.55841,0.44241,0.77494,3.95936,1.031,0.0061687,0.0061687,0.0061687
389,6797.53,0.42614,0.34091,0.87784,0.63574,0.47624,0.56752,0.44561,0.79323,3.55589,1.05861,0.0061588,0.0061588,0.0061588
390,6814.83,0.439,0.36397,0.88634,0.613,0.49187,0.56042,0.44636,0.79581,2.58693,1.08466,0.0061489,0.0061489,0.0061489
391,6832.08,0.4327,0.35893,0.88605,0.69134,0.48688,0.57619,0.45953,0.78968,2.35238,1.08839,0.006139,0.006139,0.006139
392,6849.28,0.44399,0.36763,0.88262,0.58445,0.53344,0.57834,0.45494,0.80307,2.23298,1.08847,0.0061291,0.0061291,0.0061291
393,6866.57,0.41517,0.35134,0.88233,0.58734,0.54261,0.57149,0.4431,0.81495,2.4887,1.10499,0.0061192,0.0061192,0.0061192
394,6883.76,0.44602,0.37539,0.8896,0.59814,0.51569,0.57444,0.45244,0.82346,2.47263,1.09448,0.0061093,0.0061093,0.0061093
395,6901.09,0.42529,0.35131,0.87565,0.58527,0.50588,0.56614,0.44954,0.81104,2.58697,1.07778,0.0060994,0.0060994,0.0060994
396,6918.35,0.44854,0.37311,0.89293,0.67589,0.44159,0.55333,0.43564,0.81823,3.17216,1.09147,0.0060895,0.0060895,0.0060895
397,6935.64,0.40542,0.31859,0.87015,0.6569,0.45595,0.56292,0.44905,0.83841,3.92443,1.11094,0.0060796,0.0060796,0.0060796
398,6952.93,0.4136,0.34569,0.87666,0.59653,0.55815,0.57181,0.44802,0.84577,3.6552,1.10946,0.0060697,0.0060697,0.0060697
399,6970.25,0.41193,0.33889,0.86914,0.62692,0.47133,0.56667,0.4406,0.83687,3.93507,1.12559,0.0060598,0.0060598,0.0060598
400,6987.56,0.43021,0.33663,0.86857,0.55113,0.53514,0.56707,0.44693,0.84089,4.30296,1.14436,0.0060499,0.0060499,0.0060499
401,7004.84,0.44159,0.36841,0.87916,0.57298,0.51442,0.53666,0.42461,0.84172,4.02028,1.13868,0.00604,0.00604,0.00604
402,7022.12,0.43033,0.35413,0.88203,0.5966,0.51915,0.55224,0.42982,0.84773,3.82913,1.14381,0.0060301,0.0060301,0.0060301
403,7039.34,0.43216,0.35682,0.88797,0.63972,0.51984,0.57116,0.43847,0.80643,2.95315,1.10339,0.0060202,0.0060202,0.0060202
404,7056.58,0.42434,0.3496,0.88394,0.69071,0.44894,0.56006,0.43272,0.80095,2.49041,1.09473,0.0060103,0.0060103,0.0060103
405,7073.88,0.41505,0.3405,0.87951,0.63353,0.49707,0.5545,0.43882,0.78278,2.48266,1.07039,0.0060004,0.0060004,0.0060004
406,7091.2,0.44742,0.35602,0.88278,0.69081,0.41773,0.53087,0.42744,0.78956,2.25589,1.07091,0.0059905,0.0059905,0.0059905
407,7108.44,0.43842,0.36887,0.88781,0.61589,0.45581,0.53904,0.43538,0.7773,2.19923,1.05941,0.0059806,0.0059806,0.0059806
408,7125.72,0.42576,0.33783,0.87396,0.58856,0.53196,0.5576,0.44164,0.78615,1.82053,1.07641,0.0059707,0.0059707,0.0059707
409,7142.98,0.42021,0.34614,0.87023,0.61405,0.5533,0.58775,0.45571,0.77724,1.63604,1.06848,0.0059608,0.0059608,0.0059608
410,7160.23,0.43851,0.36472,0.89583,0.62244,0.53081,0.57579,0.45226,0.77338,2.35239,1.06007,0.0059509,0.0059509,0.0059509
411,7177.5,0.4131,0.33601,0.86822,0.64511,0.49589,0.55668,0.44123,0.78709,3.52923,1.07037,0.005941,0.005941,0.005941
412,7194.74,0.43137,0.35399,0.88349,0.69033,0.44219,0.54881,0.43312,0.79638,2.8136,1.07461,0.0059311,0.0059311,0.0059311
413,7211.96,0.42053,0.34097,0.87806,0.63681,0.46966,0.55895,0.43038,0.80478,3.15159,1.08707,0.0059212,0.0059212,0.0059212
414,7229.31,0.43622,0.36612,0.89106,0.57746,0.54594,0.58256,0.44501,0.79891,3.9865,1.08799,0.0059113,0.0059113,0.0059113
415,7246.61,0.41536,0.34314,0.87667,0.5765,0.53042,0.57392,0.45388,0.78295,3.19368,1.07186,0.0059014,0.0059014,0.0059014
416,7263.82,0.41062,0.33414,0.87176,0.57151,0.47259,0.5528,0.43514,0.79067,4.04897,1.07419,0.0058915,0.0058915,0.0058915
417,7281.02,0.42122,0.33474,0.88023,0.5775,0.47018,0.55696,0.44398,0.76904,4.0059,1.04387,0.0058816,0.0058816,0.0058816
418,7298.32,0.40485,0.3497,0.87403,0.57719,0.4982,0.54401,0.4384,0.7316,3.0427,1.01256,0.0058717,0.0058717,0.0058717
419,7315.55,0.42319,0.34444,0.87846,0.58635,0.49634,0.54303,0.43782,0.74841,2.43639,1.04112,0.0058618,0.0058618,0.0058618
420,7332.91,0.41286,0.3372,0.87626,0.62933,0.50995,0.57747,0.44948,0.77952,1.94389,1.07257,0.0058519,0.0058519,0.0058519
421,7350.17,0.42827,0.36633,0.88956,0.59842,0.54386,0.58171,0.46051,0.77775,1.67779,1.06558,0.005842,0.005842,0.005842
422,7367.4,0.40536,0.3339,0.86319,0.58428,0.53273,0.58455,0.46179,0.778,2.77056,1.0639,0.0058321,0.0058321,0.0058321
423,7384.74,0.44145,0.35329,0.8908,0.5932,0.51596,0.56771,0.44599,0.7699,3.21627,1.06532,0.0058222,0.0058222,0.0058222
424,7402.04,0.41816,0.33956,0.87317,0.59489,0.52882,0.56488,0.44233,0.77684,3.04367,1.07509,0.0058123,0.0058123,0.0058123
425,7419.24,0.41368,0.3393,0.88054,0.58165,0.53361,0.57236,0.44125,0.81367,2.5915,1.12028,0.0058024,0.0058024,0.0058024
426,7436.47,0.40845,0.32333,0.87133,0.56512,0.52651,0.5601,0.43834,0.80968,2.60907,1.12319,0.0057925,0.0057925,0.0057925
427,7453.85,0.39288,0.32319,0.86033,0.62607,0.45341,0.56824,0.45385,0.80556,2.80863,1.11188,0.0057826,0.0057826,0.0057826
428,7471.09,0.41836,0.34609,0.87923,0.62092,0.47189,0.56254,0.45097,0.7839,3.17618,1.08312,0.0057727,0.0057727,0.0057727
429,7488.32,0.38112,0.31946,0.85298,0.5703,0.50523,0.56348,0.44577,0.80915,2.4249,1.10669,0.0057628,0.0057628,0.0057628
430,7505.56,0.41483,0.34892,0.87868,0.59579,0.53577,0.58419,0.46344,0.79877,4.32207,1.08552,0.0057529,0.0057529,0.0057529
431,7522.82,0.41166,0.33162,0.87841,0.59439,0.51217,0.56273,0.44541,0.81083,4.51324,1.08026,0.005743,0.005743,0.005743
432,7540.07,0.39331,0.32706,0.87093,0.61723,0.45691,0.53565,0.43171,0.80559,3.75784,1.07612,0.0057331,0.0057331,0.0057331
433,7557.29,0.41356,0.33325,0.86868,0.61928,0.44236,0.54357,0.44049,0.79331,2.77122,1.06982,0.0057232,0.0057232,0.0057232
434,7574.59,0.3929,0.32218,0.8549,0.59517,0.50031,0.55131,0.44128,0.80043,2.86781,1.07901,0.0057133,0.0057133,0.0057133
435,7591.89,0.41469,0.34006,0.88052,0.58,0.5208,0.53975,0.44639,0.79049,2.1078,1.0559,0.0057034,0.0057034,0.0057034
436,7609.14,0.42429,0.35265,0.87768,0.60514,0.51971,0.54571,0.44864,0.7831,2.19372,1.05041,0.0056935,0.0056935,0.0056935
437,7626.39,0.41404,0.34701,0.87352,0.59641,0.51169,0.5436,0.44676,0.75345,2.41466,1.02165,0.0056836,0.0056836,0.0056836
438,7643.75,0.39211,0.31796,0.86572,0.60329,0.48785,0.55473,0.45474,0.75837,2.78701,1.02769,0.0056737,0.0056737,0.0056737
439,7661.02,0.39594,0.32779,0.86353,0.60334,0.5019,0.5562,0.45359,0.76876,2.86179,1.0327,0.0056638,0.0056638,0.0056638
440,7678.25,0.40783,0.34122,0.86907,0.57229,0.46494,0.54408,0.44418,0.77764,2.73044,1.06326,0.0056539,0.0056539,0.0056539
441,7695.57,0.40004,0.32975,0.87873,0.58174,0.49467,0.54023,0.44251,0.77902,2.89136,1.06753,0.005644,0.005644,0.005644
442,7712.84,0.38614,0.32787,0.86478,0.59575,0.51013,0.55375,0.4496,0.77068,3.08375,1.05105,0.0056341,0.0056341,0.0056341
443,7730.06,0.40653,0.32375,0.87203,0.65811,0.46612,0.56571,0.45655,0.77715,3.2616,1.0457,0.0056242,0.0056242,0.0056242
444,7747.25,0.40285,0.3377,0.88181,0.65704,0.46019,0.58422,0.46491,0.77235,2.98297,1.05134,0.0056143,0.0056143,0.0056143
445,7764.5,0.40036,0.33484,0.87485,0.7238,0.45531,0.60171,0.47313,0.77932,3.02198,1.07423,0.0056044,0.0056044,0.0056044
446,7781.76,0.39629,0.31944,0.86672,0.62797,0.49548,0.58738,0.47238,0.78744,3.13749,1.0805,0.0055945,0.0055945,0.0055945
447,7799,0.40477,0.3205,0.86402,0.62036,0.48117,0.57424,0.46061,0.79291,3.07633,1.08634,0.0055846,0.0055846,0.0055846
448,7816.29,0.41027,0.33175,0.87798,0.62081,0.47825,0.56954,0.45513,0.79901,2.83254,1.10104,0.0055747,0.0055747,0.0055747
449,7833.56,0.4019,0.32511,0.8702,0.6845,0.45545,0.58772,0.46935,0.79055,3.20314,1.09185,0.0055648,0.0055648,0.0055648
450,7850.85,0.4045,0.33833,0.87651,0.72404,0.46179,0.59085,0.46759,0.79189,3.12638,1.07673,0.0055549,0.0055549,0.0055549
451,7868.1,0.38958,0.33,0.87615,0.71875,0.46158,0.58564,0.46697,0.78749,3.19628,1.06984,0.005545,0.005545,0.005545
452,7885.36,0.40246,0.32795,0.86358,0.63779,0.5107,0.59326,0.47094,0.78891,2.86558,1.06439,0.0055351,0.0055351,0.0055351
453,7902.63,0.4001,0.33182,0.86959,0.68108,0.48514,0.59419,0.46815,0.76929,2.4445,1.05817,0.0055252,0.0055252,0.0055252
454,7919.89,0.38784,0.33264,0.858,0.62221,0.50317,0.59472,0.47471,0.78201,2.81446,1.04604,0.0055153,0.0055153,0.0055153
455,7937.18,0.41578,0.34011,0.87563,0.59444,0.52519,0.59462,0.47443,0.77915,3.087,1.05468,0.0055054,0.0055054,0.0055054
456,7954.54,0.40931,0.33043,0.87561,0.56261,0.5276,0.58715,0.47091,0.7692,3.22558,1.05716,0.0054955,0.0054955,0.0054955
457,7971.84,0.40906,0.34277,0.87575,0.71855,0.41849,0.58374,0.46407,0.77304,3.34652,1.05691,0.0054856,0.0054856,0.0054856
458,7989.05,0.3854,0.33393,0.86963,0.60596,0.48469,0.54591,0.43904,0.79811,3.42623,1.07963,0.0054757,0.0054757,0.0054757
459,8006.38,0.40538,0.32314,0.86657,0.6221,0.4767,0.54543,0.44239,0.79938,3.2731,1.0848,0.0054658,0.0054658,0.0054658
460,8023.63,0.39192,0.32279,0.86899,0.59319,0.48349,0.55689,0.44692,0.80113,2.95259,1.08339,0.0054559,0.0054559,0.0054559
461,8040.94,0.41273,0.34905,0.87938,0.54995,0.48353,0.53565,0.44127,0.79567,2.87728,1.08161,0.005446,0.005446,0.005446
462,8058.32,0.38278,0.30453,0.86515,0.65748,0.41825,0.538,0.44467,0.78073,3.65634,1.06793,0.0054361,0.0054361,0.0054361
463,8075.54,0.39713,0.32329,0.87687,0.59427,0.45399,0.5543,0.45781,0.78405,3.56605,1.06807,0.0054262,0.0054262,0.0054262
464,8092.83,0.4014,0.32861,0.86733,0.64317,0.4784,0.58016,0.47188,0.76896,3.00325,1.04232,0.0054163,0.0054163,0.0054163
465,8110.08,0.39812,0.33021,0.8685,0.64909,0.47857,0.58209,0.46629,0.77234,3.01604,1.04141,0.0054064,0.0054064,0.0054064
466,8127.35,0.40885,0.33337,0.87773,0.59668,0.49134,0.57118,0.46113,0.76852,3.22228,1.03698,0.0053965,0.0053965,0.0053965
467,8144.6,0.40542,0.31967,0.86933,0.71317,0.45195,0.56724,0.46088,0.76291,2.98242,1.02123,0.0053866,0.0053866,0.0053866
468,8161.87,0.4119,0.33189,0.87821,0.66923,0.46947,0.55399,0.45312,0.7838,2.92971,1.04611,0.0053767,0.0053767,0.0053767
469,8179.11,0.3931,0.33927,0.86991,0.63724,0.50097,0.57164,0.45778,0.77347,3.35485,1.03997,0.0053668,0.0053668,0.0053668
470,8196.36,0.40669,0.33516,0.86851,0.64875,0.48774,0.58752,0.45922,0.79791,3.42817,1.07081,0.0053569,0.0053569,0.0053569
471,8213.61,0.40359,0.33502,0.87008,0.60174,0.51967,0.58581,0.46323,0.79423,3.15578,1.06505,0.005347,0.005347,0.005347
472,8230.84,0.3926,0.32381,0.87433,0.66428,0.49254,0.5732,0.45755,0.78488,2.66414,1.05331,0.0053371,0.0053371,0.0053371
473,8248.11,0.3706,0.29823,0.85269,0.65889,0.5064,0.57833,0.46642,0.79449,2.94777,1.06682,0.0053272,0.0053272,0.0053272
474,8265.36,0.39574,0.33632,0.86898,0.6707,0.51323,0.58583,0.46628,0.78451,2.88511,1.06228,0.0053173,0.0053173,0.0053173
475,8282.63,0.38726,0.32163,0.86649,0.64977,0.53439,0.5833,0.46433,0.76911,2.7868,1.04768,0.0053074,0.0053074,0.0053074
476,8299.76,0.3896,0.3253,0.87054,0.65559,0.53291,0.59103,0.47393,0.77003,2.93316,1.05087,0.0052975,0.0052975,0.0052975
477,8316.99,0.39414,0.31537,0.8607,0.72414,0.50545,0.60148,0.4778,0.76226,3.18378,1.0514,0.0052876,0.0052876,0.0052876
478,8334.92,0.38447,0.32601,0.86692,0.66457,0.5622,0.61162,0.48057,0.73877,3.44964,1.02606,0.0052777,0.0052777,0.0052777
479,8352.72,0.39267,0.30996,0.87312,0.65034,0.5458,0.61008,0.4782,0.73071,3.63458,1.01243,0.0052678,0.0052678,0.0052678
480,8369.78,0.40026,0.32982,0.86881,0.63669,0.53272,0.60892,0.47496,0.74654,3.66185,1.029,0.0052579,0.0052579,0.0052579
481,8386.86,0.39386,0.31549,0.86987,0.60879,0.52286,0.59704,0.47096,0.76045,3.09743,1.03223,0.005248,0.005248,0.005248
482,8404.02,0.3752,0.30465,0.85548,0.65848,0.51005,0.58092,0.46666,0.79073,3.01082,1.06488,0.0052381,0.0052381,0.0052381
483,8421.06,0.37372,0.313,0.86467,0.60968,0.52646,0.58117,0.46383,0.79232,3.05823,1.06386,0.0052282,0.0052282,0.0052282
484,8438.12,0.37754,0.31461,0.86026,0.59699,0.48866,0.57572,0.45969,0.78453,2.59789,1.06128,0.0052183,0.0052183,0.0052183
485,8455.16,0.3944,0.31583,0.86437,0.67712,0.44291,0.58381,0.47245,0.77801,2.62527,1.0477,0.0052084,0.0052084,0.0052084
486,8472.23,0.37328,0.31222,0.85625,0.66988,0.45992,0.57707,0.46766,0.77992,2.65205,1.0399,0.0051985,0.0051985,0.0051985
487,8489.69,0.3726,0.31364,0.8576,0.71822,0.44614,0.58802,0.46826,0.79683,2.54706,1.05701,0.0051886,0.0051886,0.0051886
488,8506.95,0.37849,0.30817,0.86316,0.67781,0.44343,0.58338,0.46401,0.79794,2.49578,1.06275,0.0051787,0.0051787,0.0051787
489,8524.21,0.42511,0.34564,0.89045,0.65179,0.47106,0.56631,0.44863,0.78434,2.66244,1.06382,0.0051688,0.0051688,0.0051688
490,8541.57,0.38072,0.30309,0.86913,0.60778,0.49589,0.55633,0.44215,0.77923,2.58592,1.05725,0.0051589,0.0051589,0.0051589
491,8558.88,0.37778,0.30431,0.86948,0.57063,0.5326,0.56335,0.45019,0.77276,2.63834,1.05026,0.005149,0.005149,0.005149
492,8576.13,0.38253,0.31899,0.8558,0.588,0.53278,0.56858,0.45817,0.78902,3.0967,1.07292,0.0051391,0.0051391,0.0051391
493,8593.4,0.3916,0.31595,0.86343,0.55995,0.5119,0.55955,0.45734,0.78661,2.65077,1.07025,0.0051292,0.0051292,0.0051292
494,8610.7,0.38335,0.31656,0.86557,0.5796,0.4953,0.58278,0.46533,0.77386,2.31398,1.056,0.0051193,0.0051193,0.0051193
495,8627.99,0.39285,0.33459,0.87396,0.57916,0.50376,0.5787,0.47606,0.77905,2.20007,1.05563,0.0051094,0.0051094,0.0051094
496,8645.31,0.38923,0.34836,0.87877,0.61299,0.49935,0.57899,0.4676,0.77325,2.36378,1.04991,0.0050995,0.0050995,0.0050995
497,8662.58,0.38383,0.3005,0.86959,0.65527,0.44812,0.57677,0.47466,0.7719,2.28837,1.04813,0.0050896,0.0050896,0.0050896
498,8679.88,0.37426,0.31346,0.86047,0.62602,0.49606,0.57369,0.47345,0.77005,2.19467,1.04891,0.0050797,0.0050797,0.0050797
499,8697.2,0.38444,0.31181,0.86031,0.6423,0.463,0.56504,0.46131,0.74556,2.6226,1.01493,0.0050698,0.0050698,0.0050698
500,8714.43,0.37904,0.30611,0.86267,0.65215,0.45078,0.55061,0.44905,0.74415,2.40746,1.00832,0.0050599,0.0050599,0.0050599
501,8731.7,0.38919,0.32693,0.87172,0.68067,0.44591,0.55921,0.45835,0.75556,2.24303,1.00875,0.00505,0.00505,0.00505
502,8749.04,0.36355,0.30661,0.86698,0.58917,0.48826,0.55638,0.4645,0.75346,2.35976,1.00603,0.0050401,0.0050401,0.0050401
503,8766.27,0.38011,0.3163,0.86838,0.59124,0.50314,0.56946,0.47271,0.74966,2.91513,1.01051,0.0050302,0.0050302,0.0050302
504,8783.53,0.38242,0.31277,0.86091,0.61562,0.52378,0.59138,0.47258,0.73726,3.21709,1.00311,0.0050203,0.0050203,0.0050203
505,8800.8,0.387,0.30069,0.86322,0.62651,0.50998,0.58405,0.47015,0.74267,3.35999,0.99721,0.0050104,0.0050104,0.0050104
506,8818.1,0.37477,0.29652,0.85542,0.63375,0.50499,0.58102,0.47057,0.75062,3.22268,1.00879,0.0050005,0.0050005,0.0050005
507,8835.39,0.37157,0.30477,0.85465,0.63043,0.48668,0.58669,0.47293,0.7688,2.69459,1.03514,0.0049906,0.0049906,0.0049906
508,8852.67,0.38879,0.31273,0.86853,0.64647,0.49899,0.58422,0.47411,0.7773,2.54528,1.04778,0.0049807,0.0049807,0.0049807
509,8869.87,0.37307,0.30316,0.85197,0.67024,0.47293,0.58293,0.4739,0.76663,3.05093,1.04571,0.0049708,0.0049708,0.0049708
510,8887.11,0.38245,0.30823,0.8574,0.60013,0.46595,0.56635,0.46753,0.76137,3.33688,1.04539,0.0049609,0.0049609,0.0049609
511,8904.33,0.37365,0.29591,0.85655,0.6073,0.50657,0.55907,0.45681,0.76077,3.38594,1.04615,0.004951,0.004951,0.004951
512,8921.66,0.38908,0.31945,0.8666,0.60442,0.4849,0.55481,0.45523,0.79154,3.36816,1.06147,0.0049411,0.0049411,0.0049411
513,8938.94,0.38398,0.30623,0.87272,0.58523,0.50971,0.55421,0.44835,0.81433,3.50874,1.0796,0.0049312,0.0049312,0.0049312
514,8956.22,0.36804,0.29026,0.85921,0.57934,0.49901,0.55815,0.4533,0.81213,3.4691,1.06957,0.0049213,0.0049213,0.0049213
515,8973.49,0.37904,0.31157,0.86554,0.63315,0.53235,0.58011,0.46981,0.79421,3.48464,1.05672,0.0049114,0.0049114,0.0049114
516,8990.76,0.39628,0.31394,0.8686,0.59966,0.52449,0.57841,0.47244,0.79173,3.55703,1.05356,0.0049015,0.0049015,0.0049015
517,9008.12,0.39008,0.30742,0.86463,0.60282,0.51486,0.56513,0.46135,0.79481,3.50828,1.05241,0.0048916,0.0048916,0.0048916
518,9025.41,0.37482,0.30783,0.86278,0.58495,0.50092,0.55449,0.45052,0.79266,3.60818,1.05332,0.0048817,0.0048817,0.0048817
519,9042.75,0.37533,0.30725,0.85942,0.57472,0.50851,0.56025,0.4549,0.77927,3.58827,1.03678,0.0048718,0.0048718,0.0048718
520,9060.08,0.37786,0.29785,0.85919,0.61038,0.51959,0.56976,0.46092,0.76926,3.26719,1.04107,0.0048619,0.0048619,0.0048619
521,9077.33,0.37235,0.31218,0.85542,0.62068,0.52226,0.57843,0.4665,0.76128,3.27286,1.03723,0.004852,0.004852,0.004852
522,9094.58,0.37333,0.31376,0.8623,0.59728,0.51645,0.57218,0.46636,0.76848,3.32024,1.0465,0.0048421,0.0048421,0.0048421
523,9111.87,0.36989,0.30243,0.85618,0.60526,0.53884,0.57676,0.47441,0.76387,3.48096,1.04534,0.0048322,0.0048322,0.0048322
524,9129.14,0.37156,0.30668,0.86463,0.58928,0.52703,0.57328,0.47214,0.75839,3.55694,1.04177,0.0048223,0.0048223,0.0048223
525,9146.44,0.38299,0.31224,0.865,0.58367,0.51116,0.56778,0.46869,0.75889,2.89183,1.04531,0.0048124,0.0048124,0.0048124
526,9163.73,0.38639,0.31945,0.87992,0.61281,0.49402,0.55893,0.46549,0.76633,2.74964,1.03931,0.0048025,0.0048025,0.0048025
527,9181.08,0.38353,0.3089,0.867,0.60748,0.49014,0.55816,0.46028,0.77741,2.45149,1.05365,0.0047926,0.0047926,0.0047926
528,9198.41,0.37102,0.29384,0.86231,0.61388,0.49788,0.55784,0.45605,0.78312,3.00497,1.05413,0.0047827,0.0047827,0.0047827
529,9215.68,0.35802,0.29359,0.85613,0.60734,0.52309,0.55413,0.45443,0.77998,3.10412,1.05792,0.0047728,0.0047728,0.0047728
530,9232.94,0.37754,0.30739,0.86652,0.59877,0.49651,0.56928,0.46381,0.78014,3.12133,1.04216,0.0047629,0.0047629,0.0047629
531,9250.21,0.37156,0.29697,0.8606,0.60864,0.48963,0.57879,0.47377,0.78658,3.23896,1.04758,0.004753,0.004753,0.004753
532,9267.6,0.37116,0.32596,0.86691,0.60637,0.47818,0.58443,0.48365,0.7864,3.24759,1.04991,0.0047431,0.0047431,0.0047431
533,9285.59,0.35301,0.28612,0.84382,0.57613,0.47649,0.56752,0.46478,0.78666,2.87809,1.05183,0.0047332,0.0047332,0.0047332
534,9302.86,0.37644,0.31302,0.8706,0.65667,0.44523,0.57132,0.4676,0.77406,2.4212,1.04675,0.0047233,0.0047233,0.0047233
535,9320.22,0.37004,0.28951,0.85331,0.61919,0.47631,0.56458,0.4601,0.76732,2.33084,1.04369,0.0047134,0.0047134,0.0047134
536,9337.56,0.37696,0.31392,0.86686,0.61081,0.48397,0.56709,0.46343,0.77233,2.39646,1.04276,0.0047035,0.0047035,0.0047035
537,9354.9,0.39018,0.32772,0.87217,0.60703,0.48744,0.55986,0.45903,0.77542,2.59285,1.05698,0.0046936,0.0046936,0.0046936
538,9372.19,0.35797,0.29973,0.85575,0.60366,0.49377,0.57108,0.46114,0.78343,2.58217,1.0579,0.0046837,0.0046837,0.0046837
539,9389.51,0.35837,0.29243,0.85561,0.64947,0.46248,0.57182,0.46442,0.78309,2.50348,1.05034,0.0046738,0.0046738,0.0046738
540,9406.81,0.36349,0.28955,0.8593,0.63584,0.44897,0.57002,0.46529,0.77482,2.60572,1.03815,0.0046639,0.0046639,0.0046639
541,9424.11,0.34907,0.28085,0.8475,0.61021,0.45649,0.56476,0.46037,0.78906,2.87304,1.05015,0.004654,0.004654,0.004654
542,9441.38,0.37168,0.3143,0.85765,0.6521,0.44434,0.56621,0.46447,0.77162,2.80225,1.04308,0.0046441,0.0046441,0.0046441
543,9458.64,0.37645,0.29751,0.87346,0.649,0.46268,0.56561,0.4674,0.76601,2.85543,1.04234,0.0046342,0.0046342,0.0046342
544,9475.91,0.37185,0.30625,0.86197,0.66569,0.49419,0.58405,0.47859,0.757,2.83707,1.0383,0.0046243,0.0046243,0.0046243
545,9493.22,0.35637,0.28802,0.84859,0.67653,0.49394,0.58426,0.47779,0.75614,2.83863,1.0395,0.0046144,0.0046144,0.0046144
546,9510.54,0.35471,0.27709,0.85443,0.66632,0.50982,0.58159,0.47734,0.75193,2.84484,1.01669,0.0046045,0.0046045,0.0046045
547,9527.79,0.37609,0.31265,0.8733,0.68019,0.51533,0.57464,0.47808,0.75432,3.01746,1.02099,0.0045946,0.0045946,0.0045946
548,9545.1,0.36982,0.30361,0.85909,0.66654,0.48444,0.56735,0.47167,0.7485,3.28609,1.0093,0.0045847,0.0045847,0.0045847
549,9562.34,0.35691,0.29602,0.85784,0.65519,0.48653,0.56498,0.46878,0.75366,3.42876,1.00823,0.0045748,0.0045748,0.0045748
550,9579.69,0.37125,0.31752,0.85736,0.65384,0.48125,0.55699,0.45926,0.75385,3.3579,1.01101,0.0045649,0.0045649,0.0045649
551,9597.01,0.36152,0.30011,0.85251,0.65869,0.46015,0.56504,0.46058,0.75709,3.18422,1.00824,0.004555,0.004555,0.004555
552,9614.24,0.35987,0.29314,0.85672,0.63204,0.46814,0.56771,0.45902,0.75509,3.07951,1.01234,0.0045451,0.0045451,0.0045451
553,9631.55,0.35029,0.28528,0.85225,0.63112,0.48564,0.57652,0.46725,0.75768,3.00123,1.01708,0.0045352,0.0045352,0.0045352
554,9648.76,0.35903,0.31317,0.85677,0.64243,0.46931,0.5759,0.46924,0.74567,2.92304,1.0108,0.0045253,0.0045253,0.0045253
555,9666.05,0.36162,0.30228,0.85881,0.68256,0.46155,0.56202,0.45804,0.73936,3.06403,1.01903,0.0045154,0.0045154,0.0045154
556,9683.28,0.35819,0.29965,0.85849,0.63968,0.47529,0.56338,0.46099,0.74655,3.17771,1.02949,0.0045055,0.0045055,0.0045055
557,9700.69,0.35477,0.30442,0.86535,0.64314,0.4562,0.57627,0.47078,0.7469,3.19986,1.02517,0.0044956,0.0044956,0.0044956
558,9717.99,0.36358,0.28634,0.85747,0.6135,0.47605,0.58322,0.47613,0.75713,3.05203,1.03308,0.0044857,0.0044857,0.0044857
559,9735.27,0.33776,0.2701,0.84952,0.60207,0.47333,0.57292,0.47058,0.766,2.99505,1.03318,0.0044758,0.0044758,0.0044758
560,9752.55,0.35151,0.28347,0.86173,0.60063,0.50071,0.57528,0.46557,0.77182,2.9089,1.04092,0.0044659,0.0044659,0.0044659
561,9769.88,0.33432,0.26637,0.85384,0.57207,0.46681,0.56087,0.45638,0.7686,2.28098,1.03998,0.004456,0.004456,0.004456
562,9787.18,0.35326,0.27714,0.84772,0.57664,0.48955,0.56683,0.46189,0.75985,2.08804,1.04164,0.0044461,0.0044461,0.0044461
563,9804.47,0.36933,0.29558,0.86929,0.6067,0.49296,0.57174,0.46496,0.74905,2.22448,1.02297,0.0044362,0.0044362,0.0044362
564,9821.82,0.3592,0.30094,0.85223,0.61902,0.4752,0.56381,0.45837,0.74502,2.48377,1.01068,0.0044263,0.0044263,0.0044263
565,9839.14,0.34305,0.27662,0.85104,0.61623,0.47176,0.56624,0.46313,0.74897,2.45316,1.01925,0.0044164,0.0044164,0.0044164
566,9856.48,0.3553,0.28315,0.86333,0.63153,0.4784,0.57052,0.46799,0.75783,2.04689,1.02553,0.0044065,0.0044065,0.0044065
567,9873.7,0.34956,0.28543,0.85883,0.61581,0.48723,0.58617,0.47788,0.76301,1.96032,1.03425,0.0043966,0.0043966,0.0043966
568,9891.03,0.33929,0.25734,0.85181,0.62137,0.49636,0.59568,0.48613,0.75541,1.98243,1.02863,0.0043867,0.0043867,0.0043867
569,9909.05,0.36196,0.2964,0.86555,0.6113,0.50173,0.58284,0.48336,0.75664,2.00701,1.02194,0.0043768,0.0043768,0.0043768
570,9926.25,0.35378,0.2758,0.85107,0.60318,0.49603,0.58488,0.48554,0.74366,2.0218,1.00406,0.0043669,0.0043669,0.0043669
571,9943.55,0.3483,0.27489,0.84767,0.59153,0.49019,0.58023,0.48193,0.73229,2.26654,0.99068,0.004357,0.004357,0.004357
572,9960.81,0.35686,0.29017,0.85341,0.60651,0.48123,0.58772,0.48881,0.72825,2.87431,0.98693,0.0043471,0.0043471,0.0043471
573,9978.78,0.342,0.27993,0.84596,0.61397,0.4794,0.58474,0.49087,0.73155,2.96683,0.98529,0.0043372,0.0043372,0.0043372
574,9996.9,0.36534,0.304,0.85442,0.60679,0.469,0.58184,0.48984,0.73742,3.05389,0.98464,0.0043273,0.0043273,0.0043273
575,10014.2,0.35781,0.28905,0.85843,0.63623,0.4638,0.57254,0.47935,0.74793,2.92645,0.9953,0.0043174,0.0043174,0.0043174
576,10031.4,0.36195,0.30026,0.86466,0.63171,0.44382,0.56094,0.47114,0.75511,2.79981,0.99584,0.0043075,0.0043075,0.0043075
577,10048.7,0.34904,0.27782,0.85345,0.58817,0.4421,0.55033,0.46726,0.75462,2.91557,1.00378,0.0042976,0.0042976,0.0042976
578,10066.1,0.35762,0.29323,0.86035,0.59514,0.45762,0.54682,0.46229,0.74442,2.95718,0.9939,0.0042877,0.0042877,0.0042877
579,10083.4,0.35633,0.29935,0.86082,0.60817,0.45742,0.54182,0.45769,0.73687,2.86229,0.9886,0.0042778,0.0042778,0.0042778
580,10100.7,0.34809,0.2826,0.85774,0.61789,0.45262,0.54004,0.45806,0.73986,2.84894,1.0032,0.0042679,0.0042679,0.0042679
581,10118,0.35811,0.31027,0.86338,0.61139,0.46521,0.53916,0.45199,0.7429,2.72002,1.0117,0.004258,0.004258,0.004258
582,10135.2,0.35995,0.29037,0.86022,0.61279,0.45196,0.52482,0.44198,0.74673,2.70958,1.01298,0.0042481,0.0042481,0.0042481
583,10152.5,0.35015,0.28226,0.8506,0.60914,0.45024,0.52929,0.44119,0.75394,2.93864,1.0179,0.0042382,0.0042382,0.0042382
584,10169.8,0.35334,0.28667,0.86103,0.63068,0.45519,0.5481,0.45339,0.76989,3.08806,1.03396,0.0042283,0.0042283,0.0042283
585,10187.2,0.35936,0.30062,0.85805,0.63363,0.45814,0.54676,0.45172,0.76764,3.21289,1.03281,0.0042184,0.0042184,0.0042184
586,10204.5,0.35754,0.30207,0.85893,0.61048,0.43713,0.53623,0.43991,0.76,3.21786,1.03152,0.0042085,0.0042085,0.0042085
587,10221.7,0.34446,0.29554,0.85064,0.59257,0.43222,0.53052,0.43697,0.7558,3.21173,1.03367,0.0041986,0.0041986,0.0041986
588,10239,0.34368,0.2821,0.84718,0.57465,0.43284,0.53135,0.44083,0.76565,3.18062,1.04062,0.0041887,0.0041887,0.0041887
589,10256.3,0.35392,0.28459,0.86386,0.58951,0.44704,0.53679,0.44725,0.75894,3.10995,1.03506,0.0041788,0.0041788,0.0041788
590,10273.5,0.35266,0.28194,0.85969,0.60525,0.44851,0.53385,0.44633,0.75413,3.09452,1.03036,0.0041689,0.0041689,0.0041689
591,10290.8,0.35165,0.28994,0.85515,0.60892,0.43383,0.5324,0.44122,0.75,2.87618,1.02385,0.004159,0.004159,0.004159
592,10308.2,0.35788,0.28539,0.85079,0.59589,0.41896,0.53316,0.44259,0.76147,2.88385,1.02149,0.0041491,0.0041491,0.0041491
593,10325.4,0.36544,0.29237,0.85603,0.59715,0.41161,0.54115,0.44571,0.77604,2.89371,1.03591,0.0041392,0.0041392,0.0041392
594,10342.7,0.34875,0.28793,0.85444,0.59679,0.41894,0.53089,0.43837,0.76989,2.97836,1.02935,0.0041293,0.0041293,0.0041293
595,10360,0.35199,0.27302,0.8473,0.59122,0.41898,0.5382,0.44587,0.78286,3.02095,1.02821,0.0041194,0.0041194,0.0041194
596,10377.3,0.33456,0.27347,0.85657,0.59413,0.4314,0.54836,0.4519,0.78337,3.00705,1.02564,0.0041095,0.0041095,0.0041095
597,10394.6,0.34109,0.26886,0.8567,0.6065,0.44413,0.55402,0.4588,0.78614,2.96391,1.03356,0.0040996,0.0040996,0.0040996
598,10411.8,0.35253,0.28201,0.8598,0.64708,0.42449,0.55384,0.45807,0.76993,2.88248,1.02456,0.0040897,0.0040897,0.0040897
599,10429.1,0.33961,0.26517,0.85313,0.62523,0.44614,0.55744,0.45906,0.75946,2.97412,1.01866,0.0040798,0.0040798,0.0040798
600,10446.4,0.34141,0.26922,0.84551,0.61364,0.45838,0.55683,0.4589,0.76647,3.07038,1.02828,0.0040699,0.0040699,0.0040699
601,10463.8,0.36754,0.29592,0.86064,0.61262,0.46328,0.55553,0.46036,0.76589,3.06238,1.02677,0.00406,0.00406,0.00406
602,10481,0.33435,0.26966,0.84796,0.62053,0.46512,0.55749,0.45967,0.76118,2.79583,1.01752,0.0040501,0.0040501,0.0040501
603,10498.5,0.33024,0.25945,0.85054,0.631,0.44815,0.56223,0.46866,0.75021,2.58036,1.00345,0.0040402,0.0040402,0.0040402
604,10515.7,0.35138,0.28972,0.85551,0.65572,0.45767,0.57436,0.4788,0.74112,2.42328,0.99729,0.0040303,0.0040303,0.0040303
605,10533.1,0.34606,0.27709,0.85475,0.64371,0.44443,0.58138,0.48261,0.73141,2.47832,0.99472,0.0040204,0.0040204,0.0040204
606,10550.3,0.34614,0.27174,0.86134,0.62922,0.47978,0.57259,0.4777,0.71883,2.45343,0.98126,0.0040105,0.0040105,0.0040105
607,10567.6,0.3317,0.26423,0.85006,0.64806,0.45784,0.56974,0.47371,0.71297,2.77443,0.97928,0.0040006,0.0040006,0.0040006
608,10584.9,0.33553,0.26692,0.84451,0.64369,0.47167,0.57185,0.47489,0.70688,2.88879,0.97822,0.0039907,0.0039907,0.0039907
609,10602.1,0.34069,0.28787,0.84659,0.64896,0.45671,0.57617,0.47859,0.71608,2.77838,0.97497,0.0039808,0.0039808,0.0039808
610,10619.4,0.32779,0.26277,0.84261,0.64216,0.44767,0.57051,0.48259,0.72394,2.7447,0.98184,0.0039709,0.0039709,0.0039709
611,10636.6,0.3474,0.27983,0.85088,0.61886,0.43625,0.56715,0.47979,0.73391,2.45696,0.9815,0.003961,0.003961,0.003961
612,10653.9,0.33344,0.26936,0.85013,0.60395,0.42525,0.5603,0.4722,0.72626,2.22323,0.97597,0.0039511,0.0039511,0.0039511
613,10671.2,0.35402,0.29039,0.85724,0.60825,0.42942,0.55731,0.47069,0.7293,2.2293,0.97631,0.0039412,0.0039412,0.0039412
614,10688.4,0.32645,0.27187,0.84143,0.61611,0.44677,0.56171,0.47413,0.73711,2.10354,0.98375,0.0039313,0.0039313,0.0039313
615,10705.8,0.33518,0.26681,0.85466,0.619,0.44124,0.5587,0.46928,0.74403,1.96247,0.98967,0.0039214,0.0039214,0.0039214
616,10723.1,0.32895,0.26647,0.83863,0.59669,0.45127,0.55987,0.47527,0.75358,1.86747,0.99539,0.0039115,0.0039115,0.0039115
617,10740.3,0.33794,0.28095,0.84122,0.62027,0.44326,0.56141,0.47323,0.75024,1.82662,0.99285,0.0039016,0.0039016,0.0039016
618,10757.6,0.35304,0.28612,0.85706,0.63073,0.44446,0.55647,0.46719,0.76064,1.83467,1.00081,0.0038917,0.0038917,0.0038917
619,10774.9,0.33029,0.26949,0.84753,0.63132,0.43594,0.55964,0.4685,0.76423,1.83799,1.01154,0.0038818,0.0038818,0.0038818
620,10792.2,0.34346,0.27027,0.85031,0.62462,0.43223,0.56485,0.47102,0.75907,1.76536,1.01364,0.0038719,0.0038719,0.0038719
621,10809.4,0.32543,0.2587,0.84686,0.4772,0.58042,0.56901,0.47896,0.75773,1.70996,1.01346,0.003862,0.003862,0.003862
622,10826.7,0.33785,0.28093,0.84634,0.47381,0.57857,0.56894,0.47684,0.75293,1.70068,1.01267,0.0038521,0.0038521,0.0038521
623,10844,0.33175,0.26889,0.84078,0.59817,0.43241,0.55822,0.46797,0.7479,1.69647,1.01028,0.0038422,0.0038422,0.0038422
624,10861.2,0.33686,0.27009,0.85082,0.61312,0.43339,0.56253,0.46899,0.7465,1.73069,1.01381,0.0038323,0.0038323,0.0038323
625,10878.5,0.3509,0.28078,0.85674,0.61225,0.4255,0.56433,0.46893,0.75205,1.82277,1.00978,0.0038224,0.0038224,0.0038224
626,10895.8,0.33741,0.26945,0.85204,0.61546,0.45232,0.56561,0.47237,0.75656,1.86836,1.01823,0.0038125,0.0038125,0.0038125
627,10913.1,0.32722,0.27133,0.853,0.6149,0.43973,0.567,0.47158,0.7626,1.83746,1.02185,0.0038026,0.0038026,0.0038026
628,10930.4,0.34087,0.27495,0.8479,0.63427,0.45487,0.57261,0.47442,0.7679,1.77967,1.01972,0.0037927,0.0037927,0.0037927
629,10947.7,0.32676,0.26786,0.84068,0.62586,0.47659,0.58116,0.48244,0.75134,1.71836,1.00102,0.0037828,0.0037828,0.0037828
630,10965,0.33828,0.27082,0.85372,0.63172,0.44805,0.58581,0.48616,0.74111,1.74901,0.99196,0.0037729,0.0037729,0.0037729
631,10982.2,0.32808,0.27397,0.84562,0.49321,0.59709,0.59723,0.49265,0.73532,1.85028,0.98476,0.003763,0.003763,0.003763
632,11000.1,0.32568,0.25757,0.84965,0.49691,0.59725,0.59076,0.49187,0.73691,1.95016,0.97949,0.0037531,0.0037531,0.0037531
633,11017.4,0.34967,0.28317,0.85955,0.63482,0.44121,0.58255,0.48605,0.73908,1.92979,0.97985,0.0037432,0.0037432,0.0037432
634,11034.7,0.31746,0.25363,0.84475,0.65586,0.44509,0.58817,0.48921,0.74648,1.99298,0.98742,0.0037333,0.0037333,0.0037333
635,11052,0.3319,0.26806,0.8504,0.69142,0.45694,0.58677,0.49155,0.74313,2.1183,0.9837,0.0037234,0.0037234,0.0037234
636,11069.2,0.33381,0.27621,0.85271,0.65828,0.44524,0.57568,0.48223,0.73256,2.09189,0.97676,0.0037135,0.0037135,0.0037135
637,11086.5,0.32903,0.27354,0.8461,0.68101,0.45669,0.57691,0.48006,0.72567,2.18976,0.97506,0.0037036,0.0037036,0.0037036
638,11103.7,0.32847,0.27851,0.85152,0.69436,0.44511,0.5644,0.47187,0.72103,2.03239,0.97478,0.0036937,0.0036937,0.0036937
639,11121,0.33295,0.26083,0.85364,0.72189,0.42316,0.56357,0.47709,0.70967,1.83993,0.9629,0.0036838,0.0036838,0.0036838
640,11138.3,0.32828,0.26708,0.84387,0.69624,0.42033,0.55773,0.47631,0.70952,1.78747,0.9606,0.0036739,0.0036739,0.0036739
641,11155.5,0.32622,0.26905,0.84876,0.69499,0.42169,0.5567,0.47734,0.72618,1.78218,0.96844,0.003664,0.003664,0.003664
642,11172.8,0.32769,0.28027,0.85695,0.66745,0.4347,0.55636,0.47381,0.72611,1.91502,0.97142,0.0036541,0.0036541,0.0036541
643,11190.1,0.34229,0.27583,0.85366,0.66567,0.44678,0.56347,0.47703,0.72696,1.92586,0.9771,0.0036442,0.0036442,0.0036442
644,11207.3,0.32894,0.26702,0.84876,0.65739,0.44212,0.56928,0.48309,0.73373,1.92238,0.98298,0.0036343,0.0036343,0.0036343
645,11224.6,0.33223,0.26469,0.846,0.6664,0.46199,0.5718,0.48261,0.73447,1.9115,0.98233,0.0036244,0.0036244,0.0036244
646,11241.8,0.32565,0.25845,0.85006,0.64853,0.47744,0.57301,0.48038,0.74643,2.09691,0.99475,0.0036145,0.0036145,0.0036145
647,11259.1,0.33149,0.2752,0.84983,0.65524,0.48203,0.57715,0.48684,0.73797,2.26939,0.989,0.0036046,0.0036046,0.0036046
648,11276.3,0.31923,0.25736,0.85712,0.65041,0.47709,0.57093,0.47914,0.73584,2.38623,0.98971,0.0035947,0.0035947,0.0035947
649,11293.6,0.3312,0.2824,0.84866,0.67028,0.45812,0.57035,0.48002,0.74192,2.42961,0.99682,0.0035848,0.0035848,0.0035848
650,11310.8,0.32233,0.25533,0.84384,0.66552,0.46776,0.57521,0.48561,0.73684,2.42637,0.99215,0.0035749,0.0035749,0.0035749
651,11328.1,0.33775,0.27207,0.85501,0.66214,0.47759,0.57644,0.48726,0.73777,2.6211,0.99338,0.003565,0.003565,0.003565
652,11345.4,0.32231,0.25593,0.84393,0.66242,0.47124,0.5847,0.49396,0.73378,2.90824,0.98795,0.0035551,0.0035551,0.0035551
653,11362.7,0.32666,0.27091,0.84023,0.66269,0.45598,0.57369,0.48976,0.73318,2.90374,0.98888,0.0035452,0.0035452,0.0035452
654,11380,0.33848,0.27278,0.85372,0.6706,0.46056,0.5759,0.49097,0.73957,2.99761,0.99508,0.0035353,0.0035353,0.0035353
655,11397.3,0.33025,0.27107,0.84333,0.6719,0.4631,0.58495,0.49179,0.74934,3.09975,1.00788,0.0035254,0.0035254,0.0035254
656,11414.6,0.33616,0.27455,0.8542,0.66792,0.45926,0.58169,0.48958,0.74712,3.1079,1.00616,0.0035155,0.0035155,0.0035155
657,11431.8,0.32191,0.26398,0.84093,0.66047,0.44546,0.57682,0.48368,0.75177,2.96416,1.00653,0.0035056,0.0035056,0.0035056
658,11449.1,0.31357,0.2455,0.85065,0.65126,0.43359,0.57114,0.48271,0.75868,2.95137,1.01649,0.0034957,0.0034957,0.0034957
659,11466.3,0.3262,0.26991,0.84349,0.65778,0.44126,0.57488,0.48123,0.76159,2.93439,1.03594,0.0034858,0.0034858,0.0034858
660,11483.6,0.33439,0.27657,0.85532,0.64098,0.45057,0.58162,0.48649,0.75052,3.05045,1.0253,0.0034759,0.0034759,0.0034759
661,11500.9,0.33314,0.27883,0.85292,0.6433,0.45599,0.58276,0.48605,0.75399,3.03553,1.03431,0.003466,0.003466,0.003466
662,11518.2,0.31423,0.26079,0.84776,0.66128,0.48025,0.58746,0.48711,0.75454,3.00246,1.0453,0.0034561,0.0034561,0.0034561
663,11535.5,0.31027,0.25375,0.83402,0.66496,0.48427,0.58783,0.49039,0.75173,2.88253,1.05227,0.0034462,0.0034462,0.0034462
664,11552.8,0.32094,0.25606,0.84164,0.66127,0.48409,0.58389,0.48977,0.75872,2.63989,1.05856,0.0034363,0.0034363,0.0034363
665,11570.1,0.31293,0.26204,0.84504,0.66184,0.47406,0.57961,0.48542,0.76405,2.37637,1.06428,0.0034264,0.0034264,0.0034264
666,11587.4,0.33157,0.27186,0.84784,0.66349,0.46657,0.57426,0.48022,0.76514,2.13471,1.06618,0.0034165,0.0034165,0.0034165
667,11604.7,0.31386,0.24467,0.84966,0.66276,0.47669,0.56601,0.47607,0.75786,2.14478,1.062,0.0034066,0.0034066,0.0034066
668,11622,0.32266,0.264,0.83949,0.66986,0.44651,0.56116,0.47341,0.75297,2.34261,1.04968,0.0033967,0.0033967,0.0033967
669,11639.2,0.32172,0.26331,0.84156,0.66466,0.46183,0.55251,0.46834,0.75131,2.71569,1.03951,0.0033868,0.0033868,0.0033868
670,11656.5,0.31493,0.25494,0.84355,0.66903,0.4583,0.55477,0.46954,0.75041,3.06269,1.045,0.0033769,0.0033769,0.0033769
671,11673.7,0.32008,0.25882,0.84448,0.67751,0.45534,0.55572,0.46924,0.75694,3.23124,1.06138,0.003367,0.003367,0.003367
672,11691,0.32675,0.26391,0.85032,0.66204,0.43699,0.55343,0.46867,0.75462,3.32101,1.05818,0.0033571,0.0033571,0.0033571
673,11708.3,0.31534,0.26052,0.83975,0.65731,0.42894,0.55638,0.47058,0.75876,3.39071,1.06044,0.0033472,0.0033472,0.0033472
674,11725.6,0.31107,0.26329,0.84337,0.65717,0.42647,0.55541,0.46648,0.75741,3.36983,1.06007,0.0033373,0.0033373,0.0033373
675,11743,0.33774,0.27936,0.86326,0.66467,0.42416,0.55471,0.46783,0.75056,3.19732,1.05288,0.0033274,0.0033274,0.0033274
676,11760.2,0.32921,0.26798,0.85152,0.62679,0.43614,0.55311,0.46628,0.75505,2.95537,1.05844,0.0033175,0.0033175,0.0033175
677,11777.4,0.31633,0.26225,0.84461,0.62808,0.43042,0.55061,0.46568,0.74898,2.76192,1.04931,0.0033076,0.0033076,0.0033076
678,11794.7,0.32613,0.26354,0.84852,0.62862,0.44153,0.54755,0.46859,0.74364,2.60513,1.04249,0.0032977,0.0032977,0.0032977
679,11812,0.30982,0.26159,0.84183,0.61608,0.42417,0.55637,0.47183,0.74785,2.40439,1.0446,0.0032878,0.0032878,0.0032878
680,11829.2,0.32531,0.2703,0.85237,0.65673,0.40147,0.5502,0.46401,0.74818,2.18554,1.04386,0.0032779,0.0032779,0.0032779
681,11846.5,0.3204,0.26077,0.8433,0.6714,0.40027,0.55028,0.46342,0.75537,2.00168,1.04965,0.003268,0.003268,0.003268
682,11863.8,0.30287,0.25212,0.84074,0.47706,0.54937,0.55512,0.46691,0.75253,1.8288,1.04677,0.0032581,0.0032581,0.0032581
683,11881.1,0.31542,0.26206,0.85052,0.47584,0.54937,0.55317,0.46515,0.75427,1.72315,1.04743,0.0032482,0.0032482,0.0032482
684,11898.3,0.31024,0.2565,0.85225,0.4692,0.54365,0.55106,0.4637,0.75291,1.6935,1.04751,0.0032383,0.0032383,0.0032383
685,11915.6,0.31284,0.26119,0.84111,0.47524,0.54921,0.55299,0.4648,0.75778,1.669,1.05104,0.0032284,0.0032284,0.0032284
686,11932.9,0.30611,0.22971,0.84302,0.48034,0.56048,0.56111,0.4712,0.76574,1.65377,1.06014,0.0032185,0.0032185,0.0032185
687,11950.1,0.30682,0.25203,0.83656,0.44824,0.56989,0.55445,0.46425,0.77497,1.65927,1.07083,0.0032086,0.0032086,0.0032086
688,11967.3,0.31821,0.25816,0.84648,0.46275,0.58116,0.55967,0.46564,0.78583,1.68267,1.07944,0.0031987,0.0031987,0.0031987
689,11984.6,0.30817,0.25588,0.84984,0.47776,0.56434,0.56195,0.46606,0.78224,1.70089,1.07679,0.0031888,0.0031888,0.0031888
690,12001.9,0.31225,0.24637,0.84991,0.47989,0.56989,0.56302,0.46648,0.77856,1.71151,1.07487,0.0031789,0.0031789,0.0031789
691,12019.2,0.31667,0.25489,0.84949,0.48021,0.57101,0.56355,0.4643,0.77576,1.71376,1.07577,0.003169,0.003169,0.003169
692,12036.4,0.31584,0.24968,0.83817,0.47537,0.57302,0.56175,0.46401,0.76916,1.71067,1.06954,0.0031591,0.0031591,0.0031591
693,12053.7,0.32783,0.2599,0.85757,0.60511,0.44328,0.56597,0.46906,0.76215,1.7163,1.06302,0.0031492,0.0031492,0.0031492
694,12071.1,0.29924,0.25384,0.83854,0.61439,0.44739,0.56537,0.46905,0.75828,1.75044,1.05921,0.0031393,0.0031393,0.0031393
695,12088.4,0.31172,0.24166,0.84408,0.61859,0.45087,0.57299,0.47412,0.75847,1.77518,1.05383,0.0031294,0.0031294,0.0031294
696,12105.6,0.30417,0.24063,0.83868,0.58886,0.46397,0.57154,0.47087,0.76696,1.78848,1.05409,0.0031195,0.0031195,0.0031195
697,12122.9,0.30087,0.24209,0.84099,0.65267,0.43523,0.57027,0.47557,0.76532,1.80597,1.04682,0.0031096,0.0031096,0.0031096
698,12140.1,0.30938,0.2545,0.84705,0.66432,0.42736,0.56907,0.47749,0.75797,1.78189,1.03595,0.0030997,0.0030997,0.0030997
699,12157.4,0.30782,0.25221,0.83888,0.68122,0.42453,0.57209,0.47757,0.75733,1.74951,1.03131,0.0030898,0.0030898,0.0030898
700,12174.6,0.30713,0.24485,0.85193,0.68884,0.41705,0.57029,0.47762,0.76115,1.76661,1.03358,0.0030799,0.0030799,0.0030799
701,12191.9,0.30712,0.24981,0.84679,0.6513,0.43617,0.56813,0.47574,0.7565,1.7944,1.02853,0.00307,0.00307,0.00307
702,12209.2,0.29814,0.24869,0.84366,0.64972,0.43255,0.56655,0.47446,0.75279,1.82152,1.02401,0.0030601,0.0030601,0.0030601
703,12226.5,0.31191,0.23881,0.84066,0.63922,0.44816,0.56555,0.47257,0.75229,1.85943,1.02465,0.0030502,0.0030502,0.0030502
704,12243.7,0.32242,0.25284,0.85154,0.52028,0.56143,0.56818,0.4761,0.75032,1.9118,1.02214,0.0030403,0.0030403,0.0030403
705,12260.9,0.30959,0.24767,0.83721,0.51869,0.55942,0.56729,0.47516,0.74599,1.96253,1.02081,0.0030304,0.0030304,0.0030304
706,12278.2,0.31583,0.24703,0.84576,0.51163,0.5537,0.56375,0.47484,0.74392,1.99283,1.01876,0.0030205,0.0030205,0.0030205
707,12295.5,0.30591,0.24205,0.84109,0.51559,0.55571,0.56768,0.47703,0.73647,1.97391,1.01649,0.0030106,0.0030106,0.0030106
708,12312.7,0.31123,0.2505,0.84892,0.64217,0.43486,0.56763,0.47697,0.74111,1.96585,1.02303,0.0030007,0.0030007,0.0030007
709,12329.9,0.31125,0.24996,0.84449,0.64288,0.43074,0.56196,0.47197,0.7433,1.95869,1.02838,0.0029908,0.0029908,0.0029908
710,12347.2,0.30189,0.24826,0.843,0.65037,0.43577,0.572,0.47985,0.74639,2.0234,1.03454,0.0029809,0.0029809,0.0029809
711,12364.4,0.2981,0.24495,0.84229,0.51365,0.56143,0.57286,0.47886,0.74687,2.03515,1.03458,0.002971,0.002971,0.002971
712,12381.7,0.30643,0.24652,0.84238,0.66529,0.42341,0.56961,0.48021,0.7502,2.08459,1.03456,0.0029611,0.0029611,0.0029611
713,12398.9,0.30407,0.25263,0.843,0.65303,0.4368,0.56367,0.4747,0.75107,2.1782,1.03386,0.0029512,0.0029512,0.0029512
714,12416.1,0.28781,0.23109,0.83323,0.65541,0.44984,0.56527,0.47533,0.74916,2.26847,1.03146,0.0029413,0.0029413,0.0029413
715,12433.4,0.30116,0.24226,0.84401,0.65699,0.45472,0.5619,0.47267,0.75096,2.33725,1.03676,0.0029314,0.0029314,0.0029314
716,12450.6,0.29964,0.2402,0.83634,0.65964,0.46085,0.56908,0.47666,0.75382,2.34775,1.04434,0.0029215,0.0029215,0.0029215
717,12467.9,0.28472,0.24039,0.82888,0.66179,0.46639,0.56455,0.47538,0.75871,2.37391,1.05331,0.0029116,0.0029116,0.0029116
718,12485.1,0.30521,0.24933,0.84147,0.66185,0.46085,0.56302,0.47421,0.75842,2.29692,1.05322,0.0029017,0.0029017,0.0029017
719,12502.4,0.29929,0.23603,0.84173,0.65314,0.45951,0.56702,0.47672,0.76237,2.28961,1.05372,0.0028918,0.0028918,0.0028918
720,12519.7,0.29433,0.24698,0.83705,0.65674,0.46588,0.56281,0.47087,0.76108,2.32055,1.05218,0.0028819,0.0028819,0.0028819
721,12536.9,0.29125,0.23446,0.83879,0.64804,0.46048,0.5554,0.46514,0.75593,2.34082,1.05026,0.002872,0.002872,0.002872
722,12554.1,0.28601,0.22729,0.83234,0.65187,0.45881,0.55259,0.46406,0.7519,2.36635,1.05062,0.0028621,0.0028621,0.0028621
723,12571.3,0.30769,0.24761,0.84675,0.66059,0.44928,0.54968,0.46348,0.75261,2.31819,1.05027,0.0028522,0.0028522,0.0028522
724,12588.5,0.3043,0.2569,0.84459,0.65347,0.44356,0.55174,0.46615,0.74695,2.17771,1.04422,0.0028423,0.0028423,0.0028423
725,12605.7,0.30412,0.24788,0.84202,0.65274,0.44179,0.55344,0.46653,0.74877,2.05716,1.04417,0.0028324,0.0028324,0.0028324
726,12623,0.30379,0.24614,0.83719,0.65839,0.44866,0.55762,0.46937,0.74769,2.02282,1.04283,0.0028225,0.0028225,0.0028225
727,12640.3,0.29704,0.24543,0.83437,0.67008,0.43152,0.55308,0.47192,0.74506,2.07335,1.04297,0.0028126,0.0028126,0.0028126
728,12657.5,0.31094,0.24676,0.85339,0.66651,0.44018,0.55214,0.47047,0.74187,2.10244,1.04202,0.0028027,0.0028027,0.0028027
729,12674.7,0.30375,0.24321,0.84607,0.66801,0.45477,0.55291,0.47181,0.74622,2.14849,1.04283,0.0027928,0.0027928,0.0027928
730,12692.6,0.30127,0.24533,0.84908,0.68143,0.47008,0.56089,0.47331,0.74479,2.19094,1.0389,0.0027829,0.0027829,0.0027829
731,12710,0.29388,0.23645,0.84042,0.67925,0.45162,0.56043,0.47389,0.74873,2.28262,1.0427,0.002773,0.002773,0.002773
732,12727.1,0.29176,0.23606,0.83411,0.68353,0.46279,0.56873,0.48138,0.74864,2.36306,1.04206,0.0027631,0.0027631,0.0027631
733,12745,0.31481,0.25152,0.85398,0.6625,0.46632,0.57065,0.48247,0.74291,2.27087,1.0416,0.0027532,0.0027532,0.0027532
734,12762.4,0.29022,0.23757,0.83222,0.6576,0.47302,0.57265,0.48121,0.74041,2.32588,1.04308,0.0027433,0.0027433,0.0027433
735,12780,0.31233,0.24356,0.85131,0.65174,0.47214,0.56926,0.48087,0.73956,2.25055,1.04578,0.0027334,0.0027334,0.0027334
736,12797.6,0.30603,0.25191,0.84469,0.65497,0.48283,0.57078,0.481,0.74275,2.28692,1.04982,0.0027235,0.0027235,0.0027235
737,12815.1,0.30414,0.24908,0.8355,0.65963,0.48906,0.57402,0.48192,0.7404,2.22853,1.04736,0.0027136,0.0027136,0.0027136
738,12832.5,0.29563,0.23858,0.83159,0.66972,0.48941,0.575,0.4847,0.735,2.41651,1.04443,0.0027037,0.0027037,0.0027037
739,12850,0.28836,0.23293,0.84149,0.64485,0.46892,0.5843,0.4933,0.73474,2.52273,1.04769,0.0026938,0.0026938,0.0026938
740,12867.8,0.30851,0.2536,0.83357,0.63188,0.46094,0.57799,0.48811,0.73591,2.58389,1.04633,0.0026839,0.0026839,0.0026839
741,12885.5,0.29224,0.243,0.82881,0.57801,0.50889,0.58055,0.49049,0.73371,2.52515,1.04406,0.002674,0.002674,0.002674
742,12903,0.31045,0.26579,0.85131,0.63772,0.45575,0.57707,0.48771,0.73086,2.4618,1.03613,0.0026641,0.0026641,0.0026641
743,12920.7,0.29677,0.24102,0.84461,0.63668,0.44148,0.57709,0.48894,0.73386,2.27475,1.04004,0.0026542,0.0026542,0.0026542
744,12938.3,0.30084,0.24564,0.84135,0.66751,0.43168,0.5693,0.48479,0.73789,2.18863,1.04047,0.0026443,0.0026443,0.0026443
745,12955.9,0.2965,0.24239,0.83781,0.66388,0.42492,0.56831,0.4837,0.73696,2.25684,1.03654,0.0026344,0.0026344,0.0026344
746,12973.5,0.29426,0.24028,0.83616,0.66918,0.43301,0.56962,0.48543,0.73044,2.26893,1.0286,0.0026245,0.0026245,0.0026245
747,12991.1,0.29838,0.23642,0.83865,0.6775,0.43306,0.5648,0.48344,0.72914,2.14075,1.02884,0.0026146,0.0026146,0.0026146
748,13008.7,0.30893,0.25212,0.84781,0.66138,0.42988,0.56419,0.48355,0.73081,2.03964,1.03266,0.0026047,0.0026047,0.0026047
749,13026.3,0.29544,0.24767,0.83859,0.66837,0.43724,0.56247,0.48097,0.72663,1.97497,1.03066,0.0025948,0.0025948,0.0025948
750,13043.9,0.30255,0.23997,0.83821,0.67168,0.43589,0.55925,0.47623,0.72401,1.90247,1.03159,0.0025849,0.0025849,0.0025849
751,13061.8,0.29418,0.23744,0.83705,0.6721,0.43559,0.55801,0.47884,0.72194,1.84654,1.03162,0.002575,0.002575,0.002575
752,13079.3,0.27545,0.22171,0.82984,0.67665,0.43754,0.55682,0.47632,0.71914,1.75169,1.03042,0.0025651,0.0025651,0.0025651
753,13097,0.29698,0.23962,0.8361,0.67533,0.44132,0.55813,0.47597,0.72038,1.72794,1.0305,0.0025552,0.0025552,0.0025552
754,13114.5,0.2897,0.24143,0.83534,0.6778,0.42835,0.55556,0.47389,0.7235,1.73841,1.03194,0.0025453,0.0025453,0.0025453
755,13132.4,0.29049,0.23016,0.82923,0.67436,0.41904,0.55087,0.4699,0.71915,1.72178,1.03034,0.0025354,0.0025354,0.0025354
756,13150.1,0.29447,0.23898,0.84128,0.66997,0.41317,0.54629,0.46574,0.7244,1.73441,1.03097,0.0025255,0.0025255,0.0025255
757,13167.5,0.28194,0.24243,0.82827,0.67487,0.42589,0.54686,0.46413,0.72772,1.7448,1.03592,0.0025156,0.0025156,0.0025156
758,13185.8,0.29568,0.24157,0.82936,0.67668,0.43723,0.55008,0.46697,0.72958,1.75451,1.03857,0.0025057,0.0025057,0.0025057
759,13203.4,0.29901,0.24037,0.845,0.67776,0.43966,0.54688,0.46117,0.73202,1.77829,1.03921,0.0024958,0.0024958,0.0024958
760,13221.1,0.27447,0.22336,0.8291,0.68766,0.43176,0.54782,0.45992,0.729,1.77445,1.03556,0.0024859,0.0024859,0.0024859
761,13238.6,0.28221,0.22615,0.83339,0.66755,0.44123,0.55655,0.46651,0.7319,1.78955,1.0355,0.002476,0.002476,0.002476
762,13256.4,0.29235,0.23599,0.83949,0.65595,0.43412,0.55037,0.46626,0.73409,1.80543,1.03386,0.0024661,0.0024661,0.0024661
763,13274.2,0.28419,0.23241,0.8402,0.64692,0.42936,0.5492,0.46263,0.73449,1.81639,1.03345,0.0024562,0.0024562,0.0024562
764,13292.2,0.28581,0.2281,0.84341,0.64709,0.42727,0.55102,0.46564,0.73762,1.82134,1.03383,0.0024463,0.0024463,0.0024463
765,13310.2,0.28305,0.22298,0.83029,0.65957,0.42566,0.54941,0.46611,0.7446,1.83555,1.03603,0.0024364,0.0024364,0.0024364
766,13327.8,0.29903,0.24443,0.84334,0.65523,0.42688,0.54464,0.4621,0.75087,1.90188,1.03917,0.0024265,0.0024265,0.0024265
767,13345.3,0.2839,0.2194,0.83513,0.64915,0.4258,0.54044,0.45944,0.75396,1.988,1.04048,0.0024166,0.0024166,0.0024166
768,13362.9,0.29442,0.25293,0.84467,0.64617,0.42652,0.54201,0.45935,0.75878,2.07775,1.04357,0.0024067,0.0024067,0.0024067
769,13380.5,0.27258,0.22285,0.82265,0.64552,0.42688,0.54504,0.46138,0.76146,2.1178,1.04768,0.0023968,0.0023968,0.0023968
770,13398.1,0.28381,0.22919,0.83476,0.64752,0.42766,0.54351,0.46071,0.7598,2.1112,1.04633,0.0023869,0.0023869,0.0023869
771,13415.7,0.28863,0.23425,0.83868,0.63857,0.4139,0.53986,0.45676,0.75945,2.10926,1.04832,0.002377,0.002377,0.002377
772,13433.6,0.28117,0.22592,0.83449,0.64058,0.41336,0.53808,0.45559,0.75516,2.14993,1.04391,0.0023671,0.0023671,0.0023671
773,13451.3,0.28263,0.22658,0.83504,0.64434,0.41418,0.53609,0.45688,0.76016,2.21074,1.04556,0.0023572,0.0023572,0.0023572
774,13469,0.29335,0.22794,0.84693,0.64754,0.41937,0.53789,0.45664,0.75586,2.19723,1.04538,0.0023473,0.0023473,0.0023473
775,13486.6,0.28024,0.22736,0.82851,0.6503,0.41922,0.5429,0.46132,0.7511,2.24365,1.04221,0.0023374,0.0023374,0.0023374
776,13504.4,0.28847,0.23366,0.84553,0.64985,0.42157,0.54615,0.46351,0.74859,2.32503,1.04119,0.0023275,0.0023275,0.0023275
777,13522.1,0.27724,0.21604,0.83473,0.64871,0.42954,0.54623,0.46474,0.74378,2.30444,1.03433,0.0023176,0.0023176,0.0023176
778,13539.4,0.28748,0.2249,0.84478,0.64622,0.43185,0.54623,0.46544,0.73952,2.35323,1.03281,0.0023077,0.0023077,0.0023077
779,13556.7,0.28602,0.2294,0.84099,0.64561,0.43185,0.5481,0.4657,0.74083,2.43684,1.03616,0.0022978,0.0022978,0.0022978
780,13574,0.28213,0.23506,0.826,0.66175,0.43427,0.55946,0.46882,0.74341,2.60462,1.0395,0.0022879,0.0022879,0.0022879
781,13591.3,0.27444,0.22912,0.83488,0.65831,0.43359,0.55477,0.46502,0.73882,2.7307,1.03388,0.002278,0.002278,0.002278
782,13608.6,0.28303,0.22445,0.83776,0.6644,0.43069,0.55627,0.46644,0.74209,2.85253,1.0357,0.0022681,0.0022681,0.0022681
783,13625.9,0.26298,0.21771,0.83297,0.65787,0.43119,0.56065,0.47056,0.74437,2.92612,1.03772,0.0022582,0.0022582,0.0022582
784,13643.3,0.27962,0.225,0.82553,0.6514,0.43125,0.5625,0.47183,0.74472,2.96957,1.03866,0.0022483,0.0022483,0.0022483
785,13661.3,0.27735,0.23051,0.83132,0.6505,0.43159,0.56325,0.4735,0.74394,2.98206,1.03837,0.0022384,0.0022384,0.0022384
786,13679,0.2763,0.22693,0.83604,0.64896,0.43122,0.56892,0.47774,0.74313,3.00235,1.0371,0.0022285,0.0022285,0.0022285
787,13696.5,0.281,0.23275,0.82484,0.64658,0.43134,0.5694,0.47928,0.74629,3.04482,1.03757,0.0022186,0.0022186,0.0022186
788,13714.3,0.28065,0.23046,0.83338,0.6534,0.43473,0.56613,0.47748,0.7404,3.0693,1.02999,0.0022087,0.0022087,0.0022087
789,13732.3,0.27767,0.22964,0.82815,0.6529,0.43439,0.56876,0.47859,0.73935,3.06005,1.0277,0.0021988,0.0021988,0.0021988
790,13750.2,0.2772,0.2255,0.83864,0.6518,0.43278,0.57194,0.48122,0.73721,3.07131,1.02368,0.0021889,0.0021889,0.0021889
791,13767.7,0.27499,0.23104,0.83541,0.65461,0.43187,0.5734,0.47983,0.73441,2.99926,1.02216,0.002179,0.002179,0.002179
792,13785.1,0.26503,0.21514,0.82238,0.65099,0.45209,0.5756,0.48205,0.7351,3.01941,1.02152,0.0021691,0.0021691,0.0021691
793,13802.5,0.265,0.21352,0.82783,0.66048,0.44544,0.57519,0.4834,0.73482,2.99315,1.02082,0.0021592,0.0021592,0.0021592
794,13819.9,0.27221,0.22331,0.82963,0.66017,0.45178,0.57578,0.48256,0.74128,3.02307,1.02681,0.0021493,0.0021493,0.0021493
795,13837.6,0.29171,0.23747,0.83819,0.66678,0.4533,0.57642,0.48191,0.74433,3.0413,1.03126,0.0021394,0.0021394,0.0021394
796,13854.8,0.26538,0.21641,0.83391,0.69941,0.44011,0.57736,0.48404,0.74794,3.06282,1.03509,0.0021295,0.0021295,0.0021295
797,13877.6,0.28078,0.21955,0.83309,0.69871,0.44476,0.5728,0.48053,0.74731,3.07836,1.03727,0.0021196,0.0021196,0.0021196
798,13896.9,0.28613,0.22957,0.83764,0.69233,0.4395,0.56879,0.47663,0.74691,3.12149,1.03533,0.0021097,0.0021097,0.0021097
799,13914.3,0.27628,0.22479,0.82278,0.68416,0.45356,0.56592,0.47603,0.75355,3.06948,1.03855,0.0020998,0.0020998,0.0020998
800,13931.9,0.2723,0.21126,0.82779,0.68788,0.44101,0.56515,0.47595,0.7538,3.10499,1.03848,0.0020899,0.0020899,0.0020899
801,13949.5,0.2807,0.23561,0.83826,0.68985,0.44011,0.56236,0.47529,0.7535,3.12832,1.03784,0.00208,0.00208,0.00208
802,13967.4,0.2604,0.20719,0.8321,0.69246,0.4439,0.55834,0.47174,0.75303,3.15905,1.03898,0.0020701,0.0020701,0.0020701
803,13984.6,0.26839,0.22197,0.83187,0.69169,0.44027,0.55871,0.47413,0.75488,3.24057,1.04168,0.0020602,0.0020602,0.0020602
804,14001.8,0.26829,0.21821,0.83222,0.69019,0.43255,0.56213,0.47512,0.75196,3.3278,1.04021,0.0020503,0.0020503,0.0020503
805,14019.1,0.27292,0.2298,0.83458,0.68827,0.44097,0.55935,0.47369,0.75004,3.38684,1.04037,0.0020404,0.0020404,0.0020404
806,14036.3,0.2738,0.21857,0.82467,0.67823,0.44181,0.56092,0.47551,0.74925,3.39147,1.04092,0.0020305,0.0020305,0.0020305
807,14053.6,0.27412,0.21794,0.84039,0.66415,0.4428,0.56085,0.47384,0.74751,3.3776,1.04158,0.0020206,0.0020206,0.0020206
808,14070.8,0.27397,0.2127,0.82911,0.66597,0.44121,0.5541,0.4709,0.75074,3.37973,1.04543,0.0020107,0.0020107,0.0020107
809,14088.1,0.27533,0.22572,0.84125,0.64009,0.43263,0.54875,0.46914,0.75077,3.33368,1.04546,0.0020008,0.0020008,0.0020008
810,14105.3,0.27235,0.22254,0.8368,0.63521,0.42774,0.55138,0.47051,0.7535,3.33333,1.04666,0.0019909,0.0019909,0.0019909
811,14122.6,0.2747,0.21876,0.83497,0.63747,0.43209,0.5501,0.46956,0.75016,3.30452,1.04451,0.001981,0.001981,0.001981
812,14139.8,0.27741,0.23381,0.83909,0.63599,0.43305,0.55135,0.46999,0.74801,3.26061,1.04142,0.0019711,0.0019711,0.0019711
813,14157.2,0.27959,0.23086,0.8339,0.64103,0.43985,0.55353,0.47184,0.74855,3.21834,1.04154,0.0019612,0.0019612,0.0019612
814,14174.6,0.27369,0.22056,0.83188,0.64406,0.4428,0.55273,0.47274,0.74926,3.21996,1.04305,0.0019513,0.0019513,0.0019513
815,14191.8,0.26882,0.22306,0.83746,0.63904,0.44268,0.55298,0.4719,0.74621,3.11382,1.04011,0.0019414,0.0019414,0.0019414
816,14209,0.26661,0.22411,0.83258,0.64103,0.43802,0.55326,0.47271,0.74529,3.10685,1.03949,0.0019315,0.0019315,0.0019315
817,14226.2,0.27051,0.20916,0.82623,0.63815,0.43741,0.55447,0.47292,0.74675,3.23775,1.04083,0.0019216,0.0019216,0.0019216
818,14243.4,0.26133,0.20937,0.8258,0.64374,0.43426,0.55771,0.47509,0.74806,3.29292,1.04392,0.0019117,0.0019117,0.0019117
819,14260.7,0.26081,0.2091,0.82897,0.64196,0.43288,0.56,0.47657,0.75108,3.34464,1.04635,0.0019018,0.0019018,0.0019018
820,14277.9,0.2771,0.22353,0.83421,0.64157,0.436,0.55895,0.47414,0.74747,3.35922,1.04379,0.0018919,0.0018919,0.0018919
821,14295.1,0.2687,0.21651,0.83642,0.64382,0.43783,0.55573,0.47189,0.74825,3.40645,1.04413,0.001882,0.001882,0.001882
822,14312.4,0.25996,0.2213,0.8306,0.72012,0.40068,0.55207,0.46896,0.7483,3.41516,1.04525,0.0018721,0.0018721,0.0018721
823,14329.7,0.25874,0.20688,0.82241,0.72047,0.39954,0.55484,0.47061,0.74521,3.38532,1.04458,0.0018622,0.0018622,0.0018622
824,14346.9,0.26617,0.22232,0.8367,0.65443,0.43032,0.55451,0.4718,0.73857,3.35484,1.04038,0.0018523,0.0018523,0.0018523
825,14364.1,0.25764,0.21152,0.83822,0.70665,0.40807,0.55245,0.47175,0.73636,3.3325,1.03705,0.0018424,0.0018424,0.0018424
826,14381.4,0.27354,0.21158,0.83601,0.70751,0.4089,0.55364,0.46983,0.73524,3.31937,1.03585,0.0018325,0.0018325,0.0018325
827,14398.6,0.26373,0.21364,0.832,0.70882,0.41371,0.55498,0.472,0.73638,3.30034,1.03723,0.0018226,0.0018226,0.0018226
828,14415.9,0.25053,0.19895,0.82166,0.70804,0.41303,0.55585,0.47041,0.74075,3.29851,1.04071,0.0018127,0.0018127,0.0018127
829,14433.1,0.2621,0.21323,0.82226,0.66465,0.42461,0.55715,0.4697,0.7461,3.3264,1.04682,0.0018028,0.0018028,0.0018028
830,14450.4,0.25625,0.20434,0.82552,0.66629,0.42397,0.5569,0.46993,0.74411,3.3326,1.04621,0.0017929,0.0017929,0.0017929
831,14467.7,0.26303,0.22177,0.83224,0.67608,0.421,0.5599,0.47406,0.74323,3.35324,1.04755,0.001783,0.001783,0.001783
